Unnamed: 0,NOME,FAZ,TAL,tipocorte,variedad,madurada,producto,dosismad,semsmad,edad,cortes,me,vejez,sacarosa,mes,periodo,TCH,lluvias,grupo_tenencia,pct_diatrea,Categoria_TCH,Categoria_Sacarosa
11,AMAIME SILCA,81291,40,Mecanizado Verde,CC01-1940,SI,BONUS 250 EC REGULADOR FISIOLÓGICO,0.8,8.3,12.3,4,12.7,2.4,14.0,12,202012,112,137,3,6.2,Bajo,Alto
12,AMAIME SILCA,81291,41,Mecanizado Verde,CC01-1940,SI,BONUS 250 EC REGULADOR FISIOLÓGICO,0.8,6.3,11.2,2,7.8,2.3,13.0,3,201903,157,0,3,3.5,Alto,Medio
13,AMAIME SILCA,81291,41,Mecanizado Verde,CC01-1940,SI,BONUS 250 EC REGULADOR FISIOLÓGICO,0.6,7.9,12.2,3,8.8,1.8,13.3,3,202003,167,68,3,4.3,Alto,Alto
15,AMAIME SILCA,81291,43,Mecanizado Verde,CC01-1940,SI,BONUS 250 EC REGULADOR FISIOLÓGICO,0.8,6.6,13.1,1,6.1,2.5,13.4,3,201903,156,0,3,3.5,Alto,Alto
16,AMAIME SILCA,81291,43,Mecanizado Verde,CC01-1940,SI,BONUS 250 EC REGULADOR FISIOLÓGICO,0.6,8.1,12.2,2,7.9,2.1,14.0,3,202003,151,68,3,4.3,Medio,Alto
22,ARANJUEZ,80552,1,Mecanizado Verde,CC01-1940,SI,BONUS 250 EC REGULADOR FISIOLÓGICO,1.2,7.6,12.8,1,8.2,12.3,12.8,1,201901,155,10,3,4.4,Alto,Medio
23,ARANJUEZ,80552,1,Mecanizado Verde,CC01-1940,SI,BONUS 250 EC REGULADOR FISIOLÓGICO,1.2,8.4,12.1,2,8.3,2.7,12.5,1,202001,115,8,3,4.4,Bajo,Medio
24,ARANJUEZ,80552,1,Mecanizado Verde,CC01-1940,SI,BONUS 250 EC REGULADOR FISIOLÓGICO,0.8,6.0,11.8,3,12.4,2.4,12.9,1,202101,146,134,3,4.4,Medio,Medio
25,ARANJUEZ,80552,2,Mecanizado Verde,CC01-1940,SI,BONUS 250 EC REGULADOR FISIOLÓGICO,1.2,8.9,12.2,2,10.4,12.5,12.6,1,202001,145,8,3,4.4,Medio,Medio
26,ARANJUEZ,80552,2,Mecanizado Verde,CC01-1940,SI,BONUS 250 EC REGULADOR FISIOLÓGICO,0.8,6.7,11.9,3,9.5,2.2,12.7,1,202101,138,119,3,4.4,Medio,Medio
28,ARANJUEZ,80552,3,Mecanizado Verde,CC01-1940,SI,BONUS 250 EC REGULADOR FISIOLÓGICO,1.2,7.7,12.4,1,12.1,4.1,12.5,1,201901,157,0,3,4.4,Alto,Medio
29,ARANJUEZ,80552,3,Mecanizado Verde,CC01-1940,SI,BONUS 250 EC REGULADOR FISIOLÓGICO,1.2,8.4,12.1,2,10.1,2.9,13.3,1,202001,116,8,3,4.4,Bajo,Alto
30,ARANJUEZ,80552,3,Mecanizado Verde,CC01-1940,SI,BONUS 250 EC REGULADOR FISIOLÓGICO,0.8,6.1,11.8,3,10.3,2.3,12.9,1,202101,155,134,3,4.4,Alto,Medio
31,ARANJUEZ,80552,4,Mecanizado Verde,CC01-1940,SI,BONUS 250 EC REGULADOR FISIOLÓGICO,1.2,8.7,12.1,2,10.7,8.3,12.3,1,202001,147,8,3,4.4,Medio,Bajo
32,ARANJUEZ,80552,4,Mecanizado Verde,CC01-1940,SI,BONUS 250 EC REGULADOR FISIOLÓGICO,0.8,7.0,12.0,3,9.6,2.9,12.7,1,202101,144,134,3,4.4,Medio,Medio
34,ARANJUEZ,80552,5,Mecanizado Verde,CC01-1940,SI,BONUS 250 EC REGULADOR FISIOLÓGICO,1.2,8.0,12.3,1,9.4,6.7,12.5,1,201901,147,0,3,4.4,Medio,Medio
35,ARANJUEZ,80552,5,Mecanizado Verde,CC01-1940,SI,BONUS 250 EC REGULADOR FISIOLÓGICO,1.2,8.6,12.0,2,7.5,2.0,13.3,1,202001,116,8,3,4.4,Bajo,Alto
36,ARANJUEZ,80552,5,Mecanizado Verde,CC01-1940,SI,BONUS 250 EC REGULADOR FISIOLÓGICO,0.8,6.3,11.8,3,11.2,2.2,13.1,1,202101,153,134,3,4.4,Medio,Medio
37,ARANJUEZ,80552,6,Mecanizado Verde,CC01-1940,SI,BONUS 250 EC REGULADOR FISIOLÓGICO,1.2,13.1,13.1,1,6.3,8.1,13.1,9,201709,151,0,3,7.7,Medio,Medio
38,ARANJUEZ,80552,6,Mecanizado Verde,CC01-1940,SI,BONUS 250 EC REGULADOR FISIOLÓGICO,0.8,9.3,12.0,4,9.2,3.5,12.9,9,202009,141,54,3,5.1,Medio,Medio
39,ARANJUEZ,80552,7,Mecanizado Verde,CC01-1940,SI,BONUS 250 EC REGULADOR FISIOLÓGICO,1.2,13.3,13.4,1,7.1,8.6,11.9,9,201709,139,0,3,7.7,Medio,Bajo
40,ARANJUEZ,80552,7,Mecanizado Verde,CC01-1940,SI,BONUS 250 EC REGULADOR FISIOLÓGICO,1.2,9.7,12.2,3,6.8,2.2,13.3,9,201909,152,0,3,3.7,Medio,Alto
41,ARANJUEZ,80552,7,Mecanizado Verde,CC01-1940,SI,BONUS 250 EC REGULADOR FISIOLÓGICO,0.8,9.4,11.7,4,8.1,2.3,13.7,9,202009,136,30,3,2.9,Medio,Alto
42,ARANJUEZ,80552,8,Mecanizado Verde,CC01-1940,SI,BONUS 250 EC REGULADOR FISIOLÓGICO,1.2,12.9,13.9,1,5.9,3.7,13.6,9,201709,138,0,3,11.0,Medio,Alto
43,ARANJUEZ,80552,8,Mecanizado Verde,CC01-1940,SI,BONUS 250 EC REGULADOR FISIOLÓGICO,1.2,8.1,11.9,3,11.0,8.2,12.9,9,201909,155,0,3,4.4,Alto,Medio
44,ARANJUEZ,80552,8,Mecanizado Verde,CC01-1940,SI,BONUS 250 EC REGULADOR FISIOLÓGICO,0.8,9.9,12.2,4,7.1,3.2,12.9,9,202009,130,54,3,1.3,Bajo,Medio
45,ARANJUEZ,80552,9,Mecanizado Verde,CC01-1940,SI,BONUS 250 EC REGULADOR FISIOLÓGICO,1.2,13.0,13.8,1,4.4,2.4,13.3,9,201709,155,0,3,7.7,Alto,Alto
46,ARANJUEZ,80552,9,Mecanizado Verde,CC01-1940,SI,BONUS 250 EC REGULADOR FISIOLÓGICO,1.0,7.7,11.8,2,8.9,2.3,12.6,9,201809,157,113,3,4.1,Alto,Medio
47,ARANJUEZ,80552,9,Mecanizado Verde,CC01-1940,SI,BONUS 250 EC REGULADOR FISIOLÓGICO,1.2,8.3,12.0,3,6.5,13.7,12.1,9,201909,150,0,3,3.7,Medio,Bajo
48,ARANJUEZ,80552,9,Mecanizado Verde,CC01-1940,SI,BONUS 250 EC REGULADOR FISIOLÓGICO,0.8,9.4,12.0,4,8.0,2.3,13.0,9,202009,127,54,3,1.9,Bajo,Medio
50,ARANJUEZ,80552,10,Mecanizado Verde,CC01-1940,SI,BONUS 250 EC REGULADOR FISIOLÓGICO,0.8,9.0,12.6,1,9.5,6.8,13.0,11,201811,176,135,3,4.4,Alto,Medio
51,ARANJUEZ,80552,10,Mecanizado Verde,CC01-1940,SI,BONUS 250 EC REGULADOR FISIOLÓGICO,1.2,9.0,14.0,2,9.6,2.6,12.0,1,202001,173,8,3,4.4,Alto,Bajo
52,ARANJUEZ,80552,10,Mecanizado Verde,CC01-1940,SI,BONUS 250 EC REGULADOR FISIOLÓGICO,0.8,7.1,11.9,3,8.2,2.9,12.8,1,202101,139,119,3,4.4,Medio,Medio
53,ARANJUEZ,80552,11,Mecanizado Verde,CC01-1940,SI,BONUS 250 EC REGULADOR FISIOLÓGICO,0.8,9.1,12.5,1,9.7,4.1,13.1,11,201811,183,135,3,4.4,Alto,Medio
54,ARANJUEZ,80552,11,Mecanizado Verde,CC01-1940,SI,BONUS 250 EC REGULADOR FISIOLÓGICO,1.2,9.1,14.0,2,9.4,2.7,12.4,1,202001,169,8,3,4.4,Alto,Bajo
55,ARANJUEZ,80552,12,Mecanizado Verde,CC01-1940,SI,BONUS 250 EC REGULADOR FISIOLÓGICO,0.8,9.3,12.5,1,9.2,7.4,13.7,11,201811,160,135,3,4.4,Alto,Alto
56,ARANJUEZ,80552,12,Mecanizado Verde,CC01-1940,SI,BONUS 250 EC REGULADOR FISIOLÓGICO,1.2,9.3,14.0,2,8.9,2.0,12.5,1,202001,176,8,3,4.4,Alto,Medio
57,ARANJUEZ,80552,12,Mecanizado Verde,CC01-1940,SI,BONUS 250 EC REGULADOR FISIOLÓGICO,0.8,7.9,12.0,3,9.8,2.7,12.9,1,202101,138,104,3,4.4,Medio,Medio
58,AURORA CUCALON,80601,990,Mecanizado Verde,CC01-1940,SI,BONUS 250 EC REGULADOR FISIOLÓGICO,1.0,8.0,13.1,1,12.4,1.5,13.1,4,201604,138,199,3,3.7,Medio,Medio
59,AURORA CUCALON,80601,990,Mecanizado Verde,CC01-1940,SI,BONUS 250 EC REGULADOR FISIOLÓGICO,1.4,7.4,12.1,3,9.4,17.9,12.8,6,201806,116,315,3,4.0,Bajo,Medio
60,AURORA CUCALON,80601,990,Mecanizado Verde,CC01-1940,SI,BONUS 250 EC REGULADOR FISIOLÓGICO,1.0,11.9,13.0,4,8.9,1.9,12.5,7,201907,113,320,3,4.8,Bajo,Medio
61,AURORA CUCALON,80601,990,Mecanizado Verde,CC01-1940,SI,BONUS 250 EC REGULADOR FISIOLÓGICO,0.8,6.1,11.5,5,10.0,1.2,12.3,6,202006,98,62,3,2.6,Bajo,Bajo
62,AURORA CUCALON,80601,990A,Mecanizado Verde,CC01-1940,SI,BONUS 250 EC REGULADOR FISIOLÓGICO,0.8,5.3,11.8,2,10.3,14.4,10.8,5,201605,119,464,3,5.2,Bajo,Bajo
63,AURORA CUCALON,80601,990A,Mecanizado Verde,CC01-1940,SI,BONUS 250 EC REGULADOR FISIOLÓGICO,1.4,6.9,12.0,4,7.7,19.2,12.0,5,201805,109,315,3,4.0,Bajo,Bajo
64,AURORA CUCALON,80601,990A,Mecanizado Verde,CC01-1940,SI,BONUS 250 EC REGULADOR FISIOLÓGICO,1.0,12.3,13.2,5,9.4,1.7,13.1,7,201907,126,345,3,4.8,Bajo,Medio
65,AURORA CUCALON,80601,990A,Mecanizado Verde,CC01-1940,SI,BONUS 250 EC REGULADOR FISIOLÓGICO,0.8,5.9,11.3,6,10.1,1.2,13.0,6,202006,110,62,3,2.6,Bajo,Medio
66,AURORA CUCALON,80601,991,Mecanizado Verde,CC01-1940,SI,BONUS 250 EC REGULADOR FISIOLÓGICO,0.8,11.4,12.7,2,9.7,1.9,14.8,9,201509,150,42,3,2.3,Medio,Alto
70,AURORA CUCALON,80601,991B,Mecanizado Verde,CC01-1940,SI,BONUS 250 EC REGULADOR FISIOLÓGICO,1.5,8.3,14.3,1,8.1,15.3,13.4,8,201808,144,331,3,5.6,Medio,Alto
71,AURORA CUCALON,80601,991B,Mecanizado Verde,CC01-1940,SI,BONUS 250 EC REGULADOR FISIOLÓGICO,1.2,15.1,13.8,2,8.5,1.5,13.2,10,201910,123,160,3,3.1,Bajo,Alto
72,AURORA CUCALON,80601,991B,Mecanizado Verde,CC01-1940,SI,BONUS 250 EC REGULADOR FISIOLÓGICO,0.8,10.9,12.5,3,8.7,2.5,14.0,10,202010,114,118,3,3.1,Bajo,Alto
73,AURORA CUCALON,80601,991C,Mecanizado Verde,CC01-1940,SI,BONUS 250 EC REGULADOR FISIOLÓGICO,1.0,11.9,12.8,6,11.4,7.6,12.9,12,201912,112,369,3,3.1,Bajo,Medio
74,AURORA CUCALON,80601,991C,Mecanizado Verde,CC01-1940,SI,BONUS 250 EC REGULADOR FISIOLÓGICO,1.0,10.9,13.5,7,11.0,1.6,12.6,1,202101,127,203,3,3.1,Bajo,Medio
75,AURORA CUCALON,80601,991D,Mecanizado Verde,CC01-1940,SI,BONUS 250 EC REGULADOR FISIOLÓGICO,1.0,11.3,12.6,3,10.1,1.6,12.5,10,201610,138,192,3,3.1,Medio,Medio
76,AURORA CUCALON,80601,991D,Mecanizado Verde,CC01-1940,SI,BONUS 250 EC REGULADOR FISIOLÓGICO,1.2,15.1,13.8,6,8.3,3.7,13.4,10,201910,136,131,3,3.1,Medio,Alto
77,AURORA CUCALON,80601,991D,Mecanizado Verde,CC01-1940,SI,BONUS 250 EC REGULADOR FISIOLÓGICO,0.8,11.0,12.5,7,13.4,2.0,13.6,10,202010,117,69,3,3.1,Bajo,Alto
78,AURORA CUCALON,80601,991E,Mecanizado Verde,CC01-1940,SI,BONUS 250 EC REGULADOR FISIOLÓGICO,1.0,9.7,11.9,5,9.9,1.5,13.4,2,201902,117,10,3,4.8,Bajo,Alto
79,AURORA CUCALON,80601,991G,Mecanizado Verde,CC01-1940,SI,BONUS 250 EC REGULADOR FISIOLÓGICO,1.5,8.4,12.8,5,9.6,0.8,12.8,8,201808,130,65,3,5.5,Bajo,Medio
86,BARCELONA,80492,6,Mecanizado Verde,CC01-1940,SI,BONUS 250 EC REGULADOR FISIOLÓGICO,1.2,6.1,14.3,2,7.8,1.3,12.2,12,201712,116,0,3,1.4,Bajo,Bajo
87,BARCELONA,80492,6,Mecanizado Verde,CC01-1940,SI,BONUS 250 EC REGULADOR FISIOLÓGICO,1.0,7.9,12.7,4,9.3,1.5,12.9,1,202001,113,0,3,3.0,Bajo,Medio
88,BARCELONA,80492,8,Mecanizado Verde,CC01-1940,SI,BONUS 250 EC REGULADOR FISIOLÓGICO,0.5,9.1,12.1,3,8.2,1.5,13.0,9,202009,111,0,3,1.7,Bajo,Medio
89,BARCELONA,80492,9,Mecanizado Verde,CC01-1940,SI,BONUS 250 EC REGULADOR FISIOLÓGICO,0.8,8.3,12.2,3,9.1,1.3,12.9,12,201812,114,0,3,3.0,Bajo,Medio
90,BARCELONA,80492,9,Mecanizado Verde,CC01-1940,SI,BONUS 250 EC REGULADOR FISIOLÓGICO,1.2,4.7,11.3,4,7.6,1.7,12.5,11,201911,115,0,3,3.0,Bajo,Medio
98,BERLIN TENORIO,81132,1,Mecanizado Verde,CC01-1940,SI,BONUS 250 EC REGULADOR FISIOLÓGICO,1.0,7.7,12.5,1,8.2,4.7,12.4,5,201905,185,0,3,4.1,Alto,Bajo
99,BERLIN TENORIO,81132,1,Mecanizado Verde,CC01-1940,SI,BONUS 250 EC REGULADOR FISIOLÓGICO,0.5,6.7,11.5,2,8.6,1.5,11.9,4,202004,163,0,3,3.9,Alto,Bajo
105,BETANIA,80108,314,Mecanizado Verde,CC01-1940,SI,BONUS 250 EC REGULADOR FISIOLÓGICO,1.0,5.3,11.5,3,13.3,27.9,11.0,6,201906,90,214,1,4.7,Bajo,Bajo
106,BETANIA,80108,314,Mecanizado Verde,CC01-1940,SI,BONUS 250 EC REGULADOR FISIOLÓGICO,0.8,5.6,11.4,4,10.9,1.5,12.1,6,202006,101,67,1,6.8,Bajo,Bajo
110,BETANIA,80108,320,Mecanizado Verde,CC01-1940,SI,BONUS 250 EC REGULADOR FISIOLÓGICO,1.3,11.4,14.8,3,8.3,5.3,12.2,3,201803,145,509,1,10.6,Medio,Bajo
111,BETANIA,80108,320,Mecanizado Verde,CC01-1940,SI,BONUS 250 EC REGULADOR FISIOLÓGICO,0.8,7.7,12.0,4,9.6,1.5,14.3,3,201903,92,81,1,2.8,Bajo,Alto
112,BETANIA,80108,320,Mecanizado Verde,CC01-1940,SI,BONUS 250 EC REGULADOR FISIOLÓGICO,0.8,8.9,12.2,5,7.1,1.4,12.6,3,202003,102,128,1,2.8,Bajo,Medio
113,BETANIA,80108,320B,Mecanizado Verde,CC01-1940,SI,BONUS 250 EC REGULADOR FISIOLÓGICO,1.1,7.6,12.6,5,7.7,17.9,12.6,5,201805,137,268,1,5.9,Medio,Medio
114,BETANIA,80108,320B,Mecanizado Verde,CC01-1940,SI,BONUS 250 EC REGULADOR FISIOLÓGICO,1.2,6.0,11.4,6,9.6,1.7,11.1,4,201904,132,221,1,4.7,Bajo,Bajo
115,BETANIA,80108,320B,Mecanizado Verde,CC01-1940,SI,BONUS 250 EC REGULADOR FISIOLÓGICO,1.2,7.3,11.9,7,9.4,1.3,12.0,4,202004,130,261,1,3.6,Bajo,Bajo
118,BETANIA,80108,321,Mecanizado Verde,CC01-1940,SI,BONUS 250 EC REGULADOR FISIOLÓGICO,1.0,10.3,13.5,1,8.0,2.0,13.4,10,201910,125,259,1,2.8,Bajo,Alto
119,BETANIA,80108,321,Mecanizado Verde,CC01-1940,SI,BONUS 250 EC REGULADOR FISIOLÓGICO,0.8,13.4,13.1,2,9.3,2.5,13.9,11,202011,105,112,1,4.4,Bajo,Alto
120,BETANIA,80108,322,Mecanizado Verde,CC01-1940,SI,BONUS 250 EC REGULADOR FISIOLÓGICO,1.0,9.7,12.8,1,9.7,1.5,11.9,12,201612,150,470,1,7.0,Medio,Bajo
121,BETANIA,80108,322,Mecanizado Verde,CC01-1940,SI,BONUS 250 EC REGULADOR FISIOLÓGICO,1.2,6.3,11.0,3,9.6,2.2,13.2,8,201808,105,77,1,5.7,Bajo,Alto
122,BETANIA,80108,322,Mecanizado Verde,CC01-1940,SI,BONUS 250 EC REGULADOR FISIOLÓGICO,1.0,15.3,13.8,4,10.9,1.4,13.6,10,201910,145,119,1,4.5,Medio,Alto
123,BETANIA,80108,322A,Mecanizado Verde,CC01-1940,SI,BONUS 250 EC REGULADOR FISIOLÓGICO,0.8,6.3,11.6,4,10.7,20.7,12.2,4,202004,107,158,1,7.1,Bajo,Bajo
125,BETANIA,80108,324A,Mecanizado Verde,CC01-1940,SI,BONUS 250 EC REGULADOR FISIOLÓGICO,1.2,9.7,14.3,3,12.6,14.8,11.0,4,201804,181,369,1,6.1,Alto,Bajo
126,BETANIA,80108,324A,Mecanizado Verde,CC01-1940,SI,BONUS 250 EC REGULADOR FISIOLÓGICO,1.2,4.4,11.7,5,6.7,14.3,13.0,3,202003,141,145,1,2.8,Medio,Medio
129,BETANIA,80108,325,Mecanizado Verde,CC01-1940,SI,BONUS 250 EC REGULADOR FISIOLÓGICO,0.8,5.7,11.8,2,9.8,1.7,12.3,5,202005,152,181,1,5.0,Medio,Bajo
132,BETANIA,80108,330,Mecanizado Verde,CC01-1940,SI,BONUS 250 EC REGULADOR FISIOLÓGICO,1.0,8.9,13.3,5,12.4,2.0,12.0,4,201804,155,317,1,5.4,Alto,Bajo
133,BETANIA,80108,330,Mecanizado Verde,CC01-1940,SI,BONUS 250 EC REGULADOR FISIOLÓGICO,1.2,4.3,11.1,6,12.9,2.1,10.8,4,201904,152,203,1,4.5,Medio,Bajo
134,BETANIA,80108,330,Mecanizado Verde,CC01-1940,SI,BONUS 250 EC REGULADOR FISIOLÓGICO,1.2,5.4,11.7,7,8.9,1.9,11.7,3,202003,136,119,1,2.8,Medio,Bajo
137,BETANIA MORALES,80187,1,Mecanizado Verde,CC01-1940,SI,BONUS 250 EC REGULADOR FISIOLÓGICO,1.0,7.4,12.9,1,6.6,2.9,13.6,12,201512,138,267,2,4.3,Medio,Alto
138,BETANIA MORALES,80187,3,Mecanizado Verde,CC01-1940,SI,BONUS 250 EC REGULADOR FISIOLÓGICO,1.2,3.9,11.0,2,9.0,4.2,12.3,2,201902,55,19,2,1.4,Bajo,Bajo
139,BETANIA MORALES,80187,3,Mecanizado Verde,CC01-1940,SI,BONUS 250 EC REGULADOR FISIOLÓGICO,1.0,13.0,13.1,3,8.4,36.1,14.2,3,202003,99,289,2,2.8,Bajo,Alto
140,BETANIA MORALES,80187,4,Mecanizado Verde,CC01-1940,SI,BONUS 250 EC REGULADOR FISIOLÓGICO,1.2,14.4,17.9,1,14.3,3.8,13.3,1,201801,140,684,2,4.2,Medio,Alto
141,BETANIA MORALES,80187,4,Mecanizado Verde,CC01-1940,SI,BONUS 250 EC REGULADOR FISIOLÓGICO,1.2,3.9,11.0,2,8.2,3.7,12.7,2,201902,118,19,2,0.6,Bajo,Medio
142,BETANIA MORALES,80187,4,Mecanizado Verde,CC01-1940,SI,BONUS 250 EC REGULADOR FISIOLÓGICO,1.0,12.9,13.1,3,8.2,2.9,13.8,3,202003,103,287,2,2.8,Bajo,Alto
143,BETANIA MORALES,80187,005A,Mecanizado Verde,CC01-1940,SI,BONUS 250 EC REGULADOR FISIOLÓGICO,1.2,3.9,11.2,2,7.7,3.1,12.3,2,201902,60,19,2,3.0,Bajo,Bajo
144,BETANIA MORALES,80187,6,Mecanizado Verde,CC01-1940,SI,BONUS 250 EC REGULADOR FISIOLÓGICO,1.2,4.1,11.3,2,10.0,3.5,12.9,2,201902,98,21,2,1.6,Bajo,Medio
145,BETANIA MORALES,80187,6,Mecanizado Verde,CC01-1940,SI,BONUS 250 EC REGULADOR FISIOLÓGICO,1.0,12.6,12.9,3,8.4,8.7,12.7,3,202003,102,273,2,2.8,Bajo,Medio
146,BETANIA MORALES,80187,006A,Mecanizado Verde,CC01-1940,SI,BONUS 250 EC REGULADOR FISIOLÓGICO,1.2,4.0,11.3,2,8.1,2.7,12.5,2,201902,69,21,2,3.0,Bajo,Medio
147,BETANIA MORALES,80187,7,Mecanizado Verde,CC01-1940,SI,BONUS 250 EC REGULADOR FISIOLÓGICO,1.2,4.1,11.3,2,10.7,2.6,12.6,2,201902,70,21,2,3.0,Bajo,Medio
148,BETANIA MORALES,80187,8,Mecanizado Verde,CC01-1940,SI,BONUS 250 EC REGULADOR FISIOLÓGICO,1.0,7.4,12.7,1,7.2,2.9,13.8,12,201512,132,237,2,2.4,Bajo,Alto
151,BRITANIA,80474,2,Mecanizado Verde,CC01-1940,SI,BONUS 250 EC REGULADOR FISIOLÓGICO,0.8,6.3,12.6,4,7.8,20.1,13.3,10,201910,185,0,3,4.4,Alto,Alto
152,BRITANIA,80474,2,Mecanizado Verde,CC01-1940,SI,BONUS 250 EC REGULADOR FISIOLÓGICO,0.8,9.6,13.3,5,7.2,2.2,13.0,11,202011,170,0,3,4.4,Alto,Medio
153,BRITANIA,80474,3,Mecanizado Verde,CC01-1940,SI,BONUS 250 EC REGULADOR FISIOLÓGICO,0.8,9.7,12.7,5,10.0,2.3,13.6,11,202011,161,0,3,4.4,Alto,Alto
154,BRITANIA,80474,4,Mecanizado Verde,CC01-1940,SI,BONUS 250 EC REGULADOR FISIOLÓGICO,0.8,10.0,12.8,5,8.2,2.7,14.4,11,202011,134,0,3,4.4,Medio,Alto
155,BRITANIA,80474,5,Mecanizado Verde,CC01-1940,SI,BONUS 250 EC REGULADOR FISIOLÓGICO,1.0,6.9,13.4,1,8.5,3.1,12.5,6,201806,153,72,3,9.8,Medio,Medio
156,BRITANIA,80474,5,Mecanizado Verde,CC01-1940,SI,BONUS 250 EC REGULADOR FISIOLÓGICO,0.8,6.3,13.7,3,8.1,3.3,13.0,9,202009,139,0,3,3.3,Medio,Medio
157,BRITANIA,80474,005A,Mecanizado Verde,CC01-1940,SI,BONUS 250 EC REGULADOR FISIOLÓGICO,0.8,9.7,12.7,5,15.0,2.1,13.3,11,202011,119,0,3,4.4,Bajo,Alto
159,BRITANIA,80474,8,Mecanizado Verde,CC01-1940,SI,BONUS 250 EC REGULADOR FISIOLÓGICO,0.8,9.9,12.7,6,10.7,2.5,13.2,11,202011,135,0,3,4.4,Medio,Alto
160,BRITANIA,80474,010A,Mecanizado Verde,CC01-1940,SI,BONUS 250 EC REGULADOR FISIOLÓGICO,0.8,7.9,14.0,3,9.6,6.2,10.3,5,202005,137,0,3,4.4,Medio,Bajo
161,BRITANIA,80474,11,Mecanizado Verde,CC01-1940,SI,BONUS 250 EC REGULADOR FISIOLÓGICO,0.8,9.7,12.6,5,8.4,2.4,13.2,11,202011,145,0,3,4.4,Medio,Alto
166,CAIMOS,80189,1,Mecanizado Verde,CC01-1940,SI,BONUS 250 EC REGULADOR FISIOLÓGICO,0.7,7.1,12.5,1,6.7,2.9,13.2,8,201608,113,115,2,0.8,Bajo,Alto
167,CAIMOS,80189,1,Mecanizado Verde,CC01-1940,SI,BONUS 250 EC REGULADOR FISIOLÓGICO,0.8,6.7,11.6,5,11.8,3.9,13.0,8,202008,112,131,2,3.2,Bajo,Medio
172,CAIMOS,80189,3,Mecanizado Verde,CC01-1940,SI,BONUS 250 EC REGULADOR FISIOLÓGICO,0.7,7.1,12.6,1,7.1,2.9,14.4,8,201608,119,118,2,0.8,Bajo,Alto
173,CAIMOS,80189,3,Mecanizado Verde,CC01-1940,SI,BONUS 250 EC REGULADOR FISIOLÓGICO,1.5,9.9,12.2,3,6.5,45.5,15.1,8,201808,82,154,2,2.6,Bajo,Alto
176,CAIMOS,80189,4,Mecanizado Verde,CC01-1940,SI,BONUS 250 EC REGULADOR FISIOLÓGICO,1.5,10.0,12.2,3,8.7,2.5,14.4,8,201808,80,154,2,1.9,Bajo,Alto
177,CAIMOS,80189,004A,Mecanizado Verde,CC01-1940,SI,BONUS 250 EC REGULADOR FISIOLÓGICO,1.0,7.6,12.9,1,9.8,3.1,15.1,12,201512,107,267,2,3.2,Bajo,Alto
178,CANTACLARO,80269,1,Mecanizado Verde,CC01-1940,SI,BONUS 250 EC REGULADOR FISIOLÓGICO,1.6,12.6,12.9,2,7.2,3.3,12.6,9,201809,88,99,2,3.2,Bajo,Medio
179,CANTACLARO,80269,1,Mecanizado Verde,CC01-1940,SI,BONUS 250 EC REGULADOR FISIOLÓGICO,1.2,28.6,13.8,2,7.6,2.6,12.0,8,201908,112,379,2,2.4,Bajo,Bajo
180,CANTACLARO,80269,1,Mecanizado Verde,CC01-1940,SI,BONUS 250 EC REGULADOR FISIOLÓGICO,0.8,7.0,12.0,3,10.0,3.3,12.5,8,202008,115,69,2,0.9,Bajo,Medio
181,CANTACLARO,80269,001A,Mecanizado Verde,CC01-1940,SI,BONUS 250 EC REGULADOR FISIOLÓGICO,1.2,18.6,17.3,1,8.8,3.9,12.0,2,201802,150,676,2,5.7,Medio,Bajo
185,CANTACLARO,80269,2,Mecanizado Verde,CC01-1940,SI,BONUS 250 EC REGULADOR FISIOLÓGICO,1.2,18.6,16.4,1,11.0,3.7,13.8,2,201802,139,637,2,7.8,Medio,Alto
186,CANTACLARO,80269,2,Mecanizado Verde,CC01-1940,SI,BONUS 250 EC REGULADOR FISIOLÓGICO,1.2,9.3,11.7,2,15.0,3.5,11.8,2,201902,77,25,2,3.0,Bajo,Bajo
187,CANTACLARO,80269,2,Mecanizado Verde,CC01-1940,SI,BONUS 250 EC REGULADOR FISIOLÓGICO,1.2,14.7,13.5,3,10.3,3.2,13.0,1,202001,111,338,2,3.9,Bajo,Medio
188,CANTACLARO,80269,002B,Mecanizado Verde,CC01-1940,SI,BONUS 250 EC REGULADOR FISIOLÓGICO,1.2,5.1,11.6,2,8.7,4.5,12.4,9,201809,137,77,2,2.1,Medio,Bajo
189,CANTACLARO,80269,002C,Mecanizado Verde,CC01-1940,SI,BONUS 250 EC REGULADOR FISIOLÓGICO,1.3,27.7,17.6,1,9.0,4.3,12.9,8,201708,157,968,2,8.8,Alto,Medio
190,CANTACLARO,80269,002C,Mecanizado Verde,CC01-1940,SI,BONUS 250 EC REGULADOR FISIOLÓGICO,1.6,12.4,12.9,2,9.9,4.7,14.0,9,201809,78,99,2,11.0,Bajo,Alto
191,CANTACLARO,80269,002C,Mecanizado Verde,CC01-1940,SI,BONUS 250 EC REGULADOR FISIOLÓGICO,1.2,26.4,16.0,3,9.3,3.0,12.0,1,202001,96,449,2,2.7,Bajo,Bajo
199,CANTACLARO,80269,003B,Mecanizado Verde,CC01-1940,SI,BONUS 250 EC REGULADOR FISIOLÓGICO,1.2,6.1,12.3,1,8.0,3.2,12.2,8,201908,89,164,2,2.4,Bajo,Bajo
200,CANTACLARO,80269,003B,Mecanizado Verde,CC01-1940,SI,BONUS 250 EC REGULADOR FISIOLÓGICO,0.8,7.1,11.8,2,7.0,3.5,12.0,8,202008,112,69,2,1.9,Bajo,Bajo
201,CANTALAMOTA,80115,380,Mecanizado Verde,CC01-1940,SI,BONUS 250 EC REGULADOR FISIOLÓGICO,1.2,7.7,13.0,1,7.9,4.4,12.3,5,201905,149,461,1,3.1,Medio,Bajo
203,CANTALAMOTA,80115,381,Mecanizado Verde,CC01-1940,SI,BONUS 250 EC REGULADOR FISIOLÓGICO,1.2,7.6,13.2,1,7.9,4.5,13.1,5,201905,130,460,1,3.9,Bajo,Medio
205,CANTALAMOTA,80115,382,Mecanizado Verde,CC01-1940,SI,BONUS 250 EC REGULADOR FISIOLÓGICO,1.0,7.7,12.1,2,11.6,3.6,12.4,4,201604,102,114,1,6.2,Bajo,Bajo
206,CANTALAMOTA,80115,382,Mecanizado Verde,CC01-1940,SI,BONUS 250 EC REGULADOR FISIOLÓGICO,1.3,18.4,14.1,3,10.1,3.2,11.3,6,201706,114,833,1,3.8,Bajo,Bajo
207,CANTALAMOTA,80115,382A,Mecanizado Verde,CC01-1940,SI,BONUS 250 EC REGULADOR FISIOLÓGICO,1.0,15.7,13.7,5,11.2,30.7,13.2,12,201912,91,309,1,2.9,Bajo,Alto
210,CARACOLI,80403,1,Mecanizado Verde,CC01-1940,SI,BONUS 250 EC REGULADOR FISIOLÓGICO,0.8,5.4,11.3,2,11.8,2.1,12.2,6,202006,143,0,3,6.5,Medio,Bajo
211,CARACOLI,80403,2,Mecanizado Verde,CC01-1940,SI,BONUS 250 EC REGULADOR FISIOLÓGICO,0.8,5.6,12.9,1,10.4,1.5,11.0,6,202006,125,0,3,6.5,Bajo,Bajo
217,CASABLANCA,81073,001A,Mecanizado Verde,CC01-1940,SI,BONUS 250 EC REGULADOR FISIOLÓGICO,0.8,14.0,13.4,9,9.4,2.5,12.3,12,202012,100,167,3,3.1,Bajo,Bajo
223,CASABLANCA,81073,004A,Mecanizado Verde,CC01-1940,SI,BONUS 250 EC REGULADOR FISIOLÓGICO,1.0,7.9,11.9,5,10.0,2.5,12.0,1,202001,144,0,3,5.0,Medio,Bajo
228,CASABLANCA,81073,7,Mecanizado Verde,CC01-1940,SI,BONUS 250 EC REGULADOR FISIOLÓGICO,0.8,9.4,12.9,1,9.0,2.0,12.5,8,201908,164,0,3,5.0,Alto,Medio
231,CASABLANCA HURTADO,81374,1,Mecanizado Verde,CC01-1940,SI,BONUS 250 EC REGULADOR FISIOLÓGICO,1.0,11.9,13.4,3,10.3,25.5,12.8,1,202001,158,0,3,4.3,Alto,Medio
232,CASABLANCA HURTADO,81374,2,Mecanizado Verde,CC01-1940,SI,BONUS 250 EC REGULADOR FISIOLÓGICO,1.0,11.6,12.5,2,7.8,11.1,13.3,1,201901,138,0,3,5.9,Medio,Alto
233,CASABLANCA HURTADO,81374,2,Mecanizado Verde,CC01-1940,SI,BONUS 250 EC REGULADOR FISIOLÓGICO,1.0,11.7,12.7,3,12.8,2.1,12.6,1,202001,133,0,3,4.3,Bajo,Medio
234,CASABLANCA HURTADO,81374,3,Mecanizado Verde,CC01-1940,SI,BONUS 250 EC REGULADOR FISIOLÓGICO,1.0,11.7,12.5,2,7.7,72.5,13.5,1,201901,155,0,3,5.9,Alto,Alto
235,CASABLANCA HURTADO,81374,3,Mecanizado Verde,CC01-1940,SI,BONUS 250 EC REGULADOR FISIOLÓGICO,1.0,11.7,12.6,3,13.0,1.9,12.7,1,202001,141,0,3,4.3,Medio,Medio
236,CASABLANCA HURTADO,81374,4,Mecanizado Verde,CC01-1940,SI,BONUS 250 EC REGULADOR FISIOLÓGICO,1.0,11.4,12.5,2,7.9,2.3,13.5,1,201901,143,0,3,5.9,Medio,Alto
237,CASABLANCA HURTADO,81374,4,Mecanizado Verde,CC01-1940,SI,BONUS 250 EC REGULADOR FISIOLÓGICO,1.0,11.6,12.7,3,12.0,2.0,12.4,1,202001,141,0,3,4.3,Medio,Bajo
238,CAUCA,81054,1,Mecanizado Verde,CC01-1940,SI,BONUS 250 EC REGULADOR FISIOLÓGICO,1.2,8.9,14.5,1,13.2,2.9,11.1,6,201706,178,0,3,1.3,Alto,Bajo
239,CAUCA,81054,1,Mecanizado Verde,CC01-1940,SI,BONUS 250 EC REGULADOR FISIOLÓGICO,1.4,8.9,11.4,2,8.4,2.6,12.1,6,201806,144,0,3,1.3,Medio,Bajo
240,CAUCA,81054,1,Mecanizado Verde,CC01-1940,SI,BONUS 250 EC REGULADOR FISIOLÓGICO,1.0,6.7,11.6,3,12.3,2.6,12.4,5,201905,156,0,3,1.5,Alto,Bajo
241,CAUCA,81054,1,Mecanizado Verde,CC01-1940,SI,BONUS 250 EC REGULADOR FISIOLÓGICO,0.8,5.7,11.4,4,8.6,3.0,12.3,5,202005,144,0,3,4.4,Medio,Bajo
242,CAUCA,81054,2,Mecanizado Verde,CC01-1940,SI,BONUS 250 EC REGULADOR FISIOLÓGICO,1.2,8.9,14.5,1,10.3,2.4,11.6,6,201706,189,0,3,1.0,Alto,Bajo
243,CAUCA,81054,2,Mecanizado Verde,CC01-1940,SI,BONUS 250 EC REGULADOR FISIOLÓGICO,1.4,8.6,11.3,2,10.3,2.6,11.8,6,201806,140,0,3,1.3,Medio,Bajo
244,CAUCA,81054,2,Mecanizado Verde,CC01-1940,SI,BONUS 250 EC REGULADOR FISIOLÓGICO,1.0,6.4,11.6,3,11.8,2.3,11.3,5,201905,166,0,3,1.5,Alto,Bajo
245,CAUCA,81054,2,Mecanizado Verde,CC01-1940,SI,BONUS 250 EC REGULADOR FISIOLÓGICO,0.8,5.6,11.4,4,9.4,2.4,11.9,5,202005,148,0,3,4.4,Medio,Bajo
248,CAUCA,81054,003A,Mecanizado Verde,CC01-1940,SI,BONUS 250 EC REGULADOR FISIOLÓGICO,1.0,6.4,12.7,1,10.6,2.5,11.6,4,201604,148,0,3,1.2,Medio,Bajo
249,CAUCA,81054,003A,Mecanizado Verde,CC01-1940,SI,BONUS 250 EC REGULADOR FISIOLÓGICO,1.2,9.0,12.1,2,11.8,2.9,11.9,4,201704,142,0,3,1.7,Medio,Bajo
250,CAUCA,81054,003A,Mecanizado Verde,CC01-1940,SI,BONUS 250 EC REGULADOR FISIOLÓGICO,1.4,8.3,13.5,3,9.0,2.6,12.3,6,201806,135,0,3,1.4,Medio,Bajo
251,CAUCA,81054,003A,Mecanizado Verde,CC01-1940,SI,BONUS 250 EC REGULADOR FISIOLÓGICO,1.0,6.1,11.6,4,11.2,2.6,12.0,5,201905,140,0,3,1.5,Medio,Bajo
252,CAUCA,81054,003A,Mecanizado Verde,CC01-1940,SI,BONUS 250 EC REGULADOR FISIOLÓGICO,0.8,5.4,11.4,5,9.0,2.5,12.5,5,202005,129,0,3,4.4,Bajo,Medio
253,CAUCA,81054,4,Mecanizado Verde,CC01-1940,SI,BONUS 250 EC REGULADOR FISIOLÓGICO,1.0,6.1,12.7,1,9.6,6.6,11.4,4,201604,109,0,3,1.8,Bajo,Bajo
254,CAUCA,81054,4,Mecanizado Verde,CC01-1940,SI,BONUS 250 EC REGULADOR FISIOLÓGICO,1.2,9.1,12.1,2,12.9,2.7,9.9,4,201704,125,0,3,1.3,Bajo,Bajo
256,CAUCA,81054,004A,Mecanizado Verde,CC01-1940,SI,BONUS 250 EC REGULADOR FISIOLÓGICO,1.0,7.4,12.5,1,7.1,2.3,13.5,9,201509,91,0,3,3.1,Bajo,Alto
257,CAUCA,81054,004A,Mecanizado Verde,CC01-1940,SI,BONUS 250 EC REGULADOR FISIOLÓGICO,0.8,6.7,12.5,4,10.2,2.9,12.2,11,201811,69,0,3,4.4,Bajo,Bajo
258,CAUCA,81054,004A,Mecanizado Verde,CC01-1940,SI,BONUS 250 EC REGULADOR FISIOLÓGICO,0.5,2.9,11.4,5,11.4,3.0,12.3,11,201911,103,0,3,4.4,Bajo,Bajo
260,CAUCA,81054,004C,Mecanizado Verde,CC01-1940,SI,BONUS 250 EC REGULADOR FISIOLÓGICO,1.2,9.1,12.3,2,12.4,2.8,12.4,4,201704,148,0,3,1.3,Medio,Bajo
261,CAUCA,81054,004C,Mecanizado Verde,CC01-1940,SI,BONUS 250 EC REGULADOR FISIOLÓGICO,1.4,8.4,13.5,3,8.3,2.8,11.7,6,201806,119,0,3,1.1,Bajo,Bajo
262,CAUCA,81054,004C,Mecanizado Verde,CC01-1940,SI,BONUS 250 EC REGULADOR FISIOLÓGICO,1.0,6.3,11.6,4,10.5,2.8,11.3,5,201905,126,0,3,1.5,Bajo,Bajo
263,CAUCA,81054,004C,Mecanizado Verde,CC01-1940,SI,BONUS 250 EC REGULADOR FISIOLÓGICO,0.8,5.4,11.4,5,8.8,2.5,11.7,5,202005,130,0,3,4.4,Bajo,Bajo
264,CHAMBERY 2,80307,1,Mecanizado Verde,CC01-1940,SI,BONUS 250 EC REGULADOR FISIOLÓGICO,1.1,7.3,13.3,1,11.0,2.3,12.3,4,201804,221,0,3,5.4,Alto,Bajo
265,CHAMBERY 2,80307,1,Mecanizado Verde,CC01-1940,SI,BONUS 250 EC REGULADOR FISIOLÓGICO,1.0,9.7,11.4,3,8.3,2.7,12.5,3,202003,162,0,3,6.9,Alto,Medio
266,CHAMBERY 2,80307,001A,Mecanizado Verde,CC01-1940,SI,BONUS 250 EC REGULADOR FISIOLÓGICO,1.0,10.3,12.3,1,10.0,2.8,12.2,3,202003,160,0,3,6.9,Alto,Bajo
268,CHAMBERY 2,80307,2,Mecanizado Verde,CC01-1940,SI,BONUS 250 EC REGULADOR FISIOLÓGICO,1.0,7.6,12.3,2,10.5,2.7,12.2,3,201703,180,0,3,7.5,Alto,Bajo
269,CHAMBERY 2,80307,2,Mecanizado Verde,CC01-1940,SI,BONUS 250 EC REGULADOR FISIOLÓGICO,1.1,7.0,12.8,3,9.7,4.3,12.5,4,201804,154,0,3,5.4,Alto,Medio
270,CHAMBERY 2,80307,2,Mecanizado Verde,CC01-1940,SI,BONUS 250 EC REGULADOR FISIOLÓGICO,1.0,10.6,11.7,5,9.2,2.6,13.0,3,202003,146,0,3,6.9,Medio,Medio
271,CHAMBERY 2,80307,3,Mecanizado Verde,CC01-1940,SI,BONUS 250 EC REGULADOR FISIOLÓGICO,1.1,7.1,13.4,1,8.4,16.3,12.2,4,201804,157,0,3,5.4,Alto,Bajo
272,CHAMBERY 2,80307,3,Mecanizado Verde,CC01-1940,SI,BONUS 250 EC REGULADOR FISIOLÓGICO,1.0,10.9,11.7,3,8.0,2.6,13.5,3,202003,130,0,3,6.9,Bajo,Alto
273,CHAMBERY 2,80307,4,Mecanizado Verde,CC01-1940,SI,BONUS 250 EC REGULADOR FISIOLÓGICO,1.1,8.4,14.6,1,8.0,2.7,11.0,6,201706,212,0,3,14.2,Alto,Bajo
274,CHAMBERY 2,80307,4,Mecanizado Verde,CC01-1940,SI,BONUS 250 EC REGULADOR FISIOLÓGICO,1.0,5.6,12.3,2,8.1,2.8,12.4,7,201807,154,0,3,5.4,Alto,Bajo
275,CHAMBERY 2,80307,4,Mecanizado Verde,CC01-1940,SI,BONUS 250 EC REGULADOR FISIOLÓGICO,0.8,5.1,11.1,4,10.4,2.9,11.6,6,202006,158,0,3,5.7,Alto,Bajo
276,CHAMBERY 2,80307,5,Mecanizado Verde,CC01-1940,SI,BONUS 250 EC REGULADOR FISIOLÓGICO,1.0,9.4,11.9,2,10.8,2.3,11.5,12,201912,132,0,3,3.2,Bajo,Bajo
277,CHAMBERY 2,80307,5,Mecanizado Verde,CC01-1940,SI,BONUS 250 EC REGULADOR FISIOLÓGICO,1.0,11.4,12.5,3,7.6,2.2,13.5,1,202101,125,0,3,3.2,Bajo,Alto
278,CHAMBURO,80443,2,Mecanizado Verde,CC01-1940,SI,BONUS 250 EC REGULADOR FISIOLÓGICO,1.0,9.4,13.4,1,8.1,3.0,13.2,12,201812,144,0,3,4.3,Medio,Alto
279,CHAMBURO,80443,2,Mecanizado Verde,CC01-1940,SI,BONUS 250 EC REGULADOR FISIOLÓGICO,0.6,8.9,13.3,2,9.3,2.3,12.0,12,201912,104,0,3,4.5,Bajo,Bajo
280,CHAMBURO,80443,2,Mecanizado Verde,CC01-1940,SI,BONUS 250 EC REGULADOR FISIOLÓGICO,0.8,1.9,11.7,3,9.7,2.4,11.7,12,202012,118,77,3,2.8,Bajo,Bajo
283,CIAT,81128,001A,Mecanizado Verde,CC01-1940,SI,BONUS 250 EC REGULADOR FISIOLÓGICO,1.2,17.3,14.2,3,8.4,2.7,12.7,6,201706,156,485,3,3.9,Alto,Medio
284,CIAT,81128,001A,Mecanizado Verde,CC01-1940,SI,BONUS 250 EC REGULADOR FISIOLÓGICO,1.2,5.1,11.6,4,9.7,2.9,12.1,5,201805,150,218,3,4.6,Medio,Bajo
285,CIAT,81128,001A,Mecanizado Verde,CC01-1940,SI,BONUS 250 EC REGULADOR FISIOLÓGICO,1.0,2.9,11.0,5,15.0,2.4,10.4,4,201904,115,0,3,4.4,Bajo,Bajo
286,CIAT,81128,001A,Mecanizado Verde,CC01-1940,SI,BONUS 250 EC REGULADOR FISIOLÓGICO,0.8,6.0,13.5,6,6.6,3.1,12.2,6,202006,173,0,3,4.4,Alto,Bajo
288,CIAT,81128,2,Mecanizado Verde,CC01-1940,SI,BONUS 250 EC REGULADOR FISIOLÓGICO,1.2,17.4,15.1,1,8.2,2.3,12.4,6,201706,161,785,3,6.3,Alto,Bajo
289,CIAT,81128,2,Mecanizado Verde,CC01-1940,SI,BONUS 250 EC REGULADOR FISIOLÓGICO,1.2,5.1,11.6,2,7.0,2.3,12.3,5,201805,112,70,3,4.6,Bajo,Bajo
290,CIAT,81128,2,Mecanizado Verde,CC01-1940,SI,BONUS 250 EC REGULADOR FISIOLÓGICO,1.0,9.4,12.4,3,8.2,2.1,12.3,6,201906,129,0,3,4.4,Bajo,Bajo
291,CIAT,81128,2,Mecanizado Verde,CC01-1940,SI,BONUS 250 EC REGULADOR FISIOLÓGICO,0.8,5.9,12.0,4,8.8,2.4,12.2,6,202006,136,148,3,4.4,Medio,Bajo
296,CIAT,81128,4,Mecanizado Verde,CC01-1940,SI,BONUS 250 EC REGULADOR FISIOLÓGICO,1.2,17.6,15.1,1,9.8,2.4,13.7,6,201706,179,785,3,3.9,Alto,Alto
297,CIAT,81128,4,Mecanizado Verde,CC01-1940,SI,BONUS 250 EC REGULADOR FISIOLÓGICO,1.2,5.0,11.5,2,9.9,2.4,12.5,5,201805,115,70,3,4.6,Bajo,Medio
298,CIAT,81128,4,Mecanizado Verde,CC01-1940,SI,BONUS 250 EC REGULADOR FISIOLÓGICO,1.0,9.4,12.5,3,9.7,2.2,11.8,6,201906,141,0,3,4.4,Medio,Bajo
299,CIAT,81128,4,Mecanizado Verde,CC01-1940,SI,BONUS 250 EC REGULADOR FISIOLÓGICO,0.8,5.7,11.9,4,8.4,2.2,12.8,6,202006,149,148,3,4.4,Medio,Medio
301,CIAT,81128,5,Mecanizado Verde,CC01-1940,SI,BONUS 250 EC REGULADOR FISIOLÓGICO,1.2,4.9,11.5,3,7.1,2.2,12.2,5,201805,139,241,3,4.6,Medio,Bajo
302,CIAT,81128,5,Mecanizado Verde,CC01-1940,SI,BONUS 250 EC REGULADOR FISIOLÓGICO,0.8,6.0,13.5,5,10.4,2.2,12.6,6,202006,139,179,3,4.4,Medio,Medio
307,CIAT,81128,006A,Mecanizado Verde,CC01-1940,SI,BONUS 250 EC REGULADOR FISIOLÓGICO,0.8,8.0,12.0,3,8.6,3.2,12.4,1,202001,142,0,3,4.4,Medio,Bajo
309,CIAT,81128,007A,Mecanizado Verde,CC01-1940,SI,BONUS 250 EC REGULADOR FISIOLÓGICO,1.0,3.3,11.7,4,5.8,2.0,11.8,7,201407,150,36,3,4.4,Medio,Bajo
310,CIAT,81128,007A,Mecanizado Verde,CC01-1940,SI,BONUS 250 EC REGULADOR FISIOLÓGICO,0.8,4.1,12.3,5,6.7,2.5,14.1,8,201508,145,58,3,4.4,Medio,Alto
315,CIAT,81128,008B,Mecanizado Verde,CC01-1940,SI,BONUS 250 EC REGULADOR FISIOLÓGICO,1.2,4.7,11.3,3,10.2,2.3,11.6,5,201805,144,70,3,4.6,Medio,Bajo
316,CIAT,81128,008B,Mecanizado Verde,CC01-1940,SI,BONUS 250 EC REGULADOR FISIOLÓGICO,0.8,8.3,12.6,5,10.0,2.8,11.9,6,202006,145,181,3,4.4,Medio,Bajo
324,CIAT,81128,14,Mecanizado Verde,CC01-1940,SI,BONUS 250 EC REGULADOR FISIOLÓGICO,1.2,4.9,11.4,3,9.9,2.4,12.6,5,201805,132,73,3,2.3,Bajo,Medio
325,CIAT,81128,14,Mecanizado Verde,CC01-1940,SI,BONUS 250 EC REGULADOR FISIOLÓGICO,0.8,8.3,12.6,5,9.8,2.3,12.2,6,202006,126,0,3,4.4,Bajo,Bajo
327,CIAT,81128,19,Mecanizado Verde,CC01-1940,SI,BONUS 250 EC REGULADOR FISIOLÓGICO,1.2,10.6,12.7,3,11.7,2.5,12.5,7,201807,126,88,3,4.6,Bajo,Medio
328,CIAT,81128,19,Mecanizado Verde,CC01-1940,SI,BONUS 250 EC REGULADOR FISIOLÓGICO,0.8,5.9,12.0,5,10.3,2.6,11.8,6,202006,151,0,3,4.4,Medio,Bajo
329,CIAT,81128,21,Mecanizado Verde,CC01-1940,SI,BONUS 250 EC REGULADOR FISIOLÓGICO,1.2,10.6,12.8,2,12.9,3.0,12.6,7,201807,93,88,3,4.6,Bajo,Medio
330,CIAT,81128,22,Mecanizado Verde,CC01-1940,SI,BONUS 250 EC REGULADOR FISIOLÓGICO,1.0,8.0,12.1,2,8.7,2.3,12.2,1,201901,103,0,3,5.3,Bajo,Bajo
331,CIAT,81128,22,Mecanizado Verde,CC01-1940,SI,BONUS 250 EC REGULADOR FISIOLÓGICO,0.8,9.4,12.3,3,11.0,2.6,13.4,2,202002,124,46,3,3.6,Bajo,Alto
333,CIAT,81128,23,Mecanizado Verde,CC01-1940,SI,BONUS 250 EC REGULADOR FISIOLÓGICO,0.8,8.3,12.1,3,8.8,2.2,12.6,1,202001,175,0,3,4.4,Alto,Medio
335,CORCEGA ,80231,1,Mecanizado Verde,CC01-1940,SI,BONUS 250 EC REGULADOR FISIOLÓGICO,1.2,5.1,11.6,3,8.5,2.0,12.0,6,201906,153,148,2,3.5,Medio,Bajo
336,CORCEGA ,80231,1,Mecanizado Verde,CC01-1940,SI,BONUS 250 EC REGULADOR FISIOLÓGICO,0.8,6.0,11.5,4,11.2,2.4,12.0,6,202006,148,15,2,4.2,Medio,Bajo
337,CORCEGA ,80231,2,Mecanizado Verde,CC01-1940,SI,BONUS 250 EC REGULADOR FISIOLÓGICO,1.2,11.7,13.6,1,7.6,2.3,14.0,9,201909,163,176,2,3.8,Alto,Alto
338,CORCEGA ,80231,2,Mecanizado Verde,CC01-1940,SI,BONUS 250 EC REGULADOR FISIOLÓGICO,0.8,8.9,11.9,2,8.7,2.0,13.0,9,202009,147,48,2,4.4,Medio,Medio
343,CORCEGA ,80231,6,Mecanizado Verde,CC01-1940,SI,BONUS 250 EC REGULADOR FISIOLÓGICO,1.2,12.3,13.9,1,7.6,1.5,14.0,9,201909,137,184,2,4.0,Medio,Alto
344,CORCEGA ,80231,6,Mecanizado Verde,CC01-1940,SI,BONUS 250 EC REGULADOR FISIOLÓGICO,0.8,9.1,11.8,2,8.3,1.6,12.8,9,202009,131,48,2,4.4,Bajo,Medio
346,CORCEGA ,80231,006A,Mecanizado Verde,CC01-1940,SI,BONUS 250 EC REGULADOR FISIOLÓGICO,1.2,12.1,13.9,1,7.0,2.1,13.8,9,201909,158,184,2,4.0,Alto,Alto
347,CORCEGA ,80231,006A,Mecanizado Verde,CC01-1940,SI,BONUS 250 EC REGULADOR FISIOLÓGICO,0.8,9.4,11.9,2,8.7,1.9,12.8,9,202009,142,48,2,4.4,Medio,Medio
349,CORCEGA ,80231,006B,Mecanizado Verde,CC01-1940,SI,BONUS 250 EC REGULADOR FISIOLÓGICO,1.1,5.0,12.9,4,9.1,2.4,12.9,4,201804,110,177,2,2.8,Bajo,Medio
350,CORCEGA ,80231,006B,Mecanizado Verde,CC01-1940,SI,BONUS 250 EC REGULADOR FISIOLÓGICO,1.2,6.4,11.7,5,10.5,2.0,12.5,4,201904,156,61,2,3.5,Alto,Medio
351,CORCEGA ,80231,006B,Mecanizado Verde,CC01-1940,SI,BONUS 250 EC REGULADOR FISIOLÓGICO,1.2,10.4,12.4,6,10.6,1.8,12.5,4,202004,144,76,2,4.7,Medio,Medio
352,CORCEGA ,80231,7,Mecanizado Verde,CC01-1940,SI,BONUS 250 EC REGULADOR FISIOLÓGICO,1.5,8.7,12.9,4,12.1,2.0,12.6,4,201804,181,202,2,5.1,Alto,Medio
353,CORCEGA ,80231,7,Mecanizado Verde,CC01-1940,SI,BONUS 250 EC REGULADOR FISIOLÓGICO,1.2,6.1,11.6,5,11.5,1.8,11.7,4,201904,152,61,2,3.5,Medio,Bajo
354,CORCEGA ,80231,7,Mecanizado Verde,CC01-1940,SI,BONUS 250 EC REGULADOR FISIOLÓGICO,1.2,10.1,12.4,6,13.1,1.5,12.7,4,202004,135,76,2,6.7,Medio,Medio
358,CORINTO,80481,1,Mecanizado Verde,CC01-1940,SI,BONUS 250 EC REGULADOR FISIOLÓGICO,0.8,10.4,11.8,1,8.0,2.5,12.2,8,202008,140,10,3,5.5,Medio,Bajo
361,EL ALBION,80402,11,Mecanizado Verde,CC01-1940,SI,BONUS 250 EC REGULADOR FISIOLÓGICO,0.8,7.0,13.0,1,8.9,1.4,14.0,3,201903,156,0,3,2.9,Alto,Alto
362,EL ALBION,80402,11,Mecanizado Verde,CC01-1940,SI,BONUS 250 EC REGULADOR FISIOLÓGICO,0.6,6.4,11.7,2,7.4,1.5,12.9,3,202003,138,66,3,3.9,Medio,Medio
366,EL ALBION,80402,12,Mecanizado Verde,CC01-1940,SI,BONUS 250 EC REGULADOR FISIOLÓGICO,0.6,14.4,12.7,1,8.8,1.9,12.3,12,201812,157,58,3,3.1,Alto,Bajo
367,EL ALBION,80402,12,Mecanizado Verde,CC01-1940,SI,BONUS 250 EC REGULADOR FISIOLÓGICO,0.5,8.6,11.9,2,10.3,1.8,12.1,12,201912,135,0,3,6.9,Medio,Bajo
368,EL ALBION,80402,12,Mecanizado Verde,CC01-1940,SI,BONUS 250 EC REGULADOR FISIOLÓGICO,1.0,8.7,12.0,3,10.2,1.8,13.8,12,202012,115,132,3,4.8,Bajo,Alto
386,EL ALBION,80402,21,Mecanizado Verde,CC01-1940,SI,BONUS 250 EC REGULADOR FISIOLÓGICO,0.8,7.1,11.5,2,9.5,1.5,12.3,4,201904,159,0,3,2.8,Alto,Bajo
387,EL ALBION,80402,21,Mecanizado Verde,CC01-1940,SI,BONUS 250 EC REGULADOR FISIOLÓGICO,0.6,8.4,12.1,3,9.9,1.8,11.8,4,202004,150,196,3,4.4,Medio,Bajo
391,EL ALBION,80402,22,Mecanizado Verde,CC01-1940,SI,BONUS 250 EC REGULADOR FISIOLÓGICO,0.8,7.1,12.0,2,11.9,1.7,12.8,4,201904,180,0,3,2.8,Alto,Medio
392,EL ALBION,80402,22,Mecanizado Verde,CC01-1940,SI,BONUS 250 EC REGULADOR FISIOLÓGICO,0.6,8.7,12.1,3,8.4,1.6,12.9,4,202004,151,196,3,4.4,Medio,Medio
395,EL ALBION,80402,23,Mecanizado Verde,CC01-1940,SI,BONUS 250 EC REGULADOR FISIOLÓGICO,0.8,8.0,11.9,2,11.3,4.9,12.0,4,201904,166,0,3,2.8,Alto,Bajo
396,EL ALBION,80402,23,Mecanizado Verde,CC01-1940,SI,BONUS 250 EC REGULADOR FISIOLÓGICO,0.6,8.7,11.9,3,9.9,1.6,12.5,4,202004,150,196,3,4.4,Medio,Medio
404,EL ALBION,80402,25,Mecanizado Verde,CC01-1940,SI,BONUS 250 EC REGULADOR FISIOLÓGICO,0.8,5.4,12.0,1,7.3,3.6,12.2,5,201905,196,0,3,2.8,Alto,Bajo
406,EL ALBION,80402,025A,Mecanizado Verde,CC01-1940,SI,BONUS 250 EC REGULADOR FISIOLÓGICO,0.8,5.4,12.1,1,7.5,2.3,11.6,5,201905,156,0,3,4.4,Alto,Bajo
410,EL ALBION,80402,31,Mecanizado Verde,CC01-1940,SI,BONUS 250 EC REGULADOR FISIOLÓGICO,0.8,8.9,13.0,1,10.4,1.4,12.8,4,201904,174,0,3,2.8,Alto,Medio
411,EL ALBION,80402,31,Mecanizado Verde,CC01-1940,SI,BONUS 250 EC REGULADOR FISIOLÓGICO,0.6,8.3,12.1,2,9.3,1.4,12.6,4,202004,149,237,3,2.1,Medio,Medio
415,EL ALBION,80402,32,Mecanizado Verde,CC01-1940,SI,BONUS 250 EC REGULADOR FISIOLÓGICO,0.8,9.1,12.7,1,8.5,1.8,12.0,5,201905,187,0,3,2.8,Alto,Bajo
419,EL ALBION,80402,33,Mecanizado Verde,CC01-1940,SI,BONUS 250 EC REGULADOR FISIOLÓGICO,0.8,9.3,12.8,1,7.7,2.2,12.7,5,201905,188,0,3,2.8,Alto,Medio
423,EL ALBION,80402,34,Mecanizado Verde,CC01-1940,SI,BONUS 250 EC REGULADOR FISIOLÓGICO,0.8,10.1,13.2,1,8.5,2.0,13.1,8,201908,142,0,3,2.7,Medio,Medio
426,EL ALBION,80402,034A,Mecanizado Verde,CC01-1940,SI,BONUS 250 EC REGULADOR FISIOLÓGICO,0.8,8.3,12.5,2,9.0,1.2,12.7,8,202008,157,135,3,2.2,Alto,Medio
427,EL ALBION,80402,41,Mecanizado Verde,CC01-1940,SI,BONUS 250 EC REGULADOR FISIOLÓGICO,0.8,9.3,12.9,1,8.0,2.0,12.7,5,201905,186,0,3,2.8,Alto,Medio
431,EL ALBION,80402,42,Mecanizado Verde,CC01-1940,SI,BONUS 250 EC REGULADOR FISIOLÓGICO,0.8,7.4,12.5,3,8.6,2.1,12.5,7,201907,155,0,3,2.8,Alto,Medio
432,EL ALBION,80402,42,Mecanizado Verde,CC01-1940,SI,BONUS 250 EC REGULADOR FISIOLÓGICO,0.8,5.6,11.4,4,10.1,1.6,11.7,7,202007,166,76,3,2.3,Alto,Bajo
436,EL ALBION,80402,042A,Mecanizado Verde,CC01-1940,SI,BONUS 250 EC REGULADOR FISIOLÓGICO,0.8,6.7,12.9,1,7.8,1.4,13.2,3,201903,171,0,3,3.0,Alto,Alto
437,EL ALBION,80402,042A,Mecanizado Verde,CC01-1940,SI,BONUS 250 EC REGULADOR FISIOLÓGICO,0.6,6.6,11.8,2,10.4,1.8,12.4,3,202003,149,143,3,3.9,Medio,Bajo
446,EL ALBION,80402,44,Mecanizado Verde,CC01-1940,SI,BONUS 250 EC REGULADOR FISIOLÓGICO,0.8,6.3,12.6,1,10.3,1.5,12.6,3,201903,175,0,3,3.0,Alto,Medio
447,EL ALBION,80402,44,Mecanizado Verde,CC01-1940,SI,BONUS 250 EC REGULADOR FISIOLÓGICO,0.6,7.7,11.8,2,10.1,1.5,13.2,3,202003,134,104,3,3.9,Medio,Alto
451,EL ALBION,80402,51,Mecanizado Verde,CC01-1940,SI,BONUS 250 EC REGULADOR FISIOLÓGICO,0.8,5.4,12.2,1,9.3,1.6,12.3,5,201905,172,0,3,2.5,Alto,Bajo
467,EL ALBION,80402,57,Mecanizado Verde,CC01-1940,SI,BONUS 250 EC REGULADOR FISIOLÓGICO,0.8,6.6,12.9,1,7.7,2.0,11.4,3,201903,142,0,3,3.0,Medio,Bajo
468,EL ALBION,80402,57,Mecanizado Verde,CC01-1940,SI,BONUS 250 EC REGULADOR FISIOLÓGICO,0.6,6.4,11.8,2,10.4,1.7,12.0,3,202003,114,78,3,3.9,Bajo,Bajo
469,EL ALBION,80402,71,Mecanizado Verde,CC01-1940,SI,BONUS 250 EC REGULADOR FISIOLÓGICO,0.8,7.6,12.4,1,6.6,1.6,13.4,2,201602,142,14,3,16.7,Medio,Alto
470,EL ALBION,80402,71,Mecanizado Verde,CC01-1940,SI,BONUS 250 EC REGULADOR FISIOLÓGICO,1.0,11.3,12.6,2,7.7,1.8,13.2,3,201703,160,266,3,8.0,Alto,Alto
471,EL ALBION,80402,71,Mecanizado Verde,CC01-1940,SI,BONUS 250 EC REGULADOR FISIOLÓGICO,0.8,5.9,11.5,4,10.4,1.5,12.9,3,201903,131,0,3,3.0,Bajo,Medio
472,EL ALBION,80402,71,Mecanizado Verde,CC01-1940,SI,BONUS 250 EC REGULADOR FISIOLÓGICO,0.6,6.9,11.7,5,8.8,1.5,13.2,3,202003,131,99,3,3.9,Bajo,Alto
474,EL ALBION,80402,72,Mecanizado Verde,CC01-1940,SI,BONUS 250 EC REGULADOR FISIOLÓGICO,0.8,5.4,12.3,1,8.7,1.6,13.0,2,201602,134,0,3,12.8,Medio,Medio
475,EL ALBION,80402,72,Mecanizado Verde,CC01-1940,SI,BONUS 250 EC REGULADOR FISIOLÓGICO,1.0,8.3,11.9,2,10.3,1.6,12.2,2,201702,166,252,3,5.3,Alto,Bajo
476,EL ALBION,80402,72,Mecanizado Verde,CC01-1940,SI,BONUS 250 EC REGULADOR FISIOLÓGICO,0.8,5.9,11.5,4,9.9,1.4,13.0,3,201903,142,0,3,3.0,Medio,Medio
477,EL ALBION,80402,72,Mecanizado Verde,CC01-1940,SI,BONUS 250 EC REGULADOR FISIOLÓGICO,0.6,7.0,11.7,5,9.8,1.6,12.9,3,202003,128,116,3,3.9,Bajo,Medio
479,EL ALBION,80402,73,Mecanizado Verde,CC01-1940,SI,BONUS 250 EC REGULADOR FISIOLÓGICO,0.8,5.4,12.4,1,7.5,1.6,13.3,2,201602,137,0,3,8.6,Medio,Alto
480,EL ALBION,80402,73,Mecanizado Verde,CC01-1940,SI,BONUS 250 EC REGULADOR FISIOLÓGICO,1.0,8.0,11.9,2,8.5,1.9,12.3,2,201702,155,252,3,5.3,Alto,Bajo
481,EL ALBION,80402,73,Mecanizado Verde,CC01-1940,SI,BONUS 250 EC REGULADOR FISIOLÓGICO,0.8,6.0,11.5,4,12.4,1.7,12.9,3,201903,137,0,3,3.0,Medio,Medio
482,EL ALBION,80402,73,Mecanizado Verde,CC01-1940,SI,BONUS 250 EC REGULADOR FISIOLÓGICO,0.6,7.1,11.7,5,9.4,1.6,13.3,3,202003,120,116,3,3.9,Bajo,Alto
486,EL AMPARO SAA,80203,1,Mecanizado Verde,CC01-1940,SI,BONUS 250 EC REGULADOR FISIOLÓGICO,1.2,7.3,12.8,1,9.3,1.6,11.8,1,202001,166,243,2,4.4,Alto,Bajo
499,EL AMPARO SAA,80203,003B,Mecanizado Verde,CC01-1940,SI,BONUS 250 EC REGULADOR FISIOLÓGICO,1.2,12.0,13.7,1,7.5,1.8,12.4,5,201905,177,308,2,3.4,Alto,Bajo
500,EL AMPARO SAA,80203,003B,Mecanizado Verde,CC01-1940,SI,BONUS 250 EC REGULADOR FISIOLÓGICO,0.8,6.9,12.0,2,9.7,1.9,12.1,5,202005,159,157,2,4.7,Alto,Bajo
513,EL AMPARO SAA,80203,7,Mecanizado Verde,CC01-1940,SI,BONUS 250 EC REGULADOR FISIOLÓGICO,0.8,6.3,12.7,1,10.8,1.6,11.2,5,202005,162,224,2,5.9,Alto,Bajo
514,EL AMPARO SAA,80203,007A,Mecanizado Verde,CC01-1940,SI,BONUS 250 EC REGULADOR FISIOLÓGICO,1.2,6.1,12.9,1,9.3,1.8,12.5,3,201903,159,137,2,3.2,Alto,Medio
515,EL AMPARO SAA,80203,007A,Mecanizado Verde,CC01-1940,SI,BONUS 250 EC REGULADOR FISIOLÓGICO,1.2,7.3,12.0,2,8.4,2.0,13.1,3,202003,134,128,2,3.1,Medio,Medio
517,EL AMPARO SAA,80203,8,Mecanizado Verde,CC01-1940,SI,BONUS 250 EC REGULADOR FISIOLÓGICO,1.2,11.9,13.8,1,7.9,1.8,13.0,5,201905,171,308,2,2.6,Alto,Medio
518,EL AMPARO SAA,80203,8,Mecanizado Verde,CC01-1940,SI,BONUS 250 EC REGULADOR FISIOLÓGICO,0.8,6.7,12.0,2,8.7,1.8,12.0,5,202005,151,157,2,4.7,Medio,Bajo
522,EL AMPARO SAA,80203,9,Mecanizado Verde,CC01-1940,SI,BONUS 250 EC REGULADOR FISIOLÓGICO,1.0,16.3,14.7,1,9.3,2.6,12.5,11,201911,162,418,2,3.6,Alto,Medio
523,EL AMPARO SAA,80203,9,Mecanizado Verde,CC01-1940,SI,BONUS 250 EC REGULADOR FISIOLÓGICO,0.8,10.0,12.7,2,7.3,2.6,13.4,12,202012,133,184,2,1.4,Bajo,Alto
524,EL ANTOJO ORTIZ,80220,1,Mecanizado Verde,CC01-1940,SI,BONUS 250 EC REGULADOR FISIOLÓGICO,1.5,7.0,11.3,3,8.3,2.4,13.1,7,201807,178,21,2,4.5,Alto,Medio
525,EL ANTOJO ORTIZ,80220,1,Mecanizado Verde,CC01-1940,SI,BONUS 250 EC REGULADOR FISIOLÓGICO,0.8,5.0,11.2,5,9.1,34.0,12.4,7,202007,136,60,2,3.2,Medio,Bajo
526,EL ANTOJO ORTIZ,80220,2,Mecanizado Verde,CC01-1940,SI,BONUS 250 EC REGULADOR FISIOLÓGICO,1.5,7.1,12.3,3,8.8,9.8,14.2,7,201807,146,74,2,4.1,Medio,Alto
532,EL ANTOJO SANCHEZ,80185,3,Mecanizado Verde,CC01-1940,SI,BONUS 250 EC REGULADOR FISIOLÓGICO,0.8,7.4,13.0,1,9.4,2.3,13.1,5,202005,163,99,2,5.4,Alto,Medio
542,EL ANTOJO SANCHEZ,80185,004B,Mecanizado Verde,CC01-1940,SI,BONUS 250 EC REGULADOR FISIOLÓGICO,0.8,9.9,12.5,2,9.4,2.7,12.9,8,202008,123,57,2,6.8,Bajo,Medio
543,EL ANTOJO SANCHEZ,80185,005A,Mecanizado Verde,CC01-1940,SI,BONUS 250 EC REGULADOR FISIOLÓGICO,0.8,8.6,12.6,1,8.1,2.9,12.6,4,201804,138,98,2,2.1,Medio,Medio
544,EL ANTOJO SANCHEZ,80185,005A,Mecanizado Verde,CC01-1940,SI,BONUS 250 EC REGULADOR FISIOLÓGICO,0.8,12.3,12.9,2,11.2,2.9,12.8,5,201905,138,217,2,3.9,Medio,Medio
545,EL ANTOJO SANCHEZ,80185,005A,Mecanizado Verde,CC01-1940,SI,BONUS 250 EC REGULADOR FISIOLÓGICO,0.8,7.9,11.8,3,10.6,2.2,12.6,5,202005,113,66,2,5.4,Bajo,Medio
546,EL ANTOJO SANCHEZ,80185,005C,Mecanizado Verde,CC01-1940,SI,BONUS 250 EC REGULADOR FISIOLÓGICO,1.3,11.6,15.8,1,10.2,11.4,12.4,12,201712,111,247,2,5.9,Bajo,Bajo
547,EL ANTOJO SANCHEZ,80185,005C,Mecanizado Verde,CC01-1940,SI,BONUS 250 EC REGULADOR FISIOLÓGICO,1.2,8.9,11.7,2,9.0,2.6,12.2,11,201811,63,97,2,5.3,Bajo,Bajo
548,EL ARRANQUE,80654,1,Mecanizado Verde,CC01-1940,SI,BONUS 250 EC REGULADOR FISIOLÓGICO,0.8,10.4,14.7,1,8.1,2.8,14.7,11,202011,144,169,3,3.6,Medio,Alto
550,EL ARRANQUE,80654,001A,Mecanizado Verde,CC01-1940,SI,BONUS 250 EC REGULADOR FISIOLÓGICO,0.8,10.3,12.9,2,8.9,2.6,14.8,11,202011,137,165,3,3.6,Medio,Alto
559,EL BAMBU,80502,1,Mecanizado Verde,CC01-1940,SI,BONUS 250 EC REGULADOR FISIOLÓGICO,0.8,6.3,11.6,4,8.6,3.0,13.2,6,202006,125,45,3,3.2,Bajo,Alto
561,EL BOLO MORROCO,80506,002A,Mecanizado Verde,CC01-1940,SI,BONUS 250 EC REGULADOR FISIOLÓGICO,0.5,11.3,13.9,1,9.0,2.5,13.0,9,201909,169,0,3,4.4,Alto,Medio
562,EL BOLO MORROCO,80506,002A,Mecanizado Verde,CC01-1940,SI,BONUS 250 EC REGULADOR FISIOLÓGICO,1.2,7.3,13.4,2,10.3,2.3,12.9,11,202011,145,0,3,1.4,Medio,Medio
563,EL BOLO MORROCO,80506,4,Mecanizado Verde,CC01-1940,SI,BONUS 250 EC REGULADOR FISIOLÓGICO,0.5,11.6,14.0,1,7.2,14.3,13.9,9,201909,149,0,3,4.4,Medio,Alto
564,EL BOLO MORROCO,80506,4,Mecanizado Verde,CC01-1940,SI,BONUS 250 EC REGULADOR FISIOLÓGICO,1.2,6.9,13.2,2,8.7,2.4,14.7,11,202011,113,0,3,1.4,Bajo,Alto
567,EL BRASIL TENORIO,81313,1,Mecanizado Verde,CC01-1940,SI,BONUS 250 EC REGULADOR FISIOLÓGICO,0.8,7.6,12.4,4,8.9,2.0,13.5,1,202101,155,0,3,4.9,Alto,Alto
568,EL BRASIL TENORIO,81313,2,Mecanizado Verde,CC01-1940,SI,BONUS 250 EC REGULADOR FISIOLÓGICO,0.8,7.3,12.5,4,9.1,2.4,13.0,1,202101,160,0,3,4.4,Alto,Medio
569,EL BRASIL TENORIO,81313,3,Mecanizado Verde,CC01-1940,SI,BONUS 250 EC REGULADOR FISIOLÓGICO,1.0,10.0,12.9,1,9.3,2.5,12.7,9,201809,174,0,3,6.5,Alto,Medio
570,EL BRASIL TENORIO,81313,3,Mecanizado Verde,CC01-1940,SI,BONUS 250 EC REGULADOR FISIOLÓGICO,1.0,10.3,12.4,2,9.8,2.9,13.3,10,201910,181,0,3,4.4,Alto,Alto
571,EL BRASIL TENORIO,81313,3,Mecanizado Verde,CC01-1940,SI,BONUS 250 EC REGULADOR FISIOLÓGICO,0.8,11.3,12.9,3,9.9,2.3,13.6,11,202011,163,51,3,4.4,Alto,Alto
572,EL BRASIL TENORIO,81313,4,Mecanizado Verde,CC01-1940,SI,BONUS 250 EC REGULADOR FISIOLÓGICO,0.8,8.0,12.5,4,11.1,3.2,12.8,1,202101,154,0,3,4.6,Alto,Medio
573,EL BRASIL TENORIO,81313,5,Mecanizado Verde,CC01-1940,SI,BONUS 250 EC REGULADOR FISIOLÓGICO,1.0,8.4,13.3,1,10.1,2.3,11.7,6,201806,177,0,3,12.1,Alto,Bajo
574,EL BRASIL TENORIO,81313,5,Mecanizado Verde,CC01-1940,SI,BONUS 250 EC REGULADOR FISIOLÓGICO,1.0,6.1,11.6,2,10.2,2.9,11.7,5,201905,189,0,3,4.6,Alto,Bajo
575,EL BRASIL TENORIO,81313,5,Mecanizado Verde,CC01-1940,SI,BONUS 250 EC REGULADOR FISIOLÓGICO,0.5,8.1,11.5,3,9.4,3.0,12.1,5,202005,162,0,3,4.6,Alto,Bajo
576,EL BRASIL TENORIO,81313,8,Mecanizado Verde,CC01-1940,SI,BONUS 250 EC REGULADOR FISIOLÓGICO,1.0,6.9,13.9,1,9.0,2.1,11.9,5,201805,187,299,3,14.6,Alto,Bajo
577,EL BRASIL TENORIO,81313,8,Mecanizado Verde,CC01-1940,SI,BONUS 250 EC REGULADOR FISIOLÓGICO,1.0,6.4,12.0,2,12.0,2.6,11.4,5,201905,202,0,3,4.8,Alto,Bajo
578,EL BRASIL TENORIO,81313,8,Mecanizado Verde,CC01-1940,SI,BONUS 250 EC REGULADOR FISIOLÓGICO,0.5,8.1,11.4,3,10.5,2.0,11.4,5,202005,175,81,3,3.4,Alto,Bajo
579,EL BRASIL TENORIO,81313,9,Mecanizado Verde,CC01-1940,SI,BONUS 250 EC REGULADOR FISIOLÓGICO,1.0,9.3,12.9,1,11.3,2.6,11.3,6,201806,193,303,3,6.5,Alto,Bajo
580,EL BRASIL TENORIO,81313,9,Mecanizado Verde,CC01-1940,SI,BONUS 250 EC REGULADOR FISIOLÓGICO,1.0,6.7,11.5,2,12.7,2.4,11.2,5,201905,204,0,3,4.4,Alto,Bajo
581,EL BRASIL TENORIO,81313,9,Mecanizado Verde,CC01-1940,SI,BONUS 250 EC REGULADOR FISIOLÓGICO,0.5,10.0,11.8,3,9.1,3.3,12.3,5,202005,167,76,3,3.4,Alto,Bajo
582,EL BRASIL TENORIO,81313,11,Mecanizado Verde,CC01-1940,SI,BONUS 250 EC REGULADOR FISIOLÓGICO,1.0,7.0,12.9,1,8.7,2.1,11.2,5,201805,164,0,3,12.1,Alto,Bajo
583,EL BRASIL TENORIO,81313,11,Mecanizado Verde,CC01-1940,SI,BONUS 250 EC REGULADOR FISIOLÓGICO,1.0,6.3,11.9,2,12.1,2.5,10.5,5,201905,214,0,3,4.6,Alto,Bajo
584,EL BRASIL TENORIO,81313,11,Mecanizado Verde,CC01-1940,SI,BONUS 250 EC REGULADOR FISIOLÓGICO,0.5,8.3,11.5,3,9.2,2.4,12.8,5,202005,175,0,3,3.4,Alto,Medio
587,EL BRILLANTE  BORDA,80202,999,Mecanizado Verde,CC01-1940,SI,BONUS 250 EC REGULADOR FISIOLÓGICO,1.2,12.3,13.0,2,11.0,1.7,12.4,3,201703,160,217,2,3.4,Alto,Bajo
588,EL BRILLANTE  BORDA,80202,999,Mecanizado Verde,CC01-1940,SI,BONUS 250 EC REGULADOR FISIOLÓGICO,1.5,7.4,12.7,3,8.6,8.3,12.4,4,201804,144,177,2,3.0,Medio,Bajo
589,EL BRILLANTE  BORDA,80202,999,Mecanizado Verde,CC01-1940,SI,BONUS 250 EC REGULADOR FISIOLÓGICO,1.2,10.1,12.4,5,11.3,23.1,12.9,4,202004,152,105,2,3.0,Medio,Medio
594,EL CANELO M,81052,2,Mecanizado Verde,CC01-1940,SI,BONUS 250 EC REGULADOR FISIOLÓGICO,0.8,-0.4,12.4,2,9.4,42.6,11.5,12,202012,175,0,3,3.1,Alto,Bajo
595,EL CANELO M,81052,3,Mecanizado Verde,CC01-1940,SI,BONUS 250 EC REGULADOR FISIOLÓGICO,0.8,8.9,14.6,2,6.9,2.8,14.1,9,201809,134,0,3,3.1,Medio,Alto
603,EL CARAJO,81395,2,Mecanizado Verde,CC01-1940,SI,BONUS 250 EC REGULADOR FISIOLÓGICO,0.8,9.6,13.1,1,10.0,3.3,12.4,12,201812,172,0,3,3.3,Alto,Bajo
604,EL CARAJO,81395,2,Mecanizado Verde,CC01-1940,SI,BONUS 250 EC REGULADOR FISIOLÓGICO,0.8,10.1,12.8,3,8.8,2.9,12.8,1,202101,167,0,3,3.2,Alto,Medio
605,EL CARAJO,81395,3,Mecanizado Verde,CC01-1940,SI,BONUS 250 EC REGULADOR FISIOLÓGICO,0.8,4.9,14.0,1,9.5,3.8,12.3,12,201812,171,0,3,3.3,Alto,Bajo
606,EL CARMEN,80349,1,Mecanizado Verde,CC01-1940,SI,BONUS 250 EC REGULADOR FISIOLÓGICO,0.8,11.9,15.8,4,11.3,1.6,13.7,4,201904,187,7,3,4.8,Alto,Alto
609,EL CARMEN EMPRESA,80132,1,Mecanizado Verde,CC01-1940,SI,BONUS 250 EC REGULADOR FISIOLÓGICO,1.4,18.0,14.0,2,10.6,2.8,12.5,10,201710,165,262,1,3.2,Alto,Medio
610,EL CARMEN EMPRESA,80132,1,Mecanizado Verde,CC01-1940,SI,BONUS 250 EC REGULADOR FISIOLÓGICO,1.3,12.6,12.7,3,10.7,2.3,13.7,12,201812,109,359,1,2.6,Bajo,Alto
611,EL CARMEN EMPRESA,80132,1,Mecanizado Verde,CC01-1940,SI,BONUS 250 EC REGULADOR FISIOLÓGICO,1.2,7.0,11.8,4,9.4,5.3,13.0,12,201912,121,122,1,2.7,Bajo,Medio
612,EL CARMEN EMPRESA,80132,2,Mecanizado Verde,CC01-1940,SI,BONUS 250 EC REGULADOR FISIOLÓGICO,1.4,18.1,15.6,1,9.4,3.0,13.2,10,201710,168,543,1,3.4,Alto,Alto
613,EL CARMEN EMPRESA,80132,2,Mecanizado Verde,CC01-1940,SI,BONUS 250 EC REGULADOR FISIOLÓGICO,1.2,7.0,11.8,2,8.1,2.4,13.3,9,201809,145,27,1,2.6,Medio,Alto
614,EL CARMEN EMPRESA,80132,2,Mecanizado Verde,CC01-1940,SI,BONUS 250 EC REGULADOR FISIOLÓGICO,1.0,6.7,11.7,3,9.3,2.7,12.9,9,201909,139,17,1,5.6,Medio,Medio
615,EL CARMEN EMPRESA,80132,2,Mecanizado Verde,CC01-1940,SI,BONUS 250 EC REGULADOR FISIOLÓGICO,0.8,10.6,12.6,4,8.8,2.5,13.5,10,202010,132,77,1,2.4,Bajo,Alto
617,EL CARMEN MEJIA,80289,1,Mecanizado Verde,CC01-1940,SI,BONUS 250 EC REGULADOR FISIOLÓGICO,1.2,10.7,13.6,1,7.4,2.4,13.3,10,201910,82,362,2,2.3,Bajo,Alto
618,EL CARMEN MEJIA,80289,1,Mecanizado Verde,CC01-1940,SI,BONUS 250 EC REGULADOR FISIOLÓGICO,1.2,13.3,13.0,2,10.0,1.7,13.5,12,202012,102,157,2,3.1,Bajo,Alto
619,EL CARMEN VELASCO,82510,001A,Mecanizado Verde,CC01-1940,SI,BONUS 250 EC REGULADOR FISIOLÓGICO,1.2,10.4,13.5,1,9.0,1.6,12.2,10,201910,84,362,2,2.9,Bajo,Bajo
620,EL DANUBIO C,80590,1,Mecanizado Verde,CC01-1940,SI,BONUS 250 EC REGULADOR FISIOLÓGICO,1.0,12.3,17.7,2,10.2,2.5,11.7,1,202101,147,0,3,4.4,Medio,Bajo
633,EL EDEN,80310,1,Mecanizado Verde,CC01-1940,SI,BONUS 250 EC REGULADOR FISIOLÓGICO,1.0,6.1,12.9,1,7.5,2.1,12.7,4,201704,158,0,3,3.2,Alto,Medio
634,EL EDEN,80310,1,Mecanizado Verde,CC01-1940,SI,BONUS 250 EC REGULADOR FISIOLÓGICO,1.1,7.4,11.4,2,7.0,1.9,13.4,3,201803,130,0,3,3.2,Bajo,Alto
635,EL EDEN,80310,1,Mecanizado Verde,CC01-1940,SI,BONUS 250 EC REGULADOR FISIOLÓGICO,0.6,4.7,11.2,3,8.2,7.3,13.5,3,201903,131,0,3,11.1,Bajo,Alto
636,EL EDEN,80310,1,Mecanizado Verde,CC01-1940,SI,BONUS 250 EC REGULADOR FISIOLÓGICO,1.2,5.7,11.1,4,8.3,2.3,13.9,2,202002,137,0,3,14.1,Medio,Alto
637,EL EDEN,80310,001A,Mecanizado Verde,CC01-1940,SI,BONUS 250 EC REGULADOR FISIOLÓGICO,0.6,4.9,12.2,1,7.3,2.6,13.9,3,201903,173,0,3,5.3,Alto,Alto
638,EL EDEN,80310,001A,Mecanizado Verde,CC01-1940,SI,BONUS 250 EC REGULADOR FISIOLÓGICO,1.2,5.7,11.1,2,8.9,1.8,13.2,2,202002,155,0,3,14.1,Alto,Alto
639,EL EDEN,80310,001B,Mecanizado Verde,CC01-1940,SI,BONUS 250 EC REGULADOR FISIOLÓGICO,0.6,5.1,12.3,1,6.5,2.1,13.3,3,201903,161,0,3,4.1,Alto,Alto
640,EL EDEN,80310,001B,Mecanizado Verde,CC01-1940,SI,BONUS 250 EC REGULADOR FISIOLÓGICO,1.2,6.0,11.1,2,7.8,2.1,13.2,2,202002,151,0,3,14.1,Medio,Alto
644,EL EDEN,80310,3,Mecanizado Verde,CC01-1940,SI,BONUS 250 EC REGULADOR FISIOLÓGICO,0.8,5.7,12.5,1,7.0,2.2,13.9,9,201909,150,0,3,3.2,Medio,Alto
645,EL EDEN,80310,3,Mecanizado Verde,CC01-1940,SI,BONUS 250 EC REGULADOR FISIOLÓGICO,0.5,9.1,12.0,2,7.6,2.2,13.5,9,202009,133,99,3,8.3,Bajo,Alto
646,EL EDEN,80310,4,Mecanizado Verde,CC01-1940,SI,BONUS 250 EC REGULADOR FISIOLÓGICO,1.3,3.3,12.5,2,6.7,1.9,12.7,8,201708,183,0,3,5.6,Alto,Medio
647,EL EDEN,80310,4,Mecanizado Verde,CC01-1940,SI,BONUS 250 EC REGULADOR FISIOLÓGICO,1.0,7.7,12.0,4,8.0,2.2,13.3,8,201908,146,0,3,6.9,Medio,Alto
648,EL EDEN,80310,4,Mecanizado Verde,CC01-1940,SI,BONUS 250 EC REGULADOR FISIOLÓGICO,0.8,7.7,11.9,5,8.9,2.5,13.2,8,202008,137,32,3,6.4,Medio,Alto
649,EL EDEN,80310,5,Mecanizado Verde,CC01-1940,SI,BONUS 250 EC REGULADOR FISIOLÓGICO,0.8,3.0,11.8,1,6.0,2.7,13.1,8,201908,158,0,3,6.9,Alto,Medio
650,EL EDEN,80310,5,Mecanizado Verde,CC01-1940,SI,BONUS 250 EC REGULADOR FISIOLÓGICO,0.8,7.9,11.9,2,10.2,2.4,12.8,8,202008,148,42,3,9.2,Medio,Medio
652,EL EDEN,80310,005A,Mecanizado Verde,CC01-1940,SI,BONUS 250 EC REGULADOR FISIOLÓGICO,0.8,3.1,11.1,2,7.4,2.3,13.1,8,201908,156,0,3,6.9,Alto,Medio
653,EL EDEN,80310,005A,Mecanizado Verde,CC01-1940,SI,BONUS 250 EC REGULADOR FISIOLÓGICO,0.8,8.3,12.0,3,3.4,2.2,12.9,8,202008,152,59,3,9.2,Medio,Medio
655,EL EDEN,80310,6,Mecanizado Verde,CC01-1940,SI,BONUS 250 EC REGULADOR FISIOLÓGICO,0.5,3.1,11.6,1,7.9,2.1,13.7,9,201909,153,0,3,3.2,Medio,Alto
656,EL EDEN,80310,6,Mecanizado Verde,CC01-1940,SI,BONUS 250 EC REGULADOR FISIOLÓGICO,0.8,9.4,12.0,2,8.0,2.0,12.9,9,202009,138,99,3,10.7,Medio,Medio
657,EL EDEN,80310,7,Mecanizado Verde,CC01-1940,SI,BONUS 250 EC REGULADOR FISIOLÓGICO,0.5,3.3,11.3,1,6.6,2.5,13.5,9,201909,145,0,3,3.2,Medio,Alto
658,EL EDEN,80310,7,Mecanizado Verde,CC01-1940,SI,BONUS 250 EC REGULADOR FISIOLÓGICO,0.8,9.4,12.0,2,7.2,2.7,12.6,9,202009,137,99,3,8.3,Medio,Medio
663,EL ENCANTO,80596,5,Mecanizado Verde,CC01-1940,SI,BONUS 250 EC REGULADOR FISIOLÓGICO,1.0,10.9,13.6,1,9.1,2.6,12.2,6,201906,117,0,3,6.4,Bajo,Bajo
666,EL ESPEJO,80299,6,Mecanizado Verde,CC01-1940,SI,BONUS 250 EC REGULADOR FISIOLÓGICO,1.3,8.3,12.3,1,9.0,2.3,12.3,7,201807,184,109,2,7.3,Alto,Bajo
668,EL ESPEJO,80299,7,Mecanizado Verde,CC01-1940,SI,BONUS 250 EC REGULADOR FISIOLÓGICO,1.0,9.0,13.0,1,7.6,2.5,12.4,11,201611,124,235,2,6.3,Bajo,Bajo
669,EL ESPEJO,80299,7,Mecanizado Verde,CC01-1940,SI,BONUS 250 EC REGULADOR FISIOLÓGICO,1.3,9.1,13.8,2,10.2,2.5,11.4,1,201801,156,323,2,11.9,Alto,Bajo
670,EL ESPEJO,80299,7,Mecanizado Verde,CC01-1940,SI,BONUS 250 EC REGULADOR FISIOLÓGICO,1.2,8.9,11.9,3,8.8,2.4,13.2,1,201901,111,134,2,12.9,Bajo,Alto
676,EL FARO,80184,1,Mecanizado Verde,CC01-1940,SI,BONUS 250 EC REGULADOR FISIOLÓGICO,1.0,8.1,13.7,1,9.1,2.6,12.8,6,201506,161,155,2,1.3,Alto,Medio
678,EL FARO,80184,001B,Mecanizado Verde,CC01-1940,SI,BONUS 250 EC REGULADOR FISIOLÓGICO,0.8,8.3,12.0,2,8.2,2.9,14.5,6,201506,128,71,2,0.5,Bajo,Alto
680,EL FARO EMPRESA,82515,1,Mecanizado Verde,CC01-1940,SI,BONUS 250 EC REGULADOR FISIOLÓGICO,1.2,10.4,12.4,6,8.3,3.1,14.2,10,201910,144,89,1,1.9,Medio,Alto
681,EL FARO EMPRESA,82515,1,Mecanizado Verde,CC01-1940,SI,BONUS 250 EC REGULADOR FISIOLÓGICO,0.8,10.3,12.6,7,9.0,3.0,13.9,10,202010,127,51,1,5.9,Bajo,Alto
682,EL FARO EMPRESA,82515,1,Mecanizado Verde,CC01-1940,SI,BONUS 250 EC REGULADOR FISIOLÓGICO,1.2,10.1,12.3,4,7.7,3.4,12.6,9,201809,123,51,1,1.8,Bajo,Medio
683,EL FARO EMPRESA,82515,001A,Mecanizado Verde,CC01-1940,SI,BONUS 250 EC REGULADOR FISIOLÓGICO,1.2,7.6,12.9,1,11.6,3.0,11.9,12,201812,152,186,1,4.4,Medio,Bajo
684,EL FARO EMPRESA,82515,001A,Mecanizado Verde,CC01-1940,SI,BONUS 250 EC REGULADOR FISIOLÓGICO,1.2,11.0,12.8,2,8.9,2.4,13.2,12,201912,133,173,1,2.3,Bajo,Alto
685,EL FARO EMPRESA,82515,001A,Mecanizado Verde,CC01-1940,SI,BONUS 250 EC REGULADOR FISIOLÓGICO,0.8,7.9,12.3,3,9.5,2.6,12.8,1,202101,150,171,1,4.4,Medio,Medio
687,EL FARO EMPRESA,82515,001B,Mecanizado Verde,CC01-1940,SI,BONUS 250 EC REGULADOR FISIOLÓGICO,1.7,17.6,14.6,4,10.7,2.5,13.5,9,201709,163,264,1,0.8,Alto,Alto
688,EL FARO EMPRESA,82515,001B,Mecanizado Verde,CC01-1940,SI,BONUS 250 EC REGULADOR FISIOLÓGICO,1.2,10.4,12.2,5,8.1,3.0,13.5,9,201809,125,51,1,1.2,Bajo,Alto
689,EL FARO EMPRESA,82515,2,Mecanizado Verde,CC01-1940,SI,BONUS 250 EC REGULADOR FISIOLÓGICO,1.2,5.4,12.6,1,8.9,2.3,12.8,12,201912,138,168,1,1.6,Medio,Medio
690,EL FARO EMPRESA,82515,2,Mecanizado Verde,CC01-1940,SI,BONUS 250 EC REGULADOR FISIOLÓGICO,0.8,8.0,12.4,2,9.2,2.0,13.2,1,202101,149,171,1,4.4,Medio,Alto
693,EL FARO EMPRESA,82515,3,Mecanizado Verde,CC01-1940,SI,BONUS 250 EC REGULADOR FISIOLÓGICO,1.2,8.1,13.1,1,8.5,2.5,12.9,12,201912,151,203,1,2.0,Medio,Medio
694,EL FARO EMPRESA,82515,3,Mecanizado Verde,CC01-1940,SI,BONUS 250 EC REGULADOR FISIOLÓGICO,0.8,8.1,12.4,2,9.6,2.3,12.3,1,202101,165,179,1,4.4,Alto,Bajo
703,EL GUABAL,80161,006A,Mecanizado Verde,CC01-1940,SI,BONUS 250 EC REGULADOR FISIOLÓGICO,1.2,13.4,13.6,3,8.5,3.3,13.3,11,201611,89,261,2,8.3,Bajo,Alto
709,EL GUABAL,80161,008A,Mecanizado Verde,CC01-1940,SI,BONUS 250 EC REGULADOR FISIOLÓGICO,1.2,13.3,13.5,3,7.8,3.3,12.3,11,201611,79,261,2,8.3,Bajo,Bajo
729,EL GUABITO EMPRESA,80117,1,Mecanizado Verde,CC01-1940,SI,BONUS 250 EC REGULADOR FISIOLÓGICO,1.4,3.3,11.8,1,9.8,5.3,12.2,1,202001,120,40,1,3.2,Bajo,Bajo
730,EL GUABITO EMPRESA,80117,1,Mecanizado Verde,CC01-1940,SI,BONUS 250 EC REGULADOR FISIOLÓGICO,0.8,6.0,11.8,2,9.9,2.9,13.1,1,202101,113,112,1,3.2,Bajo,Medio
732,EL GUABITO EMPRESA,80117,2,Mecanizado Verde,CC01-1940,SI,BONUS 250 EC REGULADOR FISIOLÓGICO,1.4,8.0,12.3,2,9.8,13.8,13.8,1,202001,116,158,1,2.2,Bajo,Alto
733,EL GUABITO EMPRESA,80117,2,Mecanizado Verde,CC01-1940,SI,BONUS 250 EC REGULADOR FISIOLÓGICO,0.8,6.3,12.1,3,9.2,2.8,13.2,1,202101,132,127,1,3.0,Bajo,Alto
738,EL GUABITO EMPRESA,80117,003A,Mecanizado Verde,CC01-1940,SI,BONUS 250 EC REGULADOR FISIOLÓGICO,1.4,5.1,11.7,2,12.0,33.1,11.3,1,202001,183,33,1,3.7,Alto,Bajo
739,EL GUABITO EMPRESA,80117,003B,Mecanizado Verde,CC01-1940,SI,BONUS 250 EC REGULADOR FISIOLÓGICO,1.5,12.3,14.2,1,5.7,3.0,12.5,1,201901,125,436,1,4.6,Bajo,Medio
740,EL GUABITO EMPRESA,80117,4,Mecanizado Verde,CC01-1940,SI,BONUS 250 EC REGULADOR FISIOLÓGICO,1.4,3.6,11.9,1,9.9,3.0,12.3,1,202001,139,40,1,2.9,Medio,Bajo
741,EL GUABITO EMPRESA,80117,4,Mecanizado Verde,CC01-1940,SI,BONUS 250 EC REGULADOR FISIOLÓGICO,0.8,7.9,12.2,2,9.0,3.3,12.5,1,202101,149,112,1,3.2,Medio,Medio
744,EL GUABITO EMPRESA,80117,004A,Mecanizado Verde,CC01-1940,SI,BONUS 250 EC REGULADOR FISIOLÓGICO,1.5,9.0,12.0,2,7.8,3.3,13.1,9,201809,144,61,1,3.5,Medio,Medio
745,EL GUABITO EMPRESA,80117,004B,Mecanizado Verde,CC01-1940,SI,BONUS 250 EC REGULADOR FISIOLÓGICO,1.5,10.6,12.4,2,8.3,3.2,13.4,9,201809,227,95,1,3.5,Alto,Alto
746,EL GUABITO EMPRESA,80117,004B,Mecanizado Verde,CC01-1940,SI,BONUS 250 EC REGULADOR FISIOLÓGICO,1.0,14.0,12.8,3,12.0,4.2,12.2,10,201910,155,185,1,4.6,Alto,Bajo
747,EL GUABITO EMPRESA,80117,004B,Mecanizado Verde,CC01-1940,SI,BONUS 250 EC REGULADOR FISIOLÓGICO,0.8,11.7,12.7,4,9.4,3.8,13.1,11,202011,154,169,1,3.2,Alto,Medio
750,EL GUABITO EMPRESA,80117,6,Mecanizado Verde,CC01-1940,SI,BONUS 250 EC REGULADOR FISIOLÓGICO,1.5,10.7,12.4,3,8.2,3.4,13.9,9,201809,169,95,1,2.7,Alto,Alto
751,EL GUABITO EMPRESA,80117,6,Mecanizado Verde,CC01-1940,SI,BONUS 250 EC REGULADOR FISIOLÓGICO,1.0,14.1,12.8,4,10.8,3.4,12.9,10,201910,161,185,1,4.6,Alto,Medio
752,EL GUABITO EMPRESA,80117,6,Mecanizado Verde,CC01-1940,SI,BONUS 250 EC REGULADOR FISIOLÓGICO,0.8,11.7,12.6,5,8.7,2.9,12.7,11,202011,159,169,1,3.2,Alto,Medio
764,EL GUACHAL,80364,3,Mecanizado Verde,CC01-1940,SI,BONUS 250 EC REGULADOR FISIOLÓGICO,0.8,11.3,12.7,5,8.6,3.0,14.2,10,202010,145,85,3,4.4,Medio,Alto
766,EL GUACHAL,80364,4,Mecanizado Verde,CC01-1940,SI,BONUS 250 EC REGULADOR FISIOLÓGICO,1.0,8.6,14.0,1,8.7,6.6,12.5,5,201805,158,337,3,3.7,Alto,Medio
767,EL GUACHAL,80364,4,Mecanizado Verde,CC01-1940,SI,BONUS 250 EC REGULADOR FISIOLÓGICO,1.0,7.6,12.3,3,7.0,22.6,13.1,4,202004,159,92,3,3.1,Alto,Medio
769,EL GUACHAL,80364,004A,Mecanizado Verde,CC01-1940,SI,BONUS 250 EC REGULADOR FISIOLÓGICO,1.1,6.4,12.3,2,8.7,2.2,12.4,5,201905,151,0,3,1.7,Medio,Bajo
770,EL GUACHAL,80364,004A,Mecanizado Verde,CC01-1940,SI,BONUS 250 EC REGULADOR FISIOLÓGICO,0.8,6.3,12.3,3,9.3,3.1,12.8,5,202005,153,115,3,3.1,Medio,Medio
771,EL GUACHAL,80364,5,Mecanizado Verde,CC01-1940,SI,BONUS 250 EC REGULADOR FISIOLÓGICO,1.0,7.3,13.9,1,8.6,2.0,13.4,3,202003,172,114,3,5.4,Alto,Alto
776,EL GUACHAL,80364,6,Mecanizado Verde,CC01-1940,SI,BONUS 250 EC REGULADOR FISIOLÓGICO,0.8,10.9,12.3,5,10.0,2.3,13.9,10,202010,136,85,3,4.4,Medio,Alto
778,EL GUAYABITO,80688,1,Mecanizado Verde,CC01-1940,SI,BONUS 250 EC REGULADOR FISIOLÓGICO,1.1,27.0,16.4,3,9.7,3.0,11.6,7,201707,146,397,3,4.9,Medio,Bajo
779,EL GUAYABITO,80688,1,Mecanizado Verde,CC01-1940,SI,BONUS 250 EC REGULADOR FISIOLÓGICO,0.6,7.1,11.5,4,8.3,2.7,13.3,7,201807,114,34,3,8.8,Bajo,Alto
780,EL GUAYABITO,80688,1,Mecanizado Verde,CC01-1940,SI,BONUS 250 EC REGULADOR FISIOLÓGICO,0.8,8.3,12.3,5,10.4,2.4,13.0,7,201907,114,0,3,3.9,Bajo,Medio
782,EL GUAYABITO,80688,001A,Mecanizado Verde,CC01-1940,SI,BONUS 250 EC REGULADOR FISIOLÓGICO,1.0,9.4,14.8,2,8.7,4.6,11.9,12,201712,182,358,3,3.2,Alto,Bajo
783,EL GUAYABITO,80688,001A,Mecanizado Verde,CC01-1940,SI,BONUS 250 EC REGULADOR FISIOLÓGICO,0.6,8.7,11.8,3,10.1,2.7,11.8,12,201812,181,0,3,3.2,Alto,Bajo
784,EL GUAYABITO,80688,001A,Mecanizado Verde,CC01-1940,SI,BONUS 250 EC REGULADOR FISIOLÓGICO,0.5,9.7,12.3,4,8.3,2.9,13.0,12,201912,144,0,3,3.1,Medio,Medio
786,EL GUAYABITO,80688,001B,Mecanizado Verde,CC01-1940,SI,BONUS 250 EC REGULADOR FISIOLÓGICO,1.0,15.0,14.4,1,7.2,2.4,14.1,2,201702,183,0,3,3.2,Alto,Alto
787,EL GUAYABITO,80688,001B,Mecanizado Verde,CC01-1940,SI,BONUS 250 EC REGULADOR FISIOLÓGICO,0.8,12.9,12.9,3,10.6,2.9,12.6,7,201907,142,0,3,3.9,Medio,Medio
791,EL GUAYABITO,80688,003A,Mecanizado Verde,CC01-1940,SI,BONUS 250 EC REGULADOR FISIOLÓGICO,0.6,13.4,14.2,1,8.5,2.4,12.8,12,201812,162,101,3,3.2,Alto,Medio
792,EL GUAYABITO,80688,003A,Mecanizado Verde,CC01-1940,SI,BONUS 250 EC REGULADOR FISIOLÓGICO,0.5,9.3,11.8,2,8.5,2.6,12.3,12,201912,126,0,3,3.1,Bajo,Bajo
793,EL GUAYABITO,80688,4,Mecanizado Verde,CC01-1940,SI,BONUS 250 EC REGULADOR FISIOLÓGICO,1.0,14.1,14.4,1,7.9,2.6,12.9,2,201702,169,0,3,3.5,Alto,Medio
794,EL HIGUERON EMPRESA,82506,1,Mecanizado Verde,CC01-1940,SI,BONUS 250 EC REGULADOR FISIOLÓGICO,1.7,6.7,14.0,2,7.7,3.8,12.4,12,201712,169,262,1,4.4,Alto,Bajo
795,EL HIGUERON EMPRESA,82506,1,Mecanizado Verde,CC01-1940,SI,BONUS 250 EC REGULADOR FISIOLÓGICO,1.5,7.1,11.5,3,9.9,3.0,12.2,12,201812,152,102,1,1.4,Medio,Bajo
796,EL HIGUERON EMPRESA,82506,1,Mecanizado Verde,CC01-1940,SI,BONUS 250 EC REGULADOR FISIOLÓGICO,1.2,5.7,11.4,4,11.7,2.3,12.5,11,201911,143,138,1,3.3,Medio,Medio
797,EL HIGUERON EMPRESA,82506,1,Mecanizado Verde,CC01-1940,SI,BONUS 250 EC REGULADOR FISIOLÓGICO,0.8,12.7,13.1,5,9.1,2.8,13.1,12,202012,149,215,1,5.3,Medio,Medio
798,EL HIGUERON EMPRESA,82506,001A,Mecanizado Verde,CC01-1940,SI,BONUS 250 EC REGULADOR FISIOLÓGICO,1.5,11.7,12.5,3,9.3,9.7,12.9,1,201901,109,121,1,2.0,Bajo,Medio
799,EL HIGUERON EMPRESA,82506,2,Mecanizado Verde,CC01-1940,SI,BONUS 250 EC REGULADOR FISIOLÓGICO,1.2,7.9,11.5,3,8.5,2.3,13.0,1,201901,139,30,1,3.2,Medio,Medio
800,EL HIGUERON EMPRESA,82506,2,Mecanizado Verde,CC01-1940,SI,BONUS 250 EC REGULADOR FISIOLÓGICO,1.2,8.0,11.7,4,10.3,2.7,13.2,1,202001,139,82,1,2.6,Medio,Alto
801,EL HIGUERON EMPRESA,82506,2,Mecanizado Verde,CC01-1940,SI,BONUS 250 EC REGULADOR FISIOLÓGICO,0.8,6.3,12.1,5,8.8,2.3,13.0,1,202101,156,205,1,1.4,Alto,Medio
802,EL HIGUERON EMPRESA,82506,002E,Mecanizado Verde,CC01-1940,SI,BONUS 250 EC REGULADOR FISIOLÓGICO,0.8,10.9,15.4,2,8.6,2.8,12.2,1,201801,173,477,1,3.7,Alto,Bajo
803,EL HIGUERON EMPRESA,82506,3,Mecanizado Verde,CC01-1940,SI,BONUS 250 EC REGULADOR FISIOLÓGICO,1.7,5.3,13.8,2,8.3,6.6,12.5,12,201712,166,262,1,4.4,Alto,Medio
804,EL HIGUERON EMPRESA,82506,3,Mecanizado Verde,CC01-1940,SI,BONUS 250 EC REGULADOR FISIOLÓGICO,1.5,11.3,12.8,3,7.2,2.9,13.8,1,201901,127,134,1,0.2,Bajo,Alto
805,EL HIGUERON EMPRESA,82506,3,Mecanizado Verde,CC01-1940,SI,BONUS 250 EC REGULADOR FISIOLÓGICO,1.2,7.6,12.0,4,9.7,2.1,13.3,1,202001,132,160,1,2.6,Bajo,Alto
806,EL HIGUERON EMPRESA,82506,3,Mecanizado Verde,CC01-1940,SI,BONUS 250 EC REGULADOR FISIOLÓGICO,0.8,6.6,12.2,5,9.2,2.4,13.0,1,202101,155,223,1,1.5,Alto,Medio
807,EL HIGUERON EMPRESA,82506,4,Mecanizado Verde,CC01-1940,SI,BONUS 250 EC REGULADOR FISIOLÓGICO,1.0,9.3,13.1,1,8.9,6.2,13.3,10,201610,170,91,1,7.1,Alto,Alto
808,EL HIGUERON EMPRESA,82506,4,Mecanizado Verde,CC01-1940,SI,BONUS 250 EC REGULADOR FISIOLÓGICO,1.7,6.4,14.1,2,8.7,5.1,12.3,12,201712,175,291,1,4.4,Alto,Bajo
809,EL HIGUERON EMPRESA,82506,4,Mecanizado Verde,CC01-1940,SI,BONUS 250 EC REGULADOR FISIOLÓGICO,1.5,6.9,11.5,3,9.8,2.6,12.9,12,201812,146,102,1,0.7,Medio,Medio
810,EL HIGUERON EMPRESA,82506,4,Mecanizado Verde,CC01-1940,SI,BONUS 250 EC REGULADOR FISIOLÓGICO,1.2,5.7,11.5,4,10.6,2.3,12.7,11,201911,141,147,1,4.0,Medio,Medio
811,EL HIGUERON EMPRESA,82506,4,Mecanizado Verde,CC01-1940,SI,BONUS 250 EC REGULADOR FISIOLÓGICO,0.8,11.6,12.8,5,8.4,2.3,13.4,12,202012,140,210,1,6.1,Medio,Alto
812,EL HIGUERON EMPRESA,82506,5,Mecanizado Verde,CC01-1940,SI,BONUS 250 EC REGULADOR FISIOLÓGICO,1.3,12.3,15.3,2,8.8,6.4,12.5,12,201712,172,287,1,4.4,Alto,Medio
813,EL HIGUERON EMPRESA,82506,5,Mecanizado Verde,CC01-1940,SI,BONUS 250 EC REGULADOR FISIOLÓGICO,1.5,9.7,12.5,3,8.5,3.4,13.2,12,201812,161,152,1,2.0,Alto,Alto
814,EL HIGUERON EMPRESA,82506,5,Mecanizado Verde,CC01-1940,SI,BONUS 250 EC REGULADOR FISIOLÓGICO,1.2,3.7,10.9,4,10.8,2.7,12.5,11,201911,145,137,1,3.3,Medio,Medio
815,EL HIGUERON EMPRESA,82506,5,Mecanizado Verde,CC01-1940,SI,BONUS 250 EC REGULADOR FISIOLÓGICO,0.8,11.3,12.8,5,8.4,2.6,13.2,12,202012,147,223,1,2.9,Medio,Alto
816,EL HIGUERON EMPRESA,82506,6,Mecanizado Verde,CC01-1940,SI,BONUS 250 EC REGULADOR FISIOLÓGICO,1.3,12.3,15.5,2,6.6,4.7,12.3,12,201712,174,309,1,4.4,Alto,Bajo
817,EL HIGUERON EMPRESA,82506,6,Mecanizado Verde,CC01-1940,SI,BONUS 250 EC REGULADOR FISIOLÓGICO,1.5,9.9,12.5,3,7.8,3.1,12.6,12,201812,190,152,1,2.8,Alto,Medio
818,EL HIGUERON EMPRESA,82506,6,Mecanizado Verde,CC01-1940,SI,BONUS 250 EC REGULADOR FISIOLÓGICO,1.2,4.0,11.0,4,10.5,2.7,12.4,11,201911,138,137,1,3.3,Medio,Bajo
819,EL HIGUERON EMPRESA,82506,6,Mecanizado Verde,CC01-1940,SI,BONUS 250 EC REGULADOR FISIOLÓGICO,0.8,9.3,13.0,5,9.3,2.7,12.4,1,202101,177,240,1,1.4,Alto,Bajo
820,EL HIGUERON EMPRESA,82506,006A,Mecanizado Verde,CC01-1940,SI,BONUS 250 EC REGULADOR FISIOLÓGICO,1.5,11.1,12.8,3,8.7,2.3,13.5,1,201901,160,152,1,3.7,Alto,Alto
821,EL JAGUAL,80354,1,Mecanizado Verde,CC01-1940,SI,BONUS 250 EC REGULADOR FISIOLÓGICO,0.8,13.7,13.8,3,8.9,2.4,13.4,1,202101,154,111,3,2.3,Alto,Alto
822,EL JAGUAL,80354,2,Mecanizado Verde,CC01-1940,SI,BONUS 250 EC REGULADOR FISIOLÓGICO,1.2,9.3,12.3,2,10.1,10.0,12.0,4,201704,172,342,3,2.6,Alto,Bajo
823,EL JAGUAL,80354,2,Mecanizado Verde,CC01-1940,SI,BONUS 250 EC REGULADOR FISIOLÓGICO,0.8,8.0,12.4,3,8.9,2.3,12.3,4,201804,131,232,3,6.5,Bajo,Bajo
824,EL JAGUAL,80354,2,Mecanizado Verde,CC01-1940,SI,BONUS 250 EC REGULADOR FISIOLÓGICO,1.1,10.4,13.3,4,10.9,2.7,12.3,6,201906,157,0,3,1.8,Alto,Bajo
825,EL JAGUAL,80354,2,Mecanizado Verde,CC01-1940,SI,BONUS 250 EC REGULADOR FISIOLÓGICO,0.8,8.9,12.7,5,9.3,2.2,12.0,7,202007,152,212,3,4.0,Medio,Bajo
826,EL JAGUAL,80354,002A,Mecanizado Verde,CC01-1940,SI,BONUS 250 EC REGULADOR FISIOLÓGICO,1.2,19.3,14.6,2,5.0,3.5,12.3,6,201706,192,738,3,4.3,Alto,Bajo
827,EL JAGUAL,80354,3,Mecanizado Verde,CC01-1940,SI,BONUS 250 EC REGULADOR FISIOLÓGICO,1.0,6.9,13.6,1,10.1,2.2,11.3,6,201906,191,0,3,1.7,Alto,Bajo
828,EL JAGUAL,80354,3,Mecanizado Verde,CC01-1940,SI,BONUS 250 EC REGULADOR FISIOLÓGICO,0.8,7.1,12.2,2,10.9,3.3,11.6,6,202006,171,174,3,4.0,Alto,Bajo
831,EL JAGUAL,80354,003A,Mecanizado Verde,CC01-1940,SI,BONUS 250 EC REGULADOR FISIOLÓGICO,1.1,7.7,13.6,1,7.9,2.6,13.1,9,201909,184,0,3,4.4,Alto,Medio
832,EL JAGUAL,80354,003A,Mecanizado Verde,CC01-1940,SI,BONUS 250 EC REGULADOR FISIOLÓGICO,0.8,8.9,12.6,2,8.2,3.0,13.4,10,202010,156,80,3,3.0,Alto,Alto
833,EL JAGUAL,80354,4,Mecanizado Verde,CC01-1940,SI,BONUS 250 EC REGULADOR FISIOLÓGICO,0.8,11.3,14.0,1,8.6,2.2,12.7,6,202006,167,326,3,3.2,Alto,Medio
838,EL JAGUAL,80354,5,Mecanizado Verde,CC01-1940,SI,BONUS 250 EC REGULADOR FISIOLÓGICO,1.2,5.0,13.0,1,9.3,3.0,13.0,3,202003,159,127,3,5.0,Alto,Medio
845,EL JAGUAL,80354,8,Mecanizado Verde,CC01-1940,SI,BONUS 250 EC REGULADOR FISIOLÓGICO,1.1,7.4,13.6,1,7.8,3.0,14.1,9,201909,152,0,3,4.4,Medio,Alto
846,EL JAGUAL,80354,8,Mecanizado Verde,CC01-1940,SI,BONUS 250 EC REGULADOR FISIOLÓGICO,0.8,9.0,12.7,2,10.4,2.3,13.6,10,202010,158,80,3,3.0,Alto,Alto
849,EL JAGUAL,80354,9,Mecanizado Verde,CC01-1940,SI,BONUS 250 EC REGULADOR FISIOLÓGICO,1.1,9.1,13.7,1,7.2,2.3,14.7,9,201909,142,0,3,4.4,Medio,Alto
850,EL JAGUAL,80354,9,Mecanizado Verde,CC01-1940,SI,BONUS 250 EC REGULADOR FISIOLÓGICO,0.8,10.3,12.6,2,8.2,2.4,14.7,10,202010,127,74,3,4.4,Bajo,Alto
854,EL JAGUAL,80354,011A,Mecanizado Verde,CC01-1940,SI,BONUS 250 EC REGULADOR FISIOLÓGICO,1.0,12.6,14.4,1,9.2,7.0,13.5,12,202012,174,124,3,4.4,Alto,Alto
856,EL JAGUAL,80354,14,Mecanizado Verde,CC01-1940,SI,BONUS 250 EC REGULADOR FISIOLÓGICO,1.2,7.3,12.4,1,7.4,2.4,13.5,8,201808,184,85,3,7.5,Alto,Alto
857,EL JAGUAL,80354,14,Mecanizado Verde,CC01-1940,SI,BONUS 250 EC REGULADOR FISIOLÓGICO,1.0,12.1,13.5,2,7.7,2.2,14.0,9,201909,171,0,3,4.4,Alto,Alto
858,EL JAGUAL,80354,14,Mecanizado Verde,CC01-1940,SI,BONUS 250 EC REGULADOR FISIOLÓGICO,0.8,9.4,12.5,3,7.1,2.6,14.6,10,202010,148,99,3,3.0,Medio,Alto
859,EL JAGUAL,80354,15,Mecanizado Verde,CC01-1940,SI,BONUS 250 EC REGULADOR FISIOLÓGICO,1.0,13.7,13.4,2,9.4,2.4,13.3,3,201703,171,267,3,2.6,Alto,Alto
860,EL JAGUAL,80354,15,Mecanizado Verde,CC01-1940,SI,BONUS 250 EC REGULADOR FISIOLÓGICO,0.8,7.7,13.1,3,8.4,2.5,12.8,4,201804,134,200,3,3.2,Medio,Medio
861,EL JAGUAL,80354,15,Mecanizado Verde,CC01-1940,SI,BONUS 250 EC REGULADOR FISIOLÓGICO,1.1,6.4,12.5,4,10.1,2.1,12.0,5,201905,146,0,3,1.7,Medio,Bajo
862,EL JAGUAL,80354,15,Mecanizado Verde,CC01-1940,SI,BONUS 250 EC REGULADOR FISIOLÓGICO,0.8,6.6,12.3,5,11.1,2.2,12.6,5,202005,150,138,3,4.0,Medio,Medio
867,EL JAGUAL,80354,17,Mecanizado Verde,CC01-1940,SI,BONUS 250 EC REGULADOR FISIOLÓGICO,1.0,15.9,13.9,2,9.5,2.6,12.6,4,201704,148,356,3,2.6,Medio,Medio
868,EL JAGUAL,80354,17,Mecanizado Verde,CC01-1940,SI,BONUS 250 EC REGULADOR FISIOLÓGICO,0.8,8.3,12.8,3,9.2,2.3,12.6,4,201804,134,200,3,6.5,Medio,Medio
869,EL JAGUAL,80354,17,Mecanizado Verde,CC01-1940,SI,BONUS 250 EC REGULADOR FISIOLÓGICO,1.1,6.3,12.3,4,8.2,1.9,12.6,5,201905,126,0,3,1.7,Bajo,Medio
870,EL JAGUAL,80354,17,Mecanizado Verde,CC01-1940,SI,BONUS 250 EC REGULADOR FISIOLÓGICO,0.8,6.0,12.2,5,9.8,2.3,12.3,5,202005,151,130,3,4.0,Medio,Bajo
871,EL JAGUAL,80354,18,Mecanizado Verde,CC01-1940,SI,BONUS 250 EC REGULADOR FISIOLÓGICO,0.8,14.7,14.1,3,10.3,2.6,13.0,1,202101,128,113,3,5.4,Bajo,Medio
872,EL JAGUAL,80354,018A,Mecanizado Verde,CC01-1940,SI,BONUS 250 EC REGULADOR FISIOLÓGICO,1.0,12.4,13.2,2,7.3,1.8,14.5,9,201909,154,0,3,4.4,Alto,Alto
873,EL JAGUAL,80354,018A,Mecanizado Verde,CC01-1940,SI,BONUS 250 EC REGULADOR FISIOLÓGICO,1.2,12.1,14.3,3,10.9,3.4,13.9,12,202012,149,92,3,4.4,Medio,Alto
878,EL JARDIN,80126,126,Mecanizado Verde,CC01-1940,SI,BONUS 250 EC REGULADOR FISIOLÓGICO,0.8,10.4,12.4,4,9.1,1.8,12.8,11,201911,120,352,1,4.9,Bajo,Medio
879,EL JARDIN,80126,126,Mecanizado Verde,CC01-1940,SI,BONUS 250 EC REGULADOR FISIOLÓGICO,1.0,9.7,12.4,5,9.7,21.4,13.5,11,202011,71,107,1,10.6,Bajo,Alto
880,EL JARDIN,80126,126A,Mecanizado Verde,CC01-1940,SI,BONUS 250 EC REGULADOR FISIOLÓGICO,1.2,16.7,15.1,2,7.7,2.4,12.7,11,201711,153,277,1,14.4,Medio,Medio
884,EL JARDIN,80126,128C,Mecanizado Verde,CC01-1940,SI,BONUS 250 EC REGULADOR FISIOLÓGICO,1.0,8.4,12.8,1,9.5,1.6,11.1,6,201606,113,518,1,10.2,Bajo,Bajo
885,EL JARDIN,80126,128C,Mecanizado Verde,CC01-1940,SI,BONUS 250 EC REGULADOR FISIOLÓGICO,1.2,12.6,12.8,3,9.2,2.8,13.7,10,201810,140,132,1,7.6,Medio,Alto
886,EL JARDIN,80126,129,Mecanizado Verde,CC01-1940,SI,BONUS 250 EC REGULADOR FISIOLÓGICO,1.0,7.9,12.1,6,12.9,10.4,12.4,1,202001,130,140,1,3.1,Bajo,Bajo
889,EL JARDIN,80126,129C,Mecanizado Verde,CC01-1940,SI,BONUS 250 EC REGULADOR FISIOLÓGICO,1.0,9.7,12.0,2,11.6,24.6,13.7,10,201910,124,138,1,4.2,Bajo,Alto
890,EL JARDIN,80126,129C,Mecanizado Verde,CC01-1940,SI,BONUS 250 EC REGULADOR FISIOLÓGICO,0.8,11.3,12.5,3,7.9,2.5,13.1,10,202010,132,153,1,7.3,Bajo,Medio
891,EL JARDIN,80126,129D,Mecanizado Verde,CC01-1940,SI,BONUS 250 EC REGULADOR FISIOLÓGICO,1.0,9.6,12.2,2,10.3,1.1,13.9,12,201512,109,120,1,5.2,Bajo,Alto
892,EL JARDIN,80126,129D,Mecanizado Verde,CC01-1940,SI,BONUS 250 EC REGULADOR FISIOLÓGICO,1.0,11.0,12.9,3,9.9,1.7,10.9,1,201701,139,257,1,4.6,Medio,Bajo
894,EL JARDIN,80126,132,Mecanizado Verde,CC01-1940,SI,BONUS 250 EC REGULADOR FISIOLÓGICO,1.0,10.0,12.5,3,11.1,2.4,13.2,12,202012,103,121,1,10.6,Bajo,Alto
897,EL JARDIN,80126,133,Mecanizado Verde,CC01-1940,SI,BONUS 250 EC REGULADOR FISIOLÓGICO,1.2,8.7,13.6,3,9.9,5.3,12.1,3,201803,138,315,1,7.6,Medio,Bajo
898,EL JARDIN,80126,133B,Mecanizado Verde,CC01-1940,SI,BONUS 250 EC REGULADOR FISIOLÓGICO,1.2,8.9,12.3,3,9.9,26.1,13.0,1,201901,83,238,1,4.7,Bajo,Medio
900,EL JARDIN,80126,134,Mecanizado Verde,CC01-1940,SI,BONUS 250 EC REGULADOR FISIOLÓGICO,1.2,6.4,11.4,3,9.5,23.6,12.8,8,201808,151,45,1,3.1,Medio,Medio
901,EL JARDIN,80126,134,Mecanizado Verde,CC01-1940,SI,BONUS 250 EC REGULADOR FISIOLÓGICO,1.0,16.1,13.7,4,9.0,1.8,13.2,10,201910,151,160,1,4.2,Medio,Alto
902,EL JARDIN,80126,134,Mecanizado Verde,CC01-1940,SI,BONUS 250 EC REGULADOR FISIOLÓGICO,0.8,11.0,12.5,5,7.4,2.0,14.3,10,202010,138,153,1,7.3,Medio,Alto
910,EL JARDIN,80126,137A,Mecanizado Verde,CC01-1940,SI,BONUS 250 EC REGULADOR FISIOLÓGICO,0.8,11.9,13.3,2,8.8,1.7,13.2,9,202009,147,105,1,5.8,Medio,Alto
914,EL JARDIN,80126,139B,Mecanizado Verde,CC01-1940,SI,BONUS 250 EC REGULADOR FISIOLÓGICO,1.0,9.4,12.0,2,7.1,1.2,12.8,12,201512,132,137,1,3.5,Bajo,Medio
915,EL JARDIN,80126,139B,Mecanizado Verde,CC01-1940,SI,BONUS 250 EC REGULADOR FISIOLÓGICO,1.0,10.9,13.2,3,9.3,1.7,11.7,1,201701,147,290,1,13.1,Medio,Bajo
916,EL JARDIN,80126,139B,Mecanizado Verde,CC01-1940,SI,BONUS 250 EC REGULADOR FISIOLÓGICO,1.0,7.1,12.3,6,10.2,23.7,13.6,4,202004,113,134,1,4.2,Bajo,Alto
918,EL JARDIN,80126,141,Mecanizado Verde,CC01-1940,SI,BONUS 250 EC REGULADOR FISIOLÓGICO,1.2,9.0,12.0,6,7.1,41.2,13.1,10,201810,149,213,1,4.6,Medio,Medio
919,EL JARDIN,80126,141,Mecanizado Verde,CC01-1940,SI,BONUS 250 EC REGULADOR FISIOLÓGICO,1.0,9.6,12.1,7,9.1,1.8,12.8,10,201910,121,138,1,4.2,Bajo,Medio
920,EL JARDIN,80126,141,Mecanizado Verde,CC01-1940,SI,BONUS 250 EC REGULADOR FISIOLÓGICO,0.8,11.1,12.5,8,10.1,2.2,12.1,10,202010,144,153,1,7.3,Medio,Bajo
921,EL JARDIN,80126,142,Mecanizado Verde,CC01-1940,SI,BONUS 250 EC REGULADOR FISIOLÓGICO,1.0,11.7,13.6,1,7.9,1.8,13.6,9,201609,159,184,1,10.4,Alto,Alto
922,EL LIBANO 2,80197,1,Mecanizado Verde,CC01-1940,SI,BONUS 250 EC REGULADOR FISIOLÓGICO,0.8,4.0,12.0,1,9.1,3.1,12.1,4,202004,143,103,2,3.2,Medio,Bajo
924,EL LIBANO 3,82518,1,Mecanizado Verde,CC01-1940,SI,BONUS 250 EC REGULADOR FISIOLÓGICO,1.2,10.6,13.8,1,10.6,2.5,12.8,1,202001,166,429,2,3.2,Alto,Medio
926,EL LIBANO 4,82519,1,Mecanizado Verde,CC01-1940,SI,BONUS 250 EC REGULADOR FISIOLÓGICO,0.8,14.1,15.4,1,7.4,3.4,13.4,1,202101,127,298,2,3.2,Bajo,Alto
927,EL LIBANO MENDOZA,80175,1,Mecanizado Verde,CC01-1940,SI,BONUS 250 EC REGULADOR FISIOLÓGICO,1.2,8.3,13.0,1,8.3,2.6,13.5,4,202004,146,112,2,3.6,Medio,Alto
935,EL LIMON,80495,4,Mecanizado Verde,CC01-1940,SI,BONUS 250 EC REGULADOR FISIOLÓGICO,0.8,10.7,13.0,2,9.4,1.1,11.1,8,202008,194,92,3,5.8,Alto,Bajo
941,EL LIMONAR TESORITO,80194,1,Mecanizado Verde,CC01-1940,SI,BONUS 250 EC REGULADOR FISIOLÓGICO,0.8,22.6,16.1,1,10.7,2.5,11.3,7,201907,93,588,2,3.7,Bajo,Bajo
942,EL LIMONAR TESORITO,80194,1,Mecanizado Verde,CC01-1940,SI,BONUS 250 EC REGULADOR FISIOLÓGICO,0.8,7.6,12.3,2,9.9,1.8,13.4,8,202008,84,88,2,4.9,Bajo,Alto
945,EL LIMONAR TESORITO,80194,003A,Mecanizado Verde,CC01-1940,SI,BONUS 250 EC REGULADOR FISIOLÓGICO,1.2,17.4,15.8,1,9.0,37.2,13.3,8,201908,133,528,2,2.9,Bajo,Alto
946,EL MANGON DELGADO,80177,1,Mecanizado Verde,CC01-1940,SI,BONUS 250 EC REGULADOR FISIOLÓGICO,1.0,7.9,13.3,1,5.3,2.6,13.1,3,201603,135,81,2,4.6,Medio,Medio
947,EL MANGON DELGADO,80177,1,Mecanizado Verde,CC01-1940,SI,BONUS 250 EC REGULADOR FISIOLÓGICO,1.2,9.7,12.2,2,10.2,3.6,13.0,3,201703,152,96,2,1.8,Medio,Medio
948,EL MANGON DELGADO,80177,1,Mecanizado Verde,CC01-1940,SI,BONUS 250 EC REGULADOR FISIOLÓGICO,1.0,11.1,13.4,3,9.1,2.6,12.5,4,201804,124,155,2,3.0,Bajo,Medio
949,EL MANGON DELGADO,80177,1,Mecanizado Verde,CC01-1940,SI,BONUS 250 EC REGULADOR FISIOLÓGICO,1.2,20.0,14.7,4,7.0,4.4,11.8,7,201907,119,386,2,1.6,Bajo,Bajo
951,EL MOLINO,81033,2,Mecanizado Verde,CC01-1940,SI,BONUS 250 EC REGULADOR FISIOLÓGICO,0.8,5.9,13.3,1,9.0,3.4,12.6,4,202004,166,0,3,3.2,Alto,Medio
953,EL MOLINO,81033,3,Mecanizado Verde,CC01-1940,SI,BONUS 250 EC REGULADOR FISIOLÓGICO,0.8,6.3,13.4,1,10.4,21.6,11.9,4,202004,167,0,3,3.2,Alto,Bajo
955,EL MOLINO,81033,4,Mecanizado Verde,CC01-1940,SI,BONUS 250 EC REGULADOR FISIOLÓGICO,0.6,5.9,12.2,4,10.5,6.6,13.4,3,202003,140,0,3,3.2,Medio,Alto
956,EL NILO,81226,2,Mecanizado Verde,CC01-1940,SI,BONUS 250 EC REGULADOR FISIOLÓGICO,0.6,5.3,12.8,1,8.4,2.1,13.8,3,201903,152,0,3,8.5,Medio,Alto
964,EL OCASO,81146,14,Mecanizado Verde,CC01-1940,SI,BONUS 250 EC REGULADOR FISIOLÓGICO,1.2,11.3,14.4,1,9.6,9.0,12.1,7,201907,166,0,3,5.1,Alto,Bajo
966,EL OCASO,81146,15,Mecanizado Verde,CC01-1940,SI,BONUS 250 EC REGULADOR FISIOLÓGICO,1.2,11.6,14.4,1,9.5,2.0,12.8,7,201907,161,0,3,5.1,Alto,Medio
970,EL OCASO,81146,016A,Mecanizado Verde,CC01-1940,SI,BONUS 250 EC REGULADOR FISIOLÓGICO,0.5,12.4,13.2,2,11.9,2.4,11.8,11,201911,157,0,3,4.4,Alto,Bajo
972,EL OCASO,81146,016B,Mecanizado Verde,CC01-1940,SI,BONUS 250 EC REGULADOR FISIOLÓGICO,1.0,13.3,14.3,1,7.7,1.8,12.4,10,201810,173,157,3,4.4,Alto,Bajo
973,EL OCASO,81146,016B,Mecanizado Verde,CC01-1940,SI,BONUS 250 EC REGULADOR FISIOLÓGICO,0.5,11.7,13.0,2,9.8,2.1,12.6,11,201911,175,0,3,4.4,Alto,Medio
975,EL OCASO,81146,016C,Mecanizado Verde,CC01-1940,SI,BONUS 250 EC REGULADOR FISIOLÓGICO,1.0,2.4,13.9,1,4.7,1.9,13.0,7,201807,108,253,3,8.7,Bajo,Medio
976,EL OCASO,81146,17,Mecanizado Verde,CC01-1940,SI,BONUS 250 EC REGULADOR FISIOLÓGICO,0.5,8.4,12.1,4,7.6,1.1,12.9,3,202003,126,69,3,5.1,Bajo,Medio
980,EL OVIEDO  VILLALOBOS,80228,1,Mecanizado Verde,CC01-1940,SI,BONUS 250 EC REGULADOR FISIOLÓGICO,1.8,22.7,16.2,1,6.5,2.0,11.9,6,201706,196,558,2,2.1,Alto,Bajo
981,EL OVIEDO  VILLALOBOS,80228,1,Mecanizado Verde,CC01-1940,SI,BONUS 250 EC REGULADOR FISIOLÓGICO,1.3,12.1,12.9,2,8.6,2.5,13.4,7,201807,155,130,2,6.2,Alto,Alto
982,EL OVIEDO  VILLALOBOS,80228,1,Mecanizado Verde,CC01-1940,SI,BONUS 250 EC REGULADOR FISIOLÓGICO,1.0,7.7,12.5,3,7.7,2.4,12.9,8,201908,153,115,2,4.4,Medio,Medio
983,EL OVIEDO  VILLALOBOS,80228,1,Mecanizado Verde,CC01-1940,SI,BONUS 250 EC REGULADOR FISIOLÓGICO,0.8,13.7,13.0,4,8.8,2.1,13.4,9,202009,152,64,2,3.8,Medio,Alto
984,EL OVIEDO  VILLALOBOS,80228,001A,Mecanizado Verde,CC01-1940,SI,BONUS 250 EC REGULADOR FISIOLÓGICO,1.2,6.6,12.7,1,9.7,2.7,12.2,11,201611,181,271,2,2.3,Alto,Bajo
985,EL OVIEDO  VILLALOBOS,80228,001A,Mecanizado Verde,CC01-1940,SI,BONUS 250 EC REGULADOR FISIOLÓGICO,1.3,7.7,12.1,4,10.6,5.2,13.7,3,202003,136,22,2,4.4,Medio,Alto
986,EL OVIEDO  VILLALOBOS,80228,2,Mecanizado Verde,CC01-1940,SI,BONUS 250 EC REGULADOR FISIOLÓGICO,1.0,14.0,14.3,1,8.1,2.7,13.0,9,201509,162,35,2,5.7,Alto,Medio
987,EL OVIEDO  VILLALOBOS,80228,2,Mecanizado Verde,CC01-1940,SI,BONUS 250 EC REGULADOR FISIOLÓGICO,1.0,14.6,14.2,2,10.6,2.3,9.7,11,201611,168,319,2,6.7,Alto,Bajo
988,EL OVIEDO  VILLALOBOS,80228,2,Mecanizado Verde,CC01-1940,SI,BONUS 250 EC REGULADOR FISIOLÓGICO,1.5,8.3,12.0,4,10.0,24.4,12.9,2,201902,164,14,2,1.2,Alto,Medio
989,EL OVIEDO  VILLALOBOS,80228,2,Mecanizado Verde,CC01-1940,SI,BONUS 250 EC REGULADOR FISIOLÓGICO,1.2,6.0,11.7,5,12.5,3.0,12.6,2,202002,141,24,2,1.2,Medio,Medio
990,EL OVIEDO  VILLALOBOS,80228,002A,Mecanizado Verde,CC01-1940,SI,BONUS 250 EC REGULADOR FISIOLÓGICO,1.5,8.3,12.0,4,12.1,19.6,12.8,2,201902,152,14,2,3.6,Medio,Medio
991,EL OVIEDO EMPRESA,80127,1,Mecanizado Verde,CC01-1940,SI,BONUS 250 EC REGULADOR FISIOLÓGICO,1.8,27.4,16.1,4,7.1,7.4,12.7,7,201707,128,488,1,4.6,Bajo,Medio
992,EL OVIEDO EMPRESA,80127,1,Mecanizado Verde,CC01-1940,SI,BONUS 250 EC REGULADOR FISIOLÓGICO,1.3,7.4,12.0,5,11.0,2.8,13.4,7,201807,125,61,1,3.1,Bajo,Alto
993,EL OVIEDO EMPRESA,80127,1,Mecanizado Verde,CC01-1940,SI,BONUS 250 EC REGULADOR FISIOLÓGICO,1.2,9.7,12.4,6,7.3,3.2,13.8,8,201908,106,79,1,2.7,Bajo,Alto
994,EL OVIEDO EMPRESA,80127,001Z,Mecanizado Verde,CC01-1940,SI,BONUS 250 EC REGULADOR FISIOLÓGICO,1.1,14.0,13.2,2,8.7,3.2,14.5,4,201504,119,0,1,3.7,Bajo,Alto
995,EL OVIEDO EMPRESA,80127,2,Mecanizado Verde,CC01-1940,SI,BONUS 250 EC REGULADOR FISIOLÓGICO,1.2,6.4,11.6,4,10.3,3.1,12.8,9,201809,159,40,1,3.7,Alto,Medio
996,EL OVIEDO EMPRESA,80127,2,Mecanizado Verde,CC01-1940,SI,BONUS 250 EC REGULADOR FISIOLÓGICO,1.2,14.6,13.4,5,8.8,2.9,13.0,12,201912,136,306,1,4.4,Medio,Medio
997,EL OVIEDO EMPRESA,80127,2,Mecanizado Verde,CC01-1940,SI,BONUS 250 EC REGULADOR FISIOLÓGICO,0.8,9.1,12.4,6,10.2,2.6,12.5,12,202012,136,145,1,3.3,Medio,Medio
998,EL OVIEDO EMPRESA,80127,002A,Mecanizado Verde,CC01-1940,SI,BONUS 250 EC REGULADOR FISIOLÓGICO,1.3,14.3,13.4,3,8.1,2.9,14.6,10,201810,152,163,1,4.0,Medio,Alto
999,EL OVIEDO EMPRESA,80127,002B,Mecanizado Verde,CC01-1940,SI,BONUS 250 EC REGULADOR FISIOLÓGICO,1.0,14.7,14.2,6,7.9,3.7,13.5,11,201611,169,319,1,8.4,Alto,Alto
1000,EL OVIEDO EMPRESA,80127,002C,Mecanizado Verde,CC01-1940,SI,BONUS 250 EC REGULADOR FISIOLÓGICO,1.0,8.4,13.3,1,9.0,2.5,12.2,12,201912,148,306,1,3.0,Medio,Bajo
1001,EL OVIEDO EMPRESA,80127,002D,Mecanizado Verde,CC01-1940,SI,BONUS 250 EC REGULADOR FISIOLÓGICO,1.5,23.0,16.0,1,10.5,2.6,11.3,6,201706,179,533,1,7.7,Alto,Bajo
1002,EL OVIEDO EMPRESA,80127,002D,Mecanizado Verde,CC01-1940,SI,BONUS 250 EC REGULADOR FISIOLÓGICO,1.3,12.1,12.9,2,6.7,2.2,12.1,7,201807,124,130,1,4.0,Bajo,Bajo
1003,EL OVIEDO EMPRESA,80127,002E,Mecanizado Verde,CC01-1940,SI,BONUS 250 EC REGULADOR FISIOLÓGICO,1.2,9.4,12.3,4,7.4,2.3,14.8,10,201810,127,95,1,4.0,Bajo,Alto
1004,EL OVIEDO EMPRESA,80127,002X,Mecanizado Verde,CC01-1940,SI,BONUS 250 EC REGULADOR FISIOLÓGICO,1.5,13.9,14.2,3,11.9,2.8,12.8,10,201710,205,154,1,7.7,Alto,Medio
1005,EL OVIEDO EMPRESA,80127,002Y,Mecanizado Verde,CC01-1940,SI,BONUS 250 EC REGULADOR FISIOLÓGICO,1.5,14.0,14.3,3,11.5,2.9,11.5,10,201710,192,154,1,7.7,Alto,Bajo
1006,EL OVIEDO EMPRESA,80127,002Z,Mecanizado Verde,CC01-1940,SI,BONUS 250 EC REGULADOR FISIOLÓGICO,1.5,14.1,14.3,3,10.1,1.6,12.5,10,201710,120,154,1,7.7,Bajo,Medio
1012,EL OVIEDO EMPRESA,80127,003A,Mecanizado Verde,CC01-1940,SI,BONUS 250 EC REGULADOR FISIOLÓGICO,1.3,13.4,14.7,1,11.1,3.2,13.7,4,202004,105,131,1,4.4,Bajo,Alto
1014,EL PALMAR PAYERAS,80331,1,Mecanizado Verde,CC01-1940,SI,BONUS 250 EC REGULADOR FISIOLÓGICO,0.2,8.4,13.3,4,8.4,2.3,12.9,3,202003,157,0,3,1.7,Alto,Medio
1019,EL PALMAR PAYERAS,80331,11,Mecanizado Verde,CC01-1940,SI,BONUS 250 EC REGULADOR FISIOLÓGICO,0.5,12.7,14.2,1,7.3,3.1,13.6,9,201909,174,0,3,3.1,Alto,Alto
1020,EL PALMAR PAYERAS,80331,11,Mecanizado Verde,CC01-1940,SI,BONUS 250 EC REGULADOR FISIOLÓGICO,1.0,15.7,14.8,2,9.2,2.4,12.6,12,202012,194,140,3,3.1,Alto,Medio
1022,EL PALMAR REYES,80580,1,Mecanizado Verde,CC01-1940,SI,BONUS 250 EC REGULADOR FISIOLÓGICO,1.0,16.4,15.2,2,9.3,3.6,11.4,2,201702,173,436,3,4.9,Alto,Bajo
1024,EL PALMAR REYES,80580,2,Mecanizado Verde,CC01-1940,SI,BONUS 250 EC REGULADOR FISIOLÓGICO,1.1,12.9,16.5,2,7.4,3.4,11.3,2,201802,196,545,3,7.9,Alto,Bajo
1025,EL PALMAR REYES,80580,2,Mecanizado Verde,CC01-1940,SI,BONUS 250 EC REGULADOR FISIOLÓGICO,1.0,8.4,11.8,3,8.8,2.9,12.0,1,201901,168,0,3,7.2,Alto,Bajo
1026,EL PALMAR REYES,80580,2,Mecanizado Verde,CC01-1940,SI,BONUS 250 EC REGULADOR FISIOLÓGICO,0.8,12.1,13.1,4,9.8,3.6,13.1,3,202003,128,124,3,4.6,Bajo,Medio
1028,EL PALMAR REYES,80580,4,Mecanizado Verde,CC01-1940,SI,BONUS 250 EC REGULADOR FISIOLÓGICO,1.0,7.7,15.9,1,8.2,3.0,11.8,1,201901,169,86,3,7.2,Alto,Bajo
1029,EL PALMAR REYES,80580,4,Mecanizado Verde,CC01-1940,SI,BONUS 250 EC REGULADOR FISIOLÓGICO,0.8,12.6,13.4,2,10.3,4.2,12.2,3,202003,139,129,3,4.6,Medio,Bajo
1032,EL PLACER CAMPOX,81381,280,Mecanizado Verde,CC01-1940,SI,BONUS 250 EC REGULADOR FISIOLÓGICO,1.0,6.3,15.6,3,13.3,6.9,12.3,6,201806,116,0,3,3.2,Bajo,Bajo
1035,EL PORVENIR BARONA,80564,11,Mecanizado Verde,CC01-1940,SI,BONUS 250 EC REGULADOR FISIOLÓGICO,1.5,6.7,13.3,1,8.7,1.7,13.3,3,202003,162,31,3,2.9,Alto,Alto
1041,EL PRADO FERRO,80167,3,Mecanizado Verde,CC01-1940,SI,BONUS 250 EC REGULADOR FISIOLÓGICO,1.5,8.3,11.8,4,8.4,68.0,13.8,9,201809,114,95,2,5.7,Bajo,Alto
1042,EL PRADO FERRO,80167,3,Mecanizado Verde,CC01-1940,SI,BONUS 250 EC REGULADOR FISIOLÓGICO,1.2,9.6,12.1,5,9.6,3.0,14.3,9,201909,97,75,2,3.2,Bajo,Alto
1043,EL PRADO FERRO,80167,003A,Mecanizado Verde,CC01-1940,SI,BONUS 250 EC REGULADOR FISIOLÓGICO,1.5,8.3,11.7,6,7.0,102.9,15.0,9,201809,108,95,2,5.2,Bajo,Alto
1044,EL PRADO FERRO,80167,003A,Mecanizado Verde,CC01-1940,SI,BONUS 250 EC REGULADOR FISIOLÓGICO,1.2,9.3,12.0,7,6.0,3.2,15.0,9,201909,94,48,2,4.3,Bajo,Alto
1046,EL PRADO FERRO,80167,003D,Mecanizado Verde,CC01-1940,SI,BONUS 250 EC REGULADOR FISIOLÓGICO,1.2,7.9,13.1,1,10.0,2.7,13.7,2,202002,133,255,2,6.6,Bajo,Alto
1048,EL PRADO FERRO,80167,4,Mecanizado Verde,CC01-1940,SI,BONUS 250 EC REGULADOR FISIOLÓGICO,1.2,9.9,13.3,1,9.1,71.7,12.4,6,201906,131,325,2,4.3,Bajo,Bajo
1049,EL PRADO FERRO,80167,4,Mecanizado Verde,CC01-1940,SI,BONUS 250 EC REGULADOR FISIOLÓGICO,0.8,7.1,11.8,2,10.2,3.2,12.7,6,202006,133,157,2,4.4,Bajo,Medio
1062,EL RANCHO 3,80329,3,Mecanizado Verde,CC01-1940,SI,BONUS 250 EC REGULADOR FISIOLÓGICO,1.0,10.1,15.1,1,9.9,3.2,11.7,11,201711,182,337,3,3.0,Alto,Bajo
1063,EL RANCHO 3,80329,3,Mecanizado Verde,CC01-1940,SI,BONUS 250 EC REGULADOR FISIOLÓGICO,1.0,9.3,12.6,2,10.9,1.7,13.0,12,201812,161,100,3,3.0,Alto,Medio
1064,EL RANCHO 3,80329,3,Mecanizado Verde,CC01-1940,SI,BONUS 250 EC REGULADOR FISIOLÓGICO,1.0,10.4,12.6,7,10.8,1.8,12.1,1,202001,147,0,3,2.4,Medio,Bajo
1065,EL RANCHO 3,80329,3,Mecanizado Verde,CC01-1940,SI,BONUS 250 EC REGULADOR FISIOLÓGICO,0.8,6.9,12.4,4,10.6,1.6,12.1,1,202101,151,26,3,2.8,Medio,Bajo
1066,EL RANCHO EMPRESA,80130,1,Mecanizado Verde,CC01-1940,SI,BONUS 250 EC REGULADOR FISIOLÓGICO,0.8,6.7,12.2,4,12.4,3.3,12.2,1,202101,96,236,1,3.1,Bajo,Bajo
1067,EL RANCHO EMPRESA,80130,001A,Mecanizado Verde,CC01-1940,SI,BONUS 250 EC REGULADOR FISIOLÓGICO,0.8,5.6,12.6,1,9.4,15.8,12.6,6,202006,120,113,1,3.0,Bajo,Medio
1068,EL RANCHO EMPRESA,80130,3,Mecanizado Verde,CC01-1940,SI,BONUS 250 EC REGULADOR FISIOLÓGICO,1.2,8.4,12.3,6,8.9,1.2,13.6,3,202003,80,194,1,3.0,Bajo,Alto
1069,EL RANCHO EMPRESA,80130,4,Mecanizado Verde,CC01-1940,SI,BONUS 250 EC REGULADOR FISIOLÓGICO,1.2,19.6,17.8,4,8.3,2.8,12.0,12,201712,121,1236,1,4.7,Bajo,Bajo
1070,EL RANCHO EMPRESA,80130,4,Mecanizado Verde,CC01-1940,SI,BONUS 250 EC REGULADOR FISIOLÓGICO,1.0,7.0,11.9,6,8.9,22.2,13.0,2,202002,124,123,1,3.1,Bajo,Medio
1071,EL RANCHO EMPRESA,80130,004A,Mecanizado Verde,CC01-1940,SI,BONUS 250 EC REGULADOR FISIOLÓGICO,1.2,9.9,12.1,5,9.6,3.9,12.5,2,201902,79,75,1,2.7,Bajo,Medio
1072,EL RANCHO EMPRESA,80130,004A,Mecanizado Verde,CC01-1940,SI,BONUS 250 EC REGULADOR FISIOLÓGICO,1.0,13.6,13.4,6,6.0,2.5,13.8,3,202003,101,335,1,3.0,Bajo,Alto
1073,EL RANCHO EMPRESA,80130,004B,Mecanizado Verde,CC01-1940,SI,BONUS 250 EC REGULADOR FISIOLÓGICO,1.2,25.6,19.2,4,8.9,2.0,12.7,2,201802,159,1468,1,5.8,Alto,Medio
1075,EL RANCHO RESTREPO,80420,1,Mecanizado Verde,CC01-1940,SI,BONUS 250 EC REGULADOR FISIOLÓGICO,0.8,8.3,13.6,2,9.6,2.1,12.2,3,201703,182,187,3,1.7,Alto,Bajo
1079,EL REFUGIO LINCE,80192,9,Mecanizado Verde,CC01-1940,SI,BONUS 250 EC REGULADOR FISIOLÓGICO,0.5,16.6,14.6,1,6.8,3.1,14.6,3,202003,86,328,2,0.7,Bajo,Alto
1080,EL REFUGIO LINCE,80192,009A,Mecanizado Verde,CC01-1940,SI,BONUS 250 EC REGULADOR FISIOLÓGICO,0.5,16.4,14.6,1,9.2,3.1,14.0,3,202003,135,323,2,1.5,Medio,Alto
1081,EL REFUGIO LINCE,80192,10,Mecanizado Verde,CC01-1940,SI,BONUS 250 EC REGULADOR FISIOLÓGICO,1.3,11.6,11.9,3,7.3,2.9,13.2,10,201810,88,157,2,1.1,Bajo,Alto
1082,EL REFUGIO LINCE,80192,010A,Mecanizado Verde,CC01-1940,SI,BONUS 250 EC REGULADOR FISIOLÓGICO,1.3,11.4,12.5,4,7.5,2.4,12.8,10,201810,98,169,2,3.1,Bajo,Medio
1084,EL RETIRO,80476,22,Mecanizado Verde,CC01-1940,SI,BONUS 250 EC REGULADOR FISIOLÓGICO,1.4,5.1,11.0,5,7.9,2.8,12.0,7,201807,127,34,3,6.0,Bajo,Bajo
1086,EL RHIN,81480,1,Mecanizado Verde,CC01-1940,SI,BONUS 250 EC REGULADOR FISIOLÓGICO,0.8,10.4,12.4,2,8.8,1.9,13.1,4,202004,133,0,3,3.1,Bajo,Medio
1088,EL RODEADERO 2,80339,081E,Mecanizado Verde,CC01-1940,SI,BONUS 250 EC REGULADOR FISIOLÓGICO,0.5,6.9,12.3,1,9.6,1.8,11.7,4,202004,143,302,3,4.4,Medio,Bajo
1089,EL RODEADERO 2,80339,082A,Mecanizado Verde,CC01-1940,SI,BONUS 250 EC REGULADOR FISIOLÓGICO,0.5,6.4,12.1,2,11.6,3.5,12.5,4,202004,94,293,3,4.4,Bajo,Medio
1090,EL RODEADERO 2,80339,83,Mecanizado Verde,CC01-1940,SI,BONUS 250 EC REGULADOR FISIOLÓGICO,0.5,6.6,12.1,2,10.9,25.1,11.2,4,202004,105,302,3,4.4,Bajo,Bajo
1091,EL RODERO,80219,1,Mecanizado Verde,CC01-1940,SI,BONUS 250 EC REGULADOR FISIOLÓGICO,0.8,19.4,16.0,1,7.0,4.2,15.7,2,201502,104,652,2,3.1,Bajo,Alto
1092,EL RODERO,80219,1,Mecanizado Verde,CC01-1940,SI,BONUS 250 EC REGULADOR FISIOLÓGICO,1.2,12.7,12.9,5,6.1,14.0,14.4,9,201909,65,33,2,3.1,Bajo,Alto
1093,EL ROSARIO 1,81376,1,Mecanizado Verde,CC01-1940,SI,BONUS 250 EC REGULADOR FISIOLÓGICO,0.7,7.6,11.8,2,8.5,1.6,12.9,3,201903,146,0,3,3.0,Medio,Medio
1094,EL ROSARIO 1,81376,1,Mecanizado Verde,CC01-1940,SI,BONUS 250 EC REGULADOR FISIOLÓGICO,0.8,12.1,13.2,3,9.4,1.5,11.7,5,202005,158,0,3,8.6,Alto,Bajo
1095,EL ROSARIO A.CABAL,80222,1,Mecanizado Verde,CC01-1940,SI,BONUS 250 EC REGULADOR FISIOLÓGICO,1.0,12.0,14.1,1,7.2,2.0,15.1,10,201510,150,88,2,18.0,Medio,Alto
1096,EL ROSARIO A.CABAL,80222,1,Mecanizado Verde,CC01-1940,SI,BONUS 250 EC REGULADOR FISIOLÓGICO,1.2,7.6,12.0,2,13.3,2.8,12.4,11,201611,178,241,2,10.5,Alto,Bajo
1097,EL ROSARIO A.CABAL,80222,1,Mecanizado Verde,CC01-1940,SI,BONUS 250 EC REGULADOR FISIOLÓGICO,1.0,10.3,12.6,5,8.3,2.6,13.1,1,202001,143,266,2,3.2,Medio,Medio
1098,EL ROSARIO A.CABAL,80222,1,Mecanizado Verde,CC01-1940,SI,BONUS 250 EC REGULADOR FISIOLÓGICO,0.8,7.7,12.0,6,9.5,2.6,13.4,1,202101,151,116,2,3.7,Medio,Alto
1099,EL ROSARIO A.CABAL,80222,2,Mecanizado Verde,CC01-1940,SI,BONUS 250 EC REGULADOR FISIOLÓGICO,1.4,15.0,15.2,1,6.3,5.5,12.3,8,201708,206,649,2,6.1,Alto,Bajo
1100,EL ROSARIO A.CABAL,80222,2,Mecanizado Verde,CC01-1940,SI,BONUS 250 EC REGULADOR FISIOLÓGICO,1.5,7.6,11.7,2,7.5,2.3,12.9,8,201808,152,28,2,7.7,Medio,Medio
1101,EL ROSARIO A.CABAL,80222,2,Mecanizado Verde,CC01-1940,SI,BONUS 250 EC REGULADOR FISIOLÓGICO,1.2,12.9,13.0,3,7.2,2.4,14.4,9,201909,147,181,2,4.5,Medio,Alto
1102,EL ROSARIO A.CABAL,80222,2,Mecanizado Verde,CC01-1940,SI,BONUS 250 EC REGULADOR FISIOLÓGICO,0.8,9.3,12.1,4,8.2,2.7,13.3,9,202009,155,127,2,3.6,Alto,Alto
1103,EL ROSARIO A.CABAL,80222,3,Mecanizado Verde,CC01-1940,SI,BONUS 250 EC REGULADOR FISIOLÓGICO,1.5,7.3,11.6,2,7.6,2.2,13.7,8,201808,144,21,2,12.9,Medio,Alto
1104,EL ROSARIO A.CABAL,80222,4,Mecanizado Verde,CC01-1940,SI,BONUS 250 EC REGULADOR FISIOLÓGICO,1.5,8.0,11.5,5,9.2,7.4,14.0,8,201808,117,45,2,7.7,Bajo,Alto
1105,EL ROSARIO A.CABAL,80222,4,Mecanizado Verde,CC01-1940,SI,BONUS 250 EC REGULADOR FISIOLÓGICO,1.2,10.7,12.4,6,7.6,3.0,13.9,8,201908,123,171,2,4.5,Bajo,Alto
1106,EL ROSARIO A.CABAL,80222,4,Mecanizado Verde,CC01-1940,SI,BONUS 250 EC REGULADOR FISIOLÓGICO,0.8,11.0,12.5,7,12.3,2.7,13.0,9,202009,140,142,2,3.6,Medio,Medio
1107,EL ROSARIO ECHEVERRY,80360,1,Mecanizado Verde,CC01-1940,SI,BONUS 250 EC REGULADOR FISIOLÓGICO,0.8,10.7,13.3,2,11.3,1.6,13.4,11,201811,158,0,3,4.7,Alto,Alto
1108,EL ROSARIO ECHEVERRY,80360,1,Mecanizado Verde,CC01-1940,SI,BONUS 250 EC REGULADOR FISIOLÓGICO,0.8,8.3,12.8,3,9.9,5.6,12.5,12,201912,126,0,3,3.0,Bajo,Medio
1109,EL SAMAN,80276,1,Mecanizado Verde,CC01-1940,SI,BONUS 250 EC REGULADOR FISIOLÓGICO,1.5,9.6,11.8,3,8.8,4.9,14.0,9,201809,91,66,2,1.2,Bajo,Alto
1110,EL SAMAN,80276,1,Mecanizado Verde,CC01-1940,SI,BONUS 250 EC REGULADOR FISIOLÓGICO,1.3,4.0,11.0,4,10.0,2.7,12.5,8,201908,97,16,2,4.7,Bajo,Medio
1111,EL SAMAN,80276,1,Mecanizado Verde,CC01-1940,SI,BONUS 250 EC REGULADOR FISIOLÓGICO,0.8,10.7,12.6,5,9.5,3.4,12.8,9,202009,91,74,2,6.8,Bajo,Medio
1112,EL SAMAN,80276,001A,Mecanizado Verde,CC01-1940,SI,BONUS 250 EC REGULADOR FISIOLÓGICO,1.3,2.1,10.3,1,11.2,50.2,11.1,9,201809,118,5,2,2.4,Bajo,Bajo
1113,EL SAMAN,80276,001B,Mecanizado Verde,CC01-1940,SI,BONUS 250 EC REGULADOR FISIOLÓGICO,1.4,17.6,15.3,1,9.0,4.7,13.2,8,201908,131,555,2,4.7,Bajo,Alto
1114,EL SAMAN,80276,001B,Mecanizado Verde,CC01-1940,SI,BONUS 250 EC REGULADOR FISIOLÓGICO,0.8,10.7,12.8,2,10.7,2.9,10.9,9,202009,118,123,2,5.4,Bajo,Bajo
1115,EL SAMAN,80276,2,Mecanizado Verde,CC01-1940,SI,BONUS 250 EC REGULADOR FISIOLÓGICO,1.4,13.4,15.5,4,7.5,2.2,12.8,2,201802,130,501,2,3.2,Bajo,Medio
1116,EL SAMAN,80276,2,Mecanizado Verde,CC01-1940,SI,BONUS 250 EC REGULADOR FISIOLÓGICO,1.2,15.0,13.0,5,8.0,2.2,14.5,3,201903,139,84,2,3.3,Medio,Alto
1117,EL SAMAN,80276,2,Mecanizado Verde,CC01-1940,SI,BONUS 250 EC REGULADOR FISIOLÓGICO,1.2,33.3,16.3,5,10.8,3.7,11.7,7,201907,111,500,2,4.7,Bajo,Bajo
1118,EL SAMAN,80276,2,Mecanizado Verde,CC01-1940,SI,BONUS 250 EC REGULADOR FISIOLÓGICO,0.8,10.6,12.9,6,7.9,3.7,12.5,9,202009,112,99,2,4.0,Bajo,Medio
1119,EL SAMAN,80276,002A,Mecanizado Verde,CC01-1940,SI,BONUS 250 EC REGULADOR FISIOLÓGICO,0.8,10.6,12.6,3,7.9,2.1,12.6,9,202009,114,117,2,5.4,Bajo,Medio
1120,EL SAMAN,80276,002B,Mecanizado Verde,CC01-1940,SI,BONUS 250 EC REGULADOR FISIOLÓGICO,1.3,2.1,11.4,1,10.0,4.1,12.3,9,201809,148,27,2,1.2,Medio,Bajo
1121,EL SAMAN,80276,002B,Mecanizado Verde,CC01-1940,SI,BONUS 250 EC REGULADOR FISIOLÓGICO,1.3,3.9,11.0,2,10.5,3.1,13.2,8,201908,97,14,2,4.7,Bajo,Alto
1124,EL SAMAN,80276,002C,Mecanizado Verde,CC01-1940,SI,BONUS 250 EC REGULADOR FISIOLÓGICO,1.0,9.7,13.0,1,8.5,3.0,14.4,3,201603,121,40,2,4.6,Bajo,Alto
1125,EL SAMAN,80276,002C,Mecanizado Verde,CC01-1940,SI,BONUS 250 EC REGULADOR FISIOLÓGICO,1.2,25.6,16.1,2,10.7,2.9,12.1,7,201707,126,780,2,4.6,Bajo,Bajo
1126,EL SAMAN,80276,002C,Mecanizado Verde,CC01-1940,SI,BONUS 250 EC REGULADOR FISIOLÓGICO,1.5,10.0,12.8,3,10.2,3.4,13.6,7,201807,97,257,2,3.5,Bajo,Alto
1127,EL SAMAN,80276,3,Mecanizado Verde,CC01-1940,SI,BONUS 250 EC REGULADOR FISIOLÓGICO,0.8,11.7,13.4,1,8.7,3.0,14.2,3,201603,159,68,2,6.7,Alto,Alto
1128,EL SAMAN,80276,3,Mecanizado Verde,CC01-1940,SI,BONUS 250 EC REGULADOR FISIOLÓGICO,1.2,25.6,16.1,2,8.8,2.9,11.7,7,201707,179,780,2,2.8,Alto,Bajo
1129,EL SAMAN,80276,3,Mecanizado Verde,CC01-1940,SI,BONUS 250 EC REGULADOR FISIOLÓGICO,1.5,9.9,12.7,3,8.2,2.9,12.6,7,201807,127,242,2,1.2,Bajo,Medio
1130,EL SAMAN,80276,3,Mecanizado Verde,CC01-1940,SI,BONUS 250 EC REGULADOR FISIOLÓGICO,0.8,10.4,12.9,5,8.9,2.5,13.6,9,202009,131,123,2,5.4,Bajo,Alto
1131,EL SAMAN,80276,4,Mecanizado Verde,CC01-1940,SI,BONUS 250 EC REGULADOR FISIOLÓGICO,0.8,11.3,12.7,5,9.1,2.7,13.4,9,202009,129,107,2,5.4,Bajo,Alto
1132,EL SAMAN,80276,004C,Mecanizado Verde,CC01-1940,SI,BONUS 250 EC REGULADOR FISIOLÓGICO,1.0,10.0,13.5,1,6.4,2.9,13.1,9,201609,141,75,2,4.2,Medio,Medio
1133,EL SAMAN,80276,004C,Mecanizado Verde,CC01-1940,SI,BONUS 250 EC REGULADOR FISIOLÓGICO,1.5,9.6,12.1,3,8.3,13.8,13.9,9,201809,110,44,2,2.4,Bajo,Alto
1134,EL SANTUARIO,81036,6,Mecanizado Verde,CC01-1940,SI,BONUS 250 EC REGULADOR FISIOLÓGICO,0.8,8.6,15.5,1,8.3,2.3,10.9,6,201906,199,0,3,3.9,Alto,Bajo
1135,EL SANTUARIO 2,81037,003A,Mecanizado Verde,CC01-1940,SI,BONUS 250 EC REGULADOR FISIOLÓGICO,1.0,11.4,14.1,1,8.5,2.0,13.6,8,201808,141,410,3,6.5,Medio,Alto
1136,EL SANTUARIO 2,81037,003A,Mecanizado Verde,CC01-1940,SI,BONUS 250 EC REGULADOR FISIOLÓGICO,1.0,8.4,12.8,3,10.2,2.1,11.0,12,202012,146,93,3,3.1,Medio,Bajo
1137,EL SANTUARIO 2,81037,003B,Mecanizado Verde,CC01-1940,SI,BONUS 250 EC REGULADOR FISIOLÓGICO,1.0,8.6,13.9,1,9.6,2.2,11.8,12,202012,162,206,3,3.1,Alto,Bajo
1140,EL SANTUARIO 2,81037,005A,Mecanizado Verde,CC01-1940,SI,BONUS 250 EC REGULADOR FISIOLÓGICO,1.0,8.3,13.9,1,9.6,2.2,10.5,12,202012,152,206,3,3.1,Medio,Bajo
1141,EL SILENCIO CRUZ,80543,1,Mecanizado Verde,CC01-1940,SI,BONUS 250 EC REGULADOR FISIOLÓGICO,0.5,10.1,13.7,1,7.6,3.1,13.8,10,201910,153,0,3,5.1,Medio,Alto
1142,EL SILENCIO CRUZ,80543,1,Mecanizado Verde,CC01-1940,SI,BONUS 250 EC REGULADOR FISIOLÓGICO,1.0,11.7,13.7,2,8.5,2.7,14.1,12,202012,128,0,3,3.3,Bajo,Alto
1144,EL SILENCIO CRUZ,80543,2,Mecanizado Verde,CC01-1940,SI,BONUS 250 EC REGULADOR FISIOLÓGICO,1.0,9.0,13.9,1,8.6,1.8,13.8,12,201912,137,0,3,4.4,Medio,Alto
1145,EL SILENCIO CRUZ,80543,2,Mecanizado Verde,CC01-1940,SI,BONUS 250 EC REGULADOR FISIOLÓGICO,0.8,9.7,13.1,2,8.7,1.9,13.2,1,202101,126,0,3,4.4,Bajo,Alto
1147,EL SILENCIO CRUZ,80543,3,Mecanizado Verde,CC01-1940,SI,BONUS 250 EC REGULADOR FISIOLÓGICO,1.0,9.1,13.9,1,8.5,2.3,12.7,12,201912,125,0,3,4.4,Bajo,Medio
1148,EL SILENCIO CRUZ,80543,3,Mecanizado Verde,CC01-1940,SI,BONUS 250 EC REGULADOR FISIOLÓGICO,0.8,9.4,13.0,2,9.6,3.7,13.0,1,202101,106,0,3,4.4,Bajo,Medio
1150,EL SILENCIO CRUZ,80543,4,Mecanizado Verde,CC01-1940,SI,BONUS 250 EC REGULADOR FISIOLÓGICO,1.0,9.0,13.9,1,8.4,1.8,13.0,12,201912,153,0,3,4.4,Medio,Medio
1151,EL SILENCIO CRUZ,80543,4,Mecanizado Verde,CC01-1940,SI,BONUS 250 EC REGULADOR FISIOLÓGICO,0.8,9.4,13.0,2,9.4,2.3,13.7,1,202101,107,0,3,4.4,Bajo,Alto
1153,EL SILENCIO CRUZ,80543,5,Mecanizado Verde,CC01-1940,SI,BONUS 250 EC REGULADOR FISIOLÓGICO,0.5,10.1,13.7,1,8.2,2.1,14.2,10,201910,158,0,3,5.1,Alto,Alto
1154,EL SILENCIO CRUZ,80543,5,Mecanizado Verde,CC01-1940,SI,BONUS 250 EC REGULADOR FISIOLÓGICO,1.0,11.4,13.7,2,8.0,2.2,14.4,11,202011,120,0,3,3.3,Bajo,Alto
1156,EL SILENCIO CRUZ,80543,6,Mecanizado Verde,CC01-1940,SI,BONUS 250 EC REGULADOR FISIOLÓGICO,0.5,10.3,13.8,1,8.3,2.0,13.5,10,201910,162,0,3,5.1,Alto,Alto
1157,EL SILENCIO CRUZ,80543,6,Mecanizado Verde,CC01-1940,SI,BONUS 250 EC REGULADOR FISIOLÓGICO,1.0,11.6,13.7,2,9.3,2.1,13.9,11,202011,124,0,3,3.3,Bajo,Alto
1159,EL SILENCIO CRUZ,80543,7,Mecanizado Verde,CC01-1940,SI,BONUS 250 EC REGULADOR FISIOLÓGICO,0.5,10.4,13.8,1,11.8,2.1,12.5,10,201910,174,0,3,5.1,Alto,Medio
1160,EL SILENCIO CRUZ,80543,7,Mecanizado Verde,CC01-1940,SI,BONUS 250 EC REGULADOR FISIOLÓGICO,1.0,11.7,13.7,2,9.0,2.5,13.5,12,202012,134,0,3,3.3,Medio,Alto
1162,EL SILENCIO CRUZ,80543,8,Mecanizado Verde,CC01-1940,SI,BONUS 250 EC REGULADOR FISIOLÓGICO,0.5,11.3,14.0,1,9.2,2.6,13.4,10,201910,156,0,3,5.1,Alto,Alto
1163,EL SILENCIO CRUZ,80543,8,Mecanizado Verde,CC01-1940,SI,BONUS 250 EC REGULADOR FISIOLÓGICO,1.0,11.9,13.5,2,9.5,2.8,12.9,12,202012,124,0,3,3.3,Bajo,Medio
1165,EL TABLAZO RENGIFO,80287,1,Mecanizado Verde,CC01-1940,SI,BONUS 250 EC REGULADOR FISIOLÓGICO,1.5,7.1,11.8,3,8.9,2.9,13.1,8,201808,149,91,2,3.9,Medio,Medio
1166,EL TABLAZO RENGIFO,80287,1,Mecanizado Verde,CC01-1940,SI,BONUS 250 EC REGULADOR FISIOLÓGICO,1.2,12.7,13.0,4,7.3,3.2,14.8,9,201909,112,88,2,1.4,Bajo,Alto
1167,EL TABLAZO RENGIFO,80287,1,Mecanizado Verde,CC01-1940,SI,BONUS 250 EC REGULADOR FISIOLÓGICO,0.8,12.6,13.0,5,8.4,2.7,14.4,10,202010,125,110,2,1.0,Bajo,Alto
1169,EL TABLAZO RENGIFO,80287,2,Mecanizado Verde,CC01-1940,SI,BONUS 250 EC REGULADOR FISIOLÓGICO,1.0,11.0,12.8,2,8.6,2.8,14.6,10,201510,106,130,2,1.5,Bajo,Alto
1170,EL TABLAZO RENGIFO,80287,2,Mecanizado Verde,CC01-1940,SI,BONUS 250 EC REGULADOR FISIOLÓGICO,1.2,8.7,12.7,3,7.8,3.5,13.9,11,201611,143,254,2,0.3,Medio,Alto
1171,EL TABLAZO RENGIFO,80287,2,Mecanizado Verde,CC01-1940,SI,BONUS 250 EC REGULADOR FISIOLÓGICO,1.2,12.4,15.5,4,7.2,3.2,13.4,3,201803,138,508,2,1.9,Medio,Alto
1172,EL TABLAZO RENGIFO,80287,002A,Mecanizado Verde,CC01-1940,SI,BONUS 250 EC REGULADOR FISIOLÓGICO,1.3,16.0,14.6,1,8.9,5.1,13.3,11,201811,168,499,2,4.7,Alto,Alto
1175,EL TABLAZO RENGIFO,80287,002B,Mecanizado Verde,CC01-1940,SI,BONUS 250 EC REGULADOR FISIOLÓGICO,1.0,10.3,13.1,1,7.8,3.5,13.4,5,201605,142,375,2,0.4,Medio,Alto
1176,EL TABLAZO RENGIFO,80287,002B,Mecanizado Verde,CC01-1940,SI,BONUS 250 EC REGULADOR FISIOLÓGICO,1.4,8.9,13.2,2,8.1,3.1,12.3,6,201706,158,563,2,0.4,Alto,Bajo
1177,EL TABLAZO RENGIFO,80287,002B,Mecanizado Verde,CC01-1940,SI,BONUS 250 EC REGULADOR FISIOLÓGICO,1.3,12.0,13.0,3,8.2,3.0,13.5,7,201807,124,311,2,1.4,Bajo,Alto
1178,EL TABLAZO RENGIFO,80287,002B,Mecanizado Verde,CC01-1940,SI,BONUS 250 EC REGULADOR FISIOLÓGICO,1.2,12.9,13.1,4,7.2,3.3,15.2,9,201909,110,88,2,1.4,Bajo,Alto
1179,EL TABLAZO RENGIFO,80287,002B,Mecanizado Verde,CC01-1940,SI,BONUS 250 EC REGULADOR FISIOLÓGICO,0.8,12.6,12.9,5,8.0,3.1,14.0,10,202010,121,100,2,2.1,Bajo,Alto
1181,EL TABLAZO RENGIFO,80287,3,Mecanizado Verde,CC01-1940,SI,BONUS 250 EC REGULADOR FISIOLÓGICO,1.0,11.0,12.9,2,5.4,3.1,14.1,10,201510,149,130,2,0.8,Medio,Alto
1183,EL TESORITO,80173,1,Mecanizado Verde,CC01-1940,SI,BONUS 250 EC REGULADOR FISIOLÓGICO,1.2,8.7,12.9,1,11.0,2.7,13.5,11,201811,161,202,2,2.5,Alto,Alto
1184,EL TESORITO,80173,1,Mecanizado Verde,CC01-1940,SI,BONUS 250 EC REGULADOR FISIOLÓGICO,1.0,6.9,12.0,2,9.5,3.1,13.4,11,201911,132,332,2,4.4,Bajo,Alto
1185,EL TESORITO,80173,1,Mecanizado Verde,CC01-1940,SI,BONUS 250 EC REGULADOR FISIOLÓGICO,0.8,7.9,12.2,3,10.7,2.7,13.5,12,202012,147,108,2,1.2,Medio,Alto
1187,EL TESORITO,80173,001B,Mecanizado Verde,CC01-1940,SI,BONUS 250 EC REGULADOR FISIOLÓGICO,0.8,4.4,12.8,1,8.9,2.7,13.5,3,201603,132,31,2,2.7,Bajo,Alto
1188,EL TESORITO,80173,001B,Mecanizado Verde,CC01-1940,SI,BONUS 250 EC REGULADOR FISIOLÓGICO,1.2,8.7,12.0,2,7.3,2.6,13.3,3,201703,135,62,2,2.7,Medio,Alto
1189,EL TESORITO,80173,001B,Mecanizado Verde,CC01-1940,SI,BONUS 250 EC REGULADOR FISIOLÓGICO,1.0,10.9,13.5,3,8.4,2.7,13.6,4,201804,119,202,2,2.6,Bajo,Alto
1190,EL TESORITO,80173,2,Mecanizado Verde,CC01-1940,SI,BONUS 250 EC REGULADOR FISIOLÓGICO,1.0,11.3,12.8,2,9.3,2.7,13.3,2,201502,155,108,2,4.4,Alto,Alto
1191,EL TESORITO,80173,2,Mecanizado Verde,CC01-1940,SI,BONUS 250 EC REGULADOR FISIOLÓGICO,1.0,13.6,13.1,4,6.9,3.0,13.1,3,201703,153,117,2,0.7,Medio,Medio
1192,EL TESORITO,80173,2,Mecanizado Verde,CC01-1940,SI,BONUS 250 EC REGULADOR FISIOLÓGICO,1.5,7.3,12.5,5,11.0,2.6,12.7,5,201805,128,185,2,4.4,Bajo,Medio
1193,EL TESORITO,80173,2,Mecanizado Verde,CC01-1940,SI,BONUS 250 EC REGULADOR FISIOLÓGICO,0.8,7.9,13.3,1,10.0,2.2,13.5,12,202012,141,145,2,0.9,Medio,Alto
1194,EL TESORITO,80173,002A,Mecanizado Verde,CC01-1940,SI,BONUS 250 EC REGULADOR FISIOLÓGICO,1.2,13.0,13.8,1,11.0,2.6,12.0,3,201703,210,164,2,1.1,Alto,Bajo
1195,EL TESORITO,80173,002A,Mecanizado Verde,CC01-1940,SI,BONUS 250 EC REGULADOR FISIOLÓGICO,1.5,7.4,12.4,2,8.8,2.6,12.8,5,201805,144,180,2,1.1,Medio,Medio
1197,EL TESORITO CAMPOX,81353,40,Mecanizado Verde,CC01-1940,SI,BONUS 250 EC REGULADOR FISIOLÓGICO,1.0,14.3,16.4,3,11.1,9.3,11.9,5,201805,181,0,3,3.2,Alto,Bajo
1198,EL TESORITO CAMPOX,81353,130,Mecanizado Verde,CC01-1940,SI,BONUS 250 EC REGULADOR FISIOLÓGICO,1.0,16.4,15.2,3,12.7,6.5,11.2,5,201805,6,0,3,3.2,Bajo,Bajo
1199,EL TESORITO CAMPOX,81353,180,Mecanizado Verde,CC01-1940,SI,BONUS 250 EC REGULADOR FISIOLÓGICO,1.0,13.6,14.9,5,13.8,8.0,11.6,5,201805,163,0,3,3.2,Alto,Bajo
1200,EL TESORITO CAMPOX,81353,200,Mecanizado Verde,CC01-1940,SI,BONUS 250 EC REGULADOR FISIOLÓGICO,1.0,11.0,14.8,4,6.6,6.7,12.9,7,201807,95,0,3,3.2,Bajo,Medio
1205,EL TESORO,81072,001C,Mecanizado Verde,CC01-1940,SI,BONUS 250 EC REGULADOR FISIOLÓGICO,0.8,11.3,14.1,1,9.2,2.2,12.8,11,202011,168,181,3,3.1,Alto,Medio
1215,EL TESORO,81072,4,Mecanizado Verde,CC01-1940,SI,BONUS 250 EC REGULADOR FISIOLÓGICO,1.1,12.1,16.0,2,10.3,1.7,11.9,1,201801,185,833,3,4.0,Alto,Bajo
1216,EL TESORO,81072,4,Mecanizado Verde,CC01-1940,SI,BONUS 250 EC REGULADOR FISIOLÓGICO,0.8,8.1,11.8,3,7.8,1.4,13.9,1,201901,161,0,3,4.1,Alto,Alto
1217,EL TESORO,81072,4,Mecanizado Verde,CC01-1940,SI,BONUS 250 EC REGULADOR FISIOLÓGICO,1.0,8.0,11.9,4,8.8,1.7,12.7,1,202001,150,0,3,4.3,Medio,Medio
1218,EL TESORO,81072,5,Mecanizado Verde,CC01-1940,SI,BONUS 250 EC REGULADOR FISIOLÓGICO,0.8,11.3,12.5,1,11.1,2.4,13.7,11,202011,144,100,3,3.1,Medio,Alto
1222,EL TESORO,81072,6,Mecanizado Verde,CC01-1940,SI,BONUS 250 EC REGULADOR FISIOLÓGICO,0.8,8.1,11.8,3,9.0,1.6,13.5,1,201901,153,0,3,4.1,Medio,Alto
1223,EL TESORO,81072,6,Mecanizado Verde,CC01-1940,SI,BONUS 250 EC REGULADOR FISIOLÓGICO,1.0,7.9,11.9,4,7.4,1.8,13.6,1,202001,133,0,3,4.3,Bajo,Alto
1236,EL TREBOL 1,80421,710,Mecanizado Verde,CC01-1940,SI,BONUS 250 EC REGULADOR FISIOLÓGICO,1.3,8.0,12.4,1,8.3,6.6,14.0,10,201810,141,143,3,2.8,Medio,Alto
1237,EL TREBOL 1,80421,710,Mecanizado Verde,CC01-1940,SI,BONUS 250 EC REGULADOR FISIOLÓGICO,0.5,8.6,12.0,2,10.0,1.5,13.0,10,201910,157,0,3,1.7,Alto,Medio
1238,EL TREBOL 1,80421,710,Mecanizado Verde,CC01-1940,SI,BONUS 250 EC REGULADOR FISIOLÓGICO,0.8,9.1,12.0,3,8.0,2.1,13.3,10,202010,139,45,3,3.1,Medio,Alto
1239,EL TREBOL 1,80421,711,Mecanizado Verde,CC01-1940,SI,BONUS 250 EC REGULADOR FISIOLÓGICO,1.3,7.9,12.5,1,8.5,4.5,13.7,10,201810,151,169,3,3.3,Medio,Alto
1240,EL TREBOL 1,80421,711,Mecanizado Verde,CC01-1940,SI,BONUS 250 EC REGULADOR FISIOLÓGICO,0.5,7.7,11.8,2,9.0,1.7,13.5,10,201910,152,0,3,1.7,Medio,Alto
1241,EL TREBOL 1,80421,711,Mecanizado Verde,CC01-1940,SI,BONUS 250 EC REGULADOR FISIOLÓGICO,0.8,8.4,12.0,3,8.2,1.8,14.2,10,202010,135,45,3,3.1,Medio,Alto
1242,EL TREBOL 1,80421,712,Mecanizado Verde,CC01-1940,SI,BONUS 250 EC REGULADOR FISIOLÓGICO,1.3,7.6,12.7,1,6.6,1.6,13.7,10,201810,158,191,3,2.4,Alto,Alto
1243,EL TREBOL 1,80421,712,Mecanizado Verde,CC01-1940,SI,BONUS 250 EC REGULADOR FISIOLÓGICO,0.5,7.6,11.9,2,11.7,1.7,12.3,10,201910,167,0,3,1.7,Alto,Bajo
1244,EL TREBOL 1,80421,712,Mecanizado Verde,CC01-1940,SI,BONUS 250 EC REGULADOR FISIOLÓGICO,0.8,8.0,11.9,3,7.7,1.9,14.5,10,202010,136,45,3,3.1,Medio,Alto
1271,EL TREJO,80430,004B,Mecanizado Verde,CC01-1940,SI,BONUS 250 EC REGULADOR FISIOLÓGICO,1.0,10.9,13.5,1,9.4,2.0,11.4,1,201701,194,406,3,11.5,Alto,Bajo
1272,EL TREJO,80430,004B,Mecanizado Verde,CC01-1940,SI,BONUS 250 EC REGULADOR FISIOLÓGICO,1.2,8.0,14.1,2,10.0,1.5,12.8,3,201803,157,396,3,2.5,Alto,Medio
1273,EL TREJO,80430,004B,Mecanizado Verde,CC01-1940,SI,BONUS 250 EC REGULADOR FISIOLÓGICO,1.0,8.9,12.2,3,8.9,1.3,12.8,3,201903,165,0,3,1.3,Alto,Medio
1274,EL TREJO,80430,004B,Mecanizado Verde,CC01-1940,SI,BONUS 250 EC REGULADOR FISIOLÓGICO,0.8,8.9,12.1,4,8.2,1.8,13.1,4,202004,160,66,3,2.9,Alto,Medio
1279,EL TREJO,80430,7,Mecanizado Verde,CC01-1940,SI,BONUS 250 EC REGULADOR FISIOLÓGICO,1.0,4.1,12.1,1,7.9,1.9,13.0,9,201809,158,124,3,3.0,Alto,Medio
1280,EL TREJO,80430,7,Mecanizado Verde,CC01-1940,SI,BONUS 250 EC REGULADOR FISIOLÓGICO,1.0,11.4,13.1,2,9.6,1.5,13.2,11,201911,154,0,3,4.8,Alto,Alto
1281,EL TREJO,80430,7,Mecanizado Verde,CC01-1940,SI,BONUS 250 EC REGULADOR FISIOLÓGICO,0.8,9.6,12.8,3,9.8,1.8,13.3,11,202011,151,46,3,4.0,Medio,Alto
1290,EL TREJO 2,80431,2,Mecanizado Verde,CC01-1940,SI,BONUS 250 EC REGULADOR FISIOLÓGICO,0.5,3.4,12.6,1,11.1,2.0,12.5,5,202005,160,164,3,2.5,Alto,Medio
1293,EL TRIUNFO  MOLINA,81002,5,Mecanizado Verde,CC01-1940,SI,BONUS 250 EC REGULADOR FISIOLÓGICO,1.0,11.4,12.6,5,7.3,16.0,12.9,3,201903,110,0,3,2.0,Bajo,Medio
1294,EL TRIUNFO  MOLINA,81002,5,Mecanizado Verde,CC01-1940,SI,BONUS 250 EC REGULADOR FISIOLÓGICO,0.8,9.6,11.9,6,10.0,8.0,13.8,3,202003,76,0,3,3.1,Bajo,Alto
1295,EL TRIUNFO  MOLINA,81002,6,Mecanizado Verde,CC01-1940,SI,BONUS 250 EC REGULADOR FISIOLÓGICO,0.8,9.9,12.0,6,8.4,30.0,13.8,3,202003,88,0,3,3.1,Bajo,Alto
1311,EL TRIUNFO POSADA,80565,5,Mecanizado Verde,CC01-1940,SI,BONUS 250 EC REGULADOR FISIOLÓGICO,1.0,10.7,13.7,1,10.7,1.7,11.6,6,201906,150,0,3,6.6,Medio,Bajo
1312,EL TRIUNFO POSADA,80565,5,Mecanizado Verde,CC01-1940,SI,BONUS 250 EC REGULADOR FISIOLÓGICO,0.8,6.6,11.7,2,11.7,1.6,12.1,6,202006,127,0,3,2.8,Bajo,Bajo
1315,EL VERGEL 1 CUCALON,82514,2,Mecanizado Verde,CC01-1940,SI,BONUS 250 EC REGULADOR FISIOLÓGICO,1.4,10.3,13.8,1,8.7,1.6,12.0,4,201804,146,338,2,5.3,Medio,Bajo
1316,EL VERGEL 1 CUCALON,82514,2,Mecanizado Verde,CC01-1940,SI,BONUS 250 EC REGULADOR FISIOLÓGICO,1.0,6.7,12.1,2,7.4,1.9,12.0,5,201905,134,244,2,2.5,Medio,Bajo
1317,EL VERGEL 1 CUCALON,82514,2,Mecanizado Verde,CC01-1940,SI,BONUS 250 EC REGULADOR FISIOLÓGICO,0.8,4.0,11.1,3,9.6,1.5,12.7,4,202004,122,21,2,2.1,Bajo,Medio
1318,ESCOCIA.,80438,1,Mecanizado Verde,CC01-1940,SI,BONUS 250 EC REGULADOR FISIOLÓGICO,1.1,10.4,13.7,1,9.2,3.5,13.5,10,201910,178,0,3,4.4,Alto,Alto
1322,ESCOCIA.,80438,001A,Mecanizado Verde,CC01-1940,SI,BONUS 250 EC REGULADOR FISIOLÓGICO,1.0,10.4,13.1,1,10.1,2.5,12.0,5,201605,146,438,3,3.2,Medio,Bajo
1323,ESCOCIA.,80438,2,Mecanizado Verde,CC01-1940,SI,BONUS 250 EC REGULADOR FISIOLÓGICO,0.8,9.6,13.0,2,8.9,10.6,13.7,10,202010,151,61,3,2.1,Medio,Alto
1327,ESCOCIA.,80438,3,Mecanizado Verde,CC01-1940,SI,BONUS 250 EC REGULADOR FISIOLÓGICO,1.1,9.1,14.3,1,7.5,3.1,13.6,9,201909,177,0,3,4.4,Alto,Alto
1328,ESCOCIA.,80438,3,Mecanizado Verde,CC01-1940,SI,BONUS 250 EC REGULADOR FISIOLÓGICO,0.8,9.7,12.5,2,9.3,2.7,13.1,10,202010,143,69,3,2.1,Medio,Medio
1332,ESCOCIA.,80438,4,Mecanizado Verde,CC01-1940,SI,BONUS 250 EC REGULADOR FISIOLÓGICO,1.0,10.1,13.4,1,9.8,2.2,11.7,5,201605,140,441,3,3.2,Medio,Bajo
1333,ESCOCIA.,80438,4,Mecanizado Verde,CC01-1940,SI,BONUS 250 EC REGULADOR FISIOLÓGICO,0.8,9.9,12.6,2,8.8,2.2,14.1,10,202010,145,69,3,2.1,Medio,Alto
1335,ESCOCIA.,80438,5,Mecanizado Verde,CC01-1940,SI,BONUS 250 EC REGULADOR FISIOLÓGICO,1.1,7.4,13.1,1,7.1,2.7,14.0,9,201909,165,0,3,5.3,Alto,Alto
1339,ESCOCIA.,80438,6,Mecanizado Verde,CC01-1940,SI,BONUS 250 EC REGULADOR FISIOLÓGICO,1.1,7.0,13.2,1,7.7,2.6,14.0,9,201909,174,0,3,4.4,Alto,Alto
1340,ESCOCIA.,80438,6,Mecanizado Verde,CC01-1940,SI,BONUS 250 EC REGULADOR FISIOLÓGICO,0.8,9.4,12.9,2,8.5,2.5,14.0,10,202010,155,61,3,2.1,Alto,Alto
1344,ESCOCIA.,80438,7,Mecanizado Verde,CC01-1940,SI,BONUS 250 EC REGULADOR FISIOLÓGICO,1.1,8.7,13.9,1,9.7,2.8,13.7,9,201909,180,0,3,4.4,Alto,Alto
1345,ESCOCIA.,80438,7,Mecanizado Verde,CC01-1940,SI,BONUS 250 EC REGULADOR FISIOLÓGICO,0.8,9.1,12.5,2,9.7,2.9,13.8,10,202010,159,48,3,2.1,Alto,Alto
1349,ESCOCIA.,80438,8,Mecanizado Verde,CC01-1940,SI,BONUS 250 EC REGULADOR FISIOLÓGICO,0.8,9.9,12.5,2,9.6,14.3,11.9,6,202006,159,144,3,1.1,Alto,Bajo
1353,ESCOCIA.,80438,9,Mecanizado Verde,CC01-1940,SI,BONUS 250 EC REGULADOR FISIOLÓGICO,1.0,14.0,13.6,1,9.6,2.8,12.4,3,201703,152,224,3,4.9,Medio,Bajo
1354,ESCOCIA.,80438,9,Mecanizado Verde,CC01-1940,SI,BONUS 250 EC REGULADOR FISIOLÓGICO,0.8,8.9,13.3,2,8.6,2.6,12.0,5,201805,122,222,3,4.3,Bajo,Bajo
1355,ESCOCIA.,80438,9,Mecanizado Verde,CC01-1940,SI,BONUS 250 EC REGULADOR FISIOLÓGICO,1.1,8.1,12.6,3,11.7,2.7,11.6,5,201905,161,0,3,5.3,Alto,Bajo
1356,ESCOCIA.,80438,9,Mecanizado Verde,CC01-1940,SI,BONUS 250 EC REGULADOR FISIOLÓGICO,0.8,9.1,12.8,4,9.4,2.8,12.4,6,202006,126,204,3,3.1,Bajo,Bajo
1361,ESCOCIA.,80438,11,Mecanizado Verde,CC01-1940,SI,BONUS 250 EC REGULADOR FISIOLÓGICO,1.0,6.9,12.9,1,9.8,2.0,11.9,4,201604,143,256,3,3.2,Medio,Bajo
1362,ESCOCIA.,80438,11,Mecanizado Verde,CC01-1940,SI,BONUS 250 EC REGULADOR FISIOLÓGICO,0.8,9.0,12.4,5,8.6,2.8,13.7,10,202010,137,48,3,2.1,Medio,Alto
1364,ESCOCIA.,80438,12,Mecanizado Verde,CC01-1940,SI,BONUS 250 EC REGULADOR FISIOLÓGICO,1.0,7.0,12.9,1,6.7,2.0,11.5,4,201604,156,272,3,3.2,Alto,Bajo
1365,ESCOCIA.,80438,12,Mecanizado Verde,CC01-1940,SI,BONUS 250 EC REGULADOR FISIOLÓGICO,0.8,8.9,12.9,5,9.7,2.8,13.7,10,202010,127,61,3,2.1,Bajo,Alto
1367,ESPERANZA  INESA,81363,10,Mecanizado Verde,CC01-1940,SI,BONUS 250 EC REGULADOR FISIOLÓGICO,0.8,7.7,18.2,13,9.5,2.7,11.6,12,201612,152,0,3,4.4,Medio,Bajo
1368,ESPERANZA  INESA,81363,10,Mecanizado Verde,CC01-1940,SI,BONUS 250 EC REGULADOR FISIOLÓGICO,0.8,1.7,13.4,3,7.8,2.5,10.2,1,201801,147,0,3,4.4,Medio,Bajo
1369,ESPERANZA  INESA,81363,10,Mecanizado Verde,CC01-1940,SI,BONUS 250 EC REGULADOR FISIOLÓGICO,0.8,9.7,12.5,5,10.0,20.9,12.7,12,201912,112,0,3,4.4,Bajo,Medio
1370,ESPERANZA  INESA,81363,10,Mecanizado Verde,CC01-1940,SI,BONUS 250 EC REGULADOR FISIOLÓGICO,0.8,9.9,12.8,6,9.7,2.7,12.9,1,202101,113,137,3,4.4,Bajo,Medio
1371,ESPERANZA  INESA,81363,20,Mecanizado Verde,CC01-1940,SI,BONUS 250 EC REGULADOR FISIOLÓGICO,0.7,9.1,13.4,1,9.6,24.6,12.1,5,201905,159,0,3,4.4,Alto,Bajo
1374,ESPERANZA  INESA,81363,80,Mecanizado Verde,CC01-1940,SI,BONUS 250 EC REGULADOR FISIOLÓGICO,0.8,9.1,12.5,2,10.0,25.3,12.5,9,202009,139,88,3,3.0,Medio,Medio
1383,ESPERANZA  INESA,81363,330,Mecanizado Verde,CC01-1940,SI,BONUS 250 EC REGULADOR FISIOLÓGICO,0.8,9.4,13.6,1,8.6,2.4,13.2,1,202101,97,205,3,4.4,Bajo,Alto
1389,ESPERANZA  INESA,81363,400,Mecanizado Verde,CC01-1940,SI,BONUS 250 EC REGULADOR FISIOLÓGICO,0.8,6.3,12.0,2,12.2,7.4,13.5,10,202010,146,83,3,2.1,Medio,Alto
1391,ESPERANZA  INESA,81363,550,Mecanizado Verde,CC01-1940,SI,BONUS 250 EC REGULADOR FISIOLÓGICO,1.0,8.0,13.9,1,10.1,2.2,12.6,1,201901,134,0,3,3.7,Medio,Medio
1392,ESPERANZA  INESA,81363,550,Mecanizado Verde,CC01-1940,SI,BONUS 250 EC REGULADOR FISIOLÓGICO,0.8,9.0,12.4,2,8.8,2.3,11.9,2,202002,116,26,3,3.7,Bajo,Bajo
1394,ESPERANZA  INESA,81363,560,Mecanizado Verde,CC01-1940,SI,BONUS 250 EC REGULADOR FISIOLÓGICO,0.5,8.1,13.2,1,7.1,0.7,13.1,10,201910,104,0,3,3.1,Bajo,Medio
1398,ESPERANZA  INESA,81363,620,Mecanizado Verde,CC01-1940,SI,BONUS 250 EC REGULADOR FISIOLÓGICO,0.8,7.7,13.7,1,12.7,1.7,12.7,10,201910,126,0,3,2.6,Bajo,Medio
1399,ESPERANZA  INESA,81363,620,Mecanizado Verde,CC01-1940,SI,BONUS 250 EC REGULADOR FISIOLÓGICO,0.8,9.0,12.6,2,8.3,2.0,13.5,10,202010,120,119,3,2.1,Bajo,Alto
1400,ESPERANZA  INESA,81363,630,Mecanizado Verde,CC01-1940,SI,BONUS 250 EC REGULADOR FISIOLÓGICO,0.8,8.0,13.7,1,7.8,2.2,14.2,10,201910,146,0,3,2.6,Medio,Alto
1401,ESPERANZA  INESA,81363,630,Mecanizado Verde,CC01-1940,SI,BONUS 250 EC REGULADOR FISIOLÓGICO,0.8,9.0,12.5,2,10.5,2.5,12.7,10,202010,121,119,3,2.1,Bajo,Medio
1402,ESPERANZA  INESA,81363,651,Mecanizado Verde,CC01-1940,SI,BONUS 250 EC REGULADOR FISIOLÓGICO,0.8,7.6,13.7,1,8.3,1.7,14.1,10,201910,139,0,3,2.6,Medio,Alto
1403,ESPERANZA  INESA,81363,651,Mecanizado Verde,CC01-1940,SI,BONUS 250 EC REGULADOR FISIOLÓGICO,0.8,8.9,12.6,2,8.0,3.6,16.0,10,202010,110,78,3,2.1,Bajo,Alto
1406,ESPERANZA  INESA,81363,652,Mecanizado Verde,CC01-1940,SI,BONUS 250 EC REGULADOR FISIOLÓGICO,0.8,6.7,13.5,1,9.6,2.0,12.8,8,202008,125,91,3,2.1,Bajo,Medio
1409,ESPERANZA  INESA,81363,772,Mecanizado Verde,CC01-1940,SI,BONUS 250 EC REGULADOR FISIOLÓGICO,0.8,6.4,13.4,1,9.5,2.4,13.1,8,202008,135,91,3,2.1,Medio,Medio
1413,ESPERANZA  INESA,81363,772A,Mecanizado Verde,CC01-1940,SI,BONUS 250 EC REGULADOR FISIOLÓGICO,0.8,9.0,14.0,1,9.0,2.2,13.1,9,202009,135,110,3,2.1,Medio,Medio
1414,ESPERANZA  INESA,81363,780,Mecanizado Verde,CC01-1940,SI,BONUS 250 EC REGULADOR FISIOLÓGICO,0.8,11.6,13.9,1,9.7,1.9,14.4,10,201910,111,0,3,2.6,Bajo,Alto
1415,ESPERANZA  INESA,81363,780,Mecanizado Verde,CC01-1940,SI,BONUS 250 EC REGULADOR FISIOLÓGICO,0.8,8.9,12.6,2,10.2,1.9,13.9,10,202010,127,78,3,2.1,Bajo,Alto
1418,ESPERANZA  INESA,81363,811,Mecanizado Verde,CC01-1940,SI,BONUS 250 EC REGULADOR FISIOLÓGICO,0.8,10.0,13.9,1,10.9,2.8,13.2,1,202101,99,187,3,4.4,Bajo,Alto
1428,ESPERANZA  INESA,81363,871,Mecanizado Verde,CC01-1940,SI,BONUS 250 EC REGULADOR FISIOLÓGICO,0.8,4.3,12.9,1,8.3,2.5,11.7,7,201907,143,0,3,3.8,Medio,Bajo
1437,ESPERANZA  INESA,81363,970,Mecanizado Verde,CC01-1940,SI,BONUS 250 EC REGULADOR FISIOLÓGICO,1.0,9.0,14.3,1,6.6,2.5,11.6,1,202101,115,228,3,4.4,Bajo,Bajo
1440,ESPERANZA  INESA,81363,992,Mecanizado Verde,CC01-1940,SI,BONUS 250 EC REGULADOR FISIOLÓGICO,0.8,11.7,14.0,1,5.4,2.3,13.5,10,201910,109,0,3,2.6,Bajo,Alto
1441,ESPERANZA  INESA,81363,992,Mecanizado Verde,CC01-1940,SI,BONUS 250 EC REGULADOR FISIOLÓGICO,0.8,9.0,12.6,2,10.8,2.0,14.8,10,202010,137,119,3,2.1,Medio,Alto
1444,FATIMA,81386,1,Mecanizado Verde,CC01-1940,SI,BONUS 250 EC REGULADOR FISIOLÓGICO,0.8,-1.6,12.4,2,9.1,7.4,12.8,12,201812,197,123,3,5.7,Alto,Medio
1445,FATIMA,81386,1,Mecanizado Verde,CC01-1940,SI,BONUS 250 EC REGULADOR FISIOLÓGICO,0.5,5.4,13.2,3,8.1,1.6,12.8,3,202003,188,0,3,3.1,Alto,Medio
1446,FATIMA,81386,001A,Mecanizado Verde,CC01-1940,SI,BONUS 250 EC REGULADOR FISIOLÓGICO,0.8,6.0,14.2,2,9.0,1.8,12.4,2,201902,194,123,3,2.1,Alto,Bajo
1447,FATIMA,81386,2,Mecanizado Verde,CC01-1940,SI,BONUS 250 EC REGULADOR FISIOLÓGICO,0.8,11.7,13.5,3,9.3,2.0,12.2,1,202001,176,0,3,2.1,Alto,Bajo
1458,FUNDUNGO  INVENSA,81361,420,Mecanizado Verde,CC01-1940,SI,BONUS 250 EC REGULADOR FISIOLÓGICO,0.8,7.3,13.1,1,8.5,2.9,12.7,10,202010,149,0,3,9.0,Medio,Medio
1476,FUNDUNGO  INVENSA,81361,500,Mecanizado Verde,CC01-1940,SI,BONUS 250 EC REGULADOR FISIOLÓGICO,1.2,8.4,12.3,4,7.8,2.1,12.8,10,201610,119,0,3,4.4,Bajo,Medio
1483,FUNDUNGO  INVENSA,81361,520,Mecanizado Verde,CC01-1940,SI,BONUS 250 EC REGULADOR FISIOLÓGICO,0.8,8.0,13.2,1,10.6,2.0,12.6,10,201910,171,0,3,4.4,Alto,Medio
1484,FUNDUNGO  INVENSA,81361,520,Mecanizado Verde,CC01-1940,SI,BONUS 250 EC REGULADOR FISIOLÓGICO,1.0,8.6,12.6,2,7.7,2.0,14.1,11,202011,155,0,3,9.4,Alto,Alto
1488,FUNDUNGO  INVENSA,81361,560,Mecanizado Verde,CC01-1940,SI,BONUS 250 EC REGULADOR FISIOLÓGICO,0.8,6.4,12.2,14,8.6,2.1,12.5,10,202010,137,46,3,9.4,Medio,Medio
1489,FUNDUNGO  INVENSA,81361,561,Mecanizado Verde,CC01-1940,SI,BONUS 250 EC REGULADOR FISIOLÓGICO,0.8,10.1,13.2,12,11.8,2.4,12.2,8,201808,186,0,3,11.1,Alto,Bajo
1490,FUNDUNGO  INVENSA,81361,561,Mecanizado Verde,CC01-1940,SI,BONUS 250 EC REGULADOR FISIOLÓGICO,0.8,14.7,13.9,13,6.3,2.4,13.6,10,201910,138,0,3,8.8,Medio,Alto
1491,FUNDUNGO  INVENSA,81361,561,Mecanizado Verde,CC01-1940,SI,BONUS 250 EC REGULADOR FISIOLÓGICO,0.8,11.4,13.5,11,10.4,2.6,11.2,6,201706,176,0,3,13.9,Alto,Bajo
1496,FUNDUNGO  INVENSA,81361,570,Mecanizado Verde,CC01-1940,SI,BONUS 250 EC REGULADOR FISIOLÓGICO,0.8,10.4,13.6,1,9.0,2.2,12.8,9,202009,149,0,3,9.4,Medio,Medio
1506,GALICIA,80109,336,Mecanizado Verde,CC01-1940,SI,BONUS 250 EC REGULADOR FISIOLÓGICO,1.2,10.0,12.3,5,8.7,1.7,12.6,5,202005,116,177,1,7.7,Bajo,Medio
1507,GALICIA,80109,339,Mecanizado Verde,CC01-1940,SI,BONUS 250 EC REGULADOR FISIOLÓGICO,1.5,9.9,13.0,5,12.2,7.5,12.4,4,201804,123,231,1,1.6,Bajo,Bajo
1508,GALICIA,80109,339,Mecanizado Verde,CC01-1940,SI,BONUS 250 EC REGULADOR FISIOLÓGICO,1.2,9.3,12.2,6,10.5,11.4,12.1,4,201904,120,281,1,6.1,Bajo,Bajo
1509,GALICIA,80109,339,Mecanizado Verde,CC01-1940,SI,BONUS 250 EC REGULADOR FISIOLÓGICO,1.2,7.4,11.7,7,12.6,6.3,12.3,4,202004,109,59,1,7.7,Bajo,Bajo
1510,GALICIA,80109,340A,Mecanizado Verde,CC01-1940,SI,BONUS 250 EC REGULADOR FISIOLÓGICO,0.8,7.7,11.8,2,9.9,2.8,11.8,6,202006,139,62,1,9.6,Medio,Bajo
1534,GRANJA SANTA CRUZ,80944,10,Mecanizado Verde,CC01-1940,SI,BONUS 250 EC REGULADOR FISIOLÓGICO,1.0,7.4,14.1,2,11.7,2.6,10.8,1,201701,249,0,3,0.7,Alto,Bajo
1535,GRANJA SANTA CRUZ,80944,10,Mecanizado Verde,CC01-1940,SI,BONUS 250 EC REGULADOR FISIOLÓGICO,1.1,9.1,14.1,3,11.1,2.6,12.3,3,201803,217,176,3,3.2,Alto,Bajo
1536,GRANJA SANTA CRUZ,80944,10,Mecanizado Verde,CC01-1940,SI,BONUS 250 EC REGULADOR FISIOLÓGICO,0.8,4.4,12.3,4,10.8,2.8,12.0,3,201903,202,0,3,6.1,Alto,Bajo
1537,GRANJA SANTA CRUZ,80944,10,Mecanizado Verde,CC01-1940,SI,BONUS 250 EC REGULADOR FISIOLÓGICO,0.5,7.6,12.1,5,11.0,1.3,12.8,3,202003,158,0,3,4.4,Alto,Medio
1538,GRANJA SANTA CRUZ,80944,11,Mecanizado Verde,CC01-1940,SI,BONUS 250 EC REGULADOR FISIOLÓGICO,1.1,9.1,12.8,1,5.7,2.8,12.5,3,201803,177,113,3,3.2,Alto,Medio
1539,GRANJA SANTA CRUZ,80944,11,Mecanizado Verde,CC01-1940,SI,BONUS 250 EC REGULADOR FISIOLÓGICO,0.8,4.4,12.3,2,9.9,2.9,12.5,3,201903,166,0,3,3.2,Alto,Medio
1540,GRANJA SANTA CRUZ,80944,11,Mecanizado Verde,CC01-1940,SI,BONUS 250 EC REGULADOR FISIOLÓGICO,0.5,7.7,12.1,3,7.3,1.3,13.5,4,202004,157,0,3,4.4,Alto,Alto
1542,GUACHICONA ,80943,1,Mecanizado Verde,CC01-1940,SI,BONUS 250 EC REGULADOR FISIOLÓGICO,1.0,10.7,13.8,1,7.7,2.5,13.6,9,201909,182,0,3,5.6,Alto,Alto
1562,HACIENDA PAMPAMA ,81391,8,Mecanizado Verde,CC01-1940,SI,BONUS 250 EC REGULADOR FISIOLÓGICO,1.2,14.4,15.7,2,9.8,2.5,11.4,12,201712,183,0,3,14.9,Alto,Bajo
1563,HACIENDA PAMPAMA ,81391,8,Mecanizado Verde,CC01-1940,SI,BONUS 250 EC REGULADOR FISIOLÓGICO,1.0,8.9,12.5,3,8.0,3.4,12.7,12,201812,145,0,3,8.0,Medio,Medio
1564,HACIENDA PAMPAMA ,81391,8,Mecanizado Verde,CC01-1940,SI,BONUS 250 EC REGULADOR FISIOLÓGICO,1.0,11.7,12.3,4,9.8,2.6,12.0,12,201912,145,0,3,7.5,Medio,Bajo
1565,HACIENDA PAMPAMA ,81391,008A,Mecanizado Verde,CC01-1940,SI,BONUS 250 EC REGULADOR FISIOLÓGICO,1.0,12.4,12.4,4,6.5,4.6,12.2,1,202001,95,0,3,7.5,Bajo,Bajo
1566,JAMAICA ABADIA,80291,1,Mecanizado Verde,CC01-1940,SI,BONUS 250 EC REGULADOR FISIOLÓGICO,1.2,9.9,12.4,2,8.4,2.3,13.0,11,201611,151,199,2,4.4,Medio,Medio
1567,JAMAICA ABADIA,80291,1,Mecanizado Verde,CC01-1940,SI,BONUS 250 EC REGULADOR FISIOLÓGICO,1.5,6.7,13.1,3,7.9,2.2,12.5,12,201712,164,205,2,4.4,Alto,Medio
1568,JAMAICA ABADIA,80291,1,Mecanizado Verde,CC01-1940,SI,BONUS 250 EC REGULADOR FISIOLÓGICO,1.2,6.4,11.3,4,12.4,2.4,12.2,12,201812,176,99,2,3.4,Alto,Bajo
1569,JAMAICA ABADIA,80291,1,Mecanizado Verde,CC01-1940,SI,BONUS 250 EC REGULADOR FISIOLÓGICO,1.0,9.7,12.4,5,9.4,2.1,13.1,12,201912,160,153,2,2.3,Alto,Medio
1570,JAMAICA ABADIA,80291,001A,Mecanizado Verde,CC01-1940,SI,BONUS 250 EC REGULADOR FISIOLÓGICO,1.0,10.3,13.2,1,7.7,2.2,14.3,11,201511,148,43,2,25.5,Medio,Alto
1571,JAMAICA ABADIA,80291,001A,Mecanizado Verde,CC01-1940,SI,BONUS 250 EC REGULADOR FISIOLÓGICO,0.8,8.1,12.7,6,8.6,2.2,13.9,1,202101,141,143,2,4.4,Medio,Alto
1572,JAMAICA ABADIA,80291,2,Mecanizado Verde,CC01-1940,SI,BONUS 250 EC REGULADOR FISIOLÓGICO,1.3,9.7,12.6,1,7.3,2.2,11.9,7,201807,162,77,2,7.9,Alto,Bajo
1573,JAMAICA ABADIA,80291,2,Mecanizado Verde,CC01-1940,SI,BONUS 250 EC REGULADOR FISIOLÓGICO,1.2,8.9,12.3,2,8.8,2.7,12.5,7,201907,144,108,2,10.1,Medio,Medio
1574,JAMAICA ABADIA,80291,2,Mecanizado Verde,CC01-1940,SI,BONUS 250 EC REGULADOR FISIOLÓGICO,0.8,5.0,11.3,3,8.8,2.4,11.6,7,202007,147,32,2,6.2,Medio,Bajo
1575,JAMAICA ABADIA,80291,002A,Mecanizado Verde,CC01-1940,SI,BONUS 250 EC REGULADOR FISIOLÓGICO,1.2,6.0,11.7,3,10.6,2.1,12.3,4,201704,133,212,2,13.1,Bajo,Bajo
1576,JAMAICA ABADIA,80291,002A,Mecanizado Verde,CC01-1940,SI,BONUS 250 EC REGULADOR FISIOLÓGICO,1.4,3.4,11.6,4,9.6,1.9,12.2,4,201804,148,76,2,3.9,Medio,Bajo
1577,JAMAICA ABADIA,80291,002A,Mecanizado Verde,CC01-1940,SI,BONUS 250 EC REGULADOR FISIOLÓGICO,1.2,6.0,11.5,5,9.6,1.9,12.6,4,201904,128,53,2,5.7,Bajo,Medio
1578,JAMAICA ABADIA,80291,002A,Mecanizado Verde,CC01-1940,SI,BONUS 250 EC REGULADOR FISIOLÓGICO,1.2,9.6,12.3,6,9.1,1.8,12.9,4,202004,134,103,2,9.9,Medio,Medio
1579,JAMAICA ABADIA,80291,002B,Mecanizado Verde,CC01-1940,SI,BONUS 250 EC REGULADOR FISIOLÓGICO,1.2,6.7,11.5,2,9.3,2.2,12.8,12,201812,140,80,2,3.4,Medio,Medio
1580,JAMAICA ABADIA,80291,002B,Mecanizado Verde,CC01-1940,SI,BONUS 250 EC REGULADOR FISIOLÓGICO,1.0,11.3,12.7,3,7.3,2.3,13.3,12,201912,139,120,2,2.3,Medio,Alto
1581,JAMAICA ABADIA,80291,002B,Mecanizado Verde,CC01-1940,SI,BONUS 250 EC REGULADOR FISIOLÓGICO,0.8,7.9,12.2,4,7.5,3.0,13.9,1,202101,104,118,2,4.4,Bajo,Alto
1583,JAVA,80298,21,Mecanizado Verde,CC01-1940,SI,BONUS 250 EC REGULADOR FISIOLÓGICO,1.0,7.7,12.9,1,11.2,26.6,11.7,5,201905,135,311,2,6.1,Medio,Bajo
1584,JAVA,80298,21,Mecanizado Verde,CC01-1940,SI,BONUS 250 EC REGULADOR FISIOLÓGICO,0.8,7.6,11.9,2,9.9,1.8,12.2,5,202005,60,111,2,4.2,Bajo,Bajo
1585,JAVA,80298,27,Mecanizado Verde,CC01-1940,SI,BONUS 250 EC REGULADOR FISIOLÓGICO,1.0,9.9,13.4,1,9.9,2.3,13.5,1,202001,105,155,2,3.1,Bajo,Alto
1586,JAVA,80298,28,Mecanizado Verde,CC01-1940,SI,BONUS 250 EC REGULADOR FISIOLÓGICO,0.8,7.7,11.7,2,12.2,2.4,13.1,1,202001,95,59,2,3.1,Bajo,Medio
1588,JERICO,80118,450,Mecanizado Verde,CC01-1940,SI,BONUS 250 EC REGULADOR FISIOLÓGICO,0.8,8.1,11.9,5,9.1,14.8,12.5,5,202005,134,130,1,3.6,Medio,Medio
1589,JERICO,80118,450A,Mecanizado Verde,CC01-1940,SI,BONUS 250 EC REGULADOR FISIOLÓGICO,1.2,11.3,12.9,2,7.4,2.7,12.1,12,201612,157,328,1,2.8,Alto,Bajo
1591,JERICO,80118,450B,Mecanizado Verde,CC01-1940,SI,BONUS 250 EC REGULADOR FISIOLÓGICO,1.2,9.6,11.9,4,8.3,2.3,13.3,2,201902,143,17,1,3.9,Medio,Alto
1592,JERICO,80118,450C,Mecanizado Verde,CC01-1940,SI,BONUS 250 EC REGULADOR FISIOLÓGICO,0.8,8.4,12.1,3,7.1,2.0,13.9,12,201512,129,64,1,5.4,Bajo,Alto
1593,JERICO,80118,450C,Mecanizado Verde,CC01-1940,SI,BONUS 250 EC REGULADOR FISIOLÓGICO,1.0,7.9,12.5,4,9.6,3.1,12.7,12,201612,150,319,1,1.9,Medio,Medio
1594,JERICO,80118,450C,Mecanizado Verde,CC01-1940,SI,BONUS 250 EC REGULADOR FISIOLÓGICO,1.2,8.3,13.5,5,7.6,2.4,12.2,2,201802,160,298,1,1.2,Alto,Bajo
1595,JERICO,80118,450C,Mecanizado Verde,CC01-1940,SI,BONUS 250 EC REGULADOR FISIOLÓGICO,1.2,9.6,11.8,6,8.8,2.1,13.7,2,201902,153,17,1,1.0,Medio,Alto
1596,JERICO,80118,450D,Mecanizado Verde,CC01-1940,SI,BONUS 250 EC REGULADOR FISIOLÓGICO,1.2,13.3,13.2,3,9.0,2.4,11.5,6,201706,181,465,1,2.3,Alto,Bajo
1597,JERICO,80118,450D,Mecanizado Verde,CC01-1940,SI,BONUS 250 EC REGULADOR FISIOLÓGICO,1.7,7.1,11.8,4,11.2,2.2,12.9,6,201806,145,224,1,2.8,Medio,Medio
1598,JERICO,80118,450D,Mecanizado Verde,CC01-1940,SI,BONUS 250 EC REGULADOR FISIOLÓGICO,0.8,8.1,11.9,6,10.8,4.2,12.8,5,202005,148,130,1,3.1,Medio,Medio
1599,JERICO,80118,451,Mecanizado Verde,CC01-1940,SI,BONUS 250 EC REGULADOR FISIOLÓGICO,1.2,8.9,12.0,2,8.7,2.2,12.9,12,201612,162,245,1,3.1,Alto,Medio
1600,JERICO,80118,451,Mecanizado Verde,CC01-1940,SI,BONUS 250 EC REGULADOR FISIOLÓGICO,1.2,9.1,11.9,4,10.5,8.1,13.2,2,201902,158,17,1,3.8,Alto,Alto
1603,JOSEPILLA II,82512,2,Mecanizado Verde,CC01-1940,SI,BONUS 250 EC REGULADOR FISIOLÓGICO,1.0,8.1,12.7,1,7.0,2.3,12.7,11,201811,82,108,2,4.5,Bajo,Medio
1604,JOSEPILLA II,82512,2,Mecanizado Verde,CC01-1940,SI,BONUS 250 EC REGULADOR FISIOLÓGICO,0.8,13.6,13.1,2,9.4,1.6,12.7,12,201912,71,176,2,3.7,Bajo,Medio
1605,JOSEPILLA II,82512,3,Mecanizado Verde,CC01-1940,SI,BONUS 250 EC REGULADOR FISIOLÓGICO,1.0,8.4,13.1,1,7.8,2.4,11.8,11,201811,140,163,2,4.4,Medio,Bajo
1606,JOSEPILLA II,82512,3,Mecanizado Verde,CC01-1940,SI,BONUS 250 EC REGULADOR FISIOLÓGICO,0.8,13.6,13.1,2,10.0,1.6,12.0,12,201912,123,176,2,4.4,Bajo,Bajo
1607,JOSEPILLA II,82512,3,Mecanizado Verde,CC01-1940,SI,BONUS 250 EC REGULADOR FISIOLÓGICO,1.0,14.1,13.7,3,8.2,2.3,12.9,1,202101,121,220,2,4.4,Bajo,Medio
1608,JOSEPILLA PALMA,81063,2,Mecanizado Verde,CC01-1940,SI,BONUS 250 EC REGULADOR FISIOLÓGICO,0.8,7.9,11.9,2,8.7,2.0,13.1,3,201903,123,0,3,4.0,Bajo,Medio
1610,JOSEPILLA PALMA,81063,003A,Mecanizado Verde,CC01-1940,SI,BONUS 250 EC REGULADOR FISIOLÓGICO,0.8,7.6,11.9,2,9.4,3.2,11.5,3,201903,149,0,3,4.0,Medio,Bajo
1615,KATANOBU,80573,001A,Mecanizado Verde,CC01-1940,SI,BONUS 250 EC REGULADOR FISIOLÓGICO,1.0,12.7,12.9,2,11.3,2.1,11.9,11,201911,161,0,3,4.6,Alto,Bajo
1616,KATANOBU,80573,001A,Mecanizado Verde,CC01-1940,SI,BONUS 250 EC REGULADOR FISIOLÓGICO,1.0,9.9,12.2,3,11.0,2.0,12.2,11,202011,133,62,3,4.7,Bajo,Bajo
1617,KATANOBU,80573,002A,Mecanizado Verde,CC01-1940,SI,BONUS 250 EC REGULADOR FISIOLÓGICO,0.8,10.3,13.3,1,10.3,0.4,12.3,6,201906,164,0,3,2.6,Alto,Bajo
1618,KATANOBU,80573,002A,Mecanizado Verde,CC01-1940,SI,BONUS 250 EC REGULADOR FISIOLÓGICO,0.8,6.4,11.8,2,8.3,2.0,12.9,6,202006,130,112,3,3.9,Bajo,Medio
1620,LA ALDEA ADIELA,80270,1,Mecanizado Verde,CC01-1940,SI,BONUS 250 EC REGULADOR FISIOLÓGICO,1.2,9.6,12.4,4,7.6,5.7,14.6,11,201911,123,81,2,3.5,Bajo,Alto
1621,LA ALDEA CABAL,80139,002C,Mecanizado Verde,CC01-1940,SI,BONUS 250 EC REGULADOR FISIOLÓGICO,1.2,6.7,16.2,1,5.6,2.8,11.9,4,201804,115,498,2,3.7,Bajo,Bajo
1622,LA ALDEA CABAL,80139,002D,Mecanizado Verde,CC01-1940,SI,BONUS 250 EC REGULADOR FISIOLÓGICO,1.2,8.0,16.5,1,7.3,2.7,13.0,4,201804,173,508,2,3.2,Alto,Medio
1626,LA ALSACIA,80205,1,Mecanizado Verde,CC01-1940,SI,BONUS 250 EC REGULADOR FISIOLÓGICO,1.0,6.9,12.2,2,9.9,8.8,11.6,5,201805,122,181,2,3.7,Bajo,Bajo
1627,LA ALSACIA,80205,1,Mecanizado Verde,CC01-1940,SI,BONUS 250 EC REGULADOR FISIOLÓGICO,1.0,3.3,11.1,3,13.3,1.6,11.8,4,201904,119,165,2,4.2,Bajo,Bajo
1628,LA ALSACIA,80205,2,Mecanizado Verde,CC01-1940,SI,BONUS 250 EC REGULADOR FISIOLÓGICO,1.2,7.9,12.1,2,8.2,7.7,11.4,1,201701,162,192,2,3.2,Alto,Bajo
1629,LA ALSACIA,80205,2,Mecanizado Verde,CC01-1940,SI,BONUS 250 EC REGULADOR FISIOLÓGICO,1.2,9.1,11.6,4,8.6,1.6,13.1,2,201902,130,16,2,2.9,Bajo,Medio
1631,LA ALSACIA,80205,3,Mecanizado Verde,CC01-1940,SI,BONUS 250 EC REGULADOR FISIOLÓGICO,1.0,8.0,13.1,1,10.5,1.8,13.1,4,201904,142,191,2,5.7,Medio,Medio
1635,LA ALSACIA,80205,003A,Mecanizado Verde,CC01-1940,SI,BONUS 250 EC REGULADOR FISIOLÓGICO,1.5,10.4,12.3,2,9.6,2.0,12.8,8,201808,134,133,2,3.2,Medio,Medio
1636,LA ALSACIA,80205,003A,Mecanizado Verde,CC01-1940,SI,BONUS 250 EC REGULADOR FISIOLÓGICO,1.2,8.7,12.2,3,7.0,14.5,12.4,8,201908,124,48,2,5.7,Bajo,Bajo
1637,LA ALSACIA,80205,4,Mecanizado Verde,CC01-1940,SI,BONUS 250 EC REGULADOR FISIOLÓGICO,1.2,6.1,13.5,1,10.1,4.4,11.6,1,201801,160,342,2,2.8,Alto,Bajo
1638,LA ALSACIA,80205,4,Mecanizado Verde,CC01-1940,SI,BONUS 250 EC REGULADOR FISIOLÓGICO,1.4,4.9,11.7,3,8.7,20.0,12.4,1,202001,129,55,2,2.7,Bajo,Bajo
1643,LA ALSACIA SAAVEDRA,80511,3,Mecanizado Verde,CC01-1940,SI,BONUS 250 EC REGULADOR FISIOLÓGICO,0.8,6.1,11.7,2,7.7,3.4,12.7,1,201901,113,0,3,7.1,Bajo,Medio
1644,LA ALSACIA SAAVEDRA,80511,3,Mecanizado Verde,CC01-1940,SI,BONUS 250 EC REGULADOR FISIOLÓGICO,0.8,8.4,12.3,3,8.6,3.2,12.0,1,202001,137,6,3,6.6,Medio,Bajo
1645,LA ALSACIA SAAVEDRA,80511,003A,Mecanizado Verde,CC01-1940,SI,BONUS 250 EC REGULADOR FISIOLÓGICO,0.8,6.1,11.7,3,8.5,2.7,11.9,1,201901,145,0,3,7.8,Medio,Bajo
1646,LA ALSACIA SAAVEDRA,80511,4,Mecanizado Verde,CC01-1940,SI,BONUS 250 EC REGULADOR FISIOLÓGICO,0.8,6.6,11.7,2,8.6,2.8,12.4,1,201901,117,0,3,7.1,Bajo,Bajo
1647,LA ALSACIA SAAVEDRA,80511,4,Mecanizado Verde,CC01-1940,SI,BONUS 250 EC REGULADOR FISIOLÓGICO,0.8,9.0,12.3,3,9.3,2.6,12.5,1,202001,137,6,3,6.6,Medio,Medio
1649,LA ALSACIA SAAVEDRA,80511,7,Mecanizado Verde,CC01-1940,SI,BONUS 250 EC REGULADOR FISIOLÓGICO,0.8,10.4,12.8,2,9.4,2.9,12.3,2,201902,126,0,3,7.7,Bajo,Bajo
1650,LA ALSACIA SAAVEDRA,80511,7,Mecanizado Verde,CC01-1940,SI,BONUS 250 EC REGULADOR FISIOLÓGICO,0.8,10.1,13.3,3,8.4,2.3,13.4,3,202003,149,107,3,6.6,Medio,Alto
1653,LA ARGELIA,80111,270A,Mecanizado Verde,CC01-1940,SI,BONUS 250 EC REGULADOR FISIOLÓGICO,0.5,11.7,13.6,1,13.1,1.4,13.3,11,201911,103,252,1,3.3,Bajo,Alto
1654,LA ARGELIA,80111,270A,Mecanizado Verde,CC01-1940,SI,BONUS 250 EC REGULADOR FISIOLÓGICO,1.2,12.4,13.0,2,14.4,1.8,11.6,12,202012,75,206,1,3.7,Bajo,Bajo
1657,LA ARGELIA,80111,356B,Mecanizado Verde,CC01-1940,SI,BONUS 250 EC REGULADOR FISIOLÓGICO,0.5,11.6,12.7,5,12.4,12.6,12.8,11,201911,158,204,1,3.3,Alto,Medio
1658,LA ARGELIA,80111,356B,Mecanizado Verde,CC01-1940,SI,BONUS 250 EC REGULADOR FISIOLÓGICO,1.0,11.0,12.6,6,10.2,2.1,13.1,11,202011,112,101,1,3.3,Bajo,Medio
1659,LA ARGELIA,80111,357B,Mecanizado Verde,CC01-1940,SI,BONUS 250 EC REGULADOR FISIOLÓGICO,1.0,9.6,12.1,7,9.0,3.3,11.3,4,202004,138,277,1,2.9,Medio,Bajo
1660,LA ARGELIA,80111,357C,Mecanizado Verde,CC01-1940,SI,BONUS 250 EC REGULADOR FISIOLÓGICO,1.0,12.3,12.6,5,9.5,2.1,13.4,10,201910,129,117,1,3.3,Bajo,Alto
1661,LA ARGELIA,80111,357C,Mecanizado Verde,CC01-1940,SI,BONUS 250 EC REGULADOR FISIOLÓGICO,0.8,15.3,13.4,6,9.6,2.3,13.5,11,202011,119,108,1,3.5,Bajo,Alto
1662,LA ARGELIA,80111,357E,Mecanizado Verde,CC01-1940,SI,BONUS 250 EC REGULADOR FISIOLÓGICO,0.8,15.4,13.4,4,12.8,1.5,12.2,10,201910,167,126,1,3.3,Alto,Bajo
1663,LA ARGELIA,80111,357E,Mecanizado Verde,CC01-1940,SI,BONUS 250 EC REGULADOR FISIOLÓGICO,0.8,15.3,13.4,5,8.4,1.7,12.9,11,202011,107,115,1,3.7,Bajo,Medio
1667,LA ARGELIA,80111,359C,Mecanizado Verde,CC01-1940,SI,BONUS 250 EC REGULADOR FISIOLÓGICO,1.1,7.3,12.9,2,8.4,19.4,12.8,5,201805,122,270,1,3.7,Bajo,Medio
1668,LA ARGELIA,80111,359C,Mecanizado Verde,CC01-1940,SI,BONUS 250 EC REGULADOR FISIOLÓGICO,1.2,6.0,11.5,3,12.2,1.5,11.7,4,201904,133,165,1,3.1,Bajo,Bajo
1669,LA ARGELIA,80111,359C,Mecanizado Verde,CC01-1940,SI,BONUS 250 EC REGULADOR FISIOLÓGICO,1.0,9.3,12.3,4,10.0,1.9,12.2,4,202004,107,176,1,3.1,Bajo,Bajo
1670,LA ARGELIA,80111,362,Mecanizado Verde,CC01-1940,SI,BONUS 250 EC REGULADOR FISIOLÓGICO,1.1,7.1,12.3,6,8.4,17.4,12.8,5,201805,151,181,1,5.6,Medio,Medio
1671,LA ARGELIA,80111,362,Mecanizado Verde,CC01-1940,SI,BONUS 250 EC REGULADOR FISIOLÓGICO,1.0,9.4,12.3,8,8.6,17.0,12.1,4,202004,140,176,1,2.9,Medio,Bajo
1672,LA ARGELIA,80111,362A,Mecanizado Verde,CC01-1940,SI,BONUS 250 EC REGULADOR FISIOLÓGICO,1.2,20.1,15.5,3,8.2,2.4,12.2,12,201712,142,355,1,5.2,Medio,Bajo
1673,LA ARGELIA,80111,362A,Mecanizado Verde,CC01-1940,SI,BONUS 250 EC REGULADOR FISIOLÓGICO,0.5,8.9,12.2,5,10.7,21.8,12.9,10,201910,124,114,1,3.3,Bajo,Medio
1674,LA ARGELIA,80111,362A,Mecanizado Verde,CC01-1940,SI,BONUS 250 EC REGULADOR FISIOLÓGICO,0.8,11.4,12.6,6,10.0,1.5,13.3,11,202011,117,69,1,4.6,Bajo,Alto
1675,LA ARGELIA,80111,364A,Mecanizado Verde,CC01-1940,SI,BONUS 250 EC REGULADOR FISIOLÓGICO,1.0,12.4,13.0,3,9.1,22.1,11.9,12,202012,106,96,1,3.7,Bajo,Bajo
1676,LA ARGELIA,80111,364B,Mecanizado Verde,CC01-1940,SI,BONUS 250 EC REGULADOR FISIOLÓGICO,1.0,15.0,13.4,3,8.9,22.2,13.8,11,201911,129,197,1,3.1,Bajo,Alto
1677,LA ARGELIA,80111,364B,Mecanizado Verde,CC01-1940,SI,BONUS 250 EC REGULADOR FISIOLÓGICO,1.0,11.4,12.7,4,10.6,3.1,14.4,11,202011,100,83,1,3.1,Bajo,Alto
1678,LA ARGELIA,80111,364E,Mecanizado Verde,CC01-1940,SI,BONUS 250 EC REGULADOR FISIOLÓGICO,0.8,19.6,14.8,2,14.6,14.5,12.0,11,201911,130,214,1,3.3,Bajo,Bajo
1679,LA ARGELIA,80111,364E,Mecanizado Verde,CC01-1940,SI,BONUS 250 EC REGULADOR FISIOLÓGICO,1.0,10.9,12.6,3,9.9,2.1,14.6,11,202011,123,47,1,3.7,Bajo,Alto
1680,LA ARGELIA,80111,365,Mecanizado Verde,CC01-1940,SI,BONUS 250 EC REGULADOR FISIOLÓGICO,1.0,8.4,14.6,1,7.8,2.1,12.0,12,201712,152,272,1,6.9,Medio,Bajo
1681,LA ARGELIA,80111,365,Mecanizado Verde,CC01-1940,SI,BONUS 250 EC REGULADOR FISIOLÓGICO,1.0,13.3,12.9,2,8.5,1.8,12.9,12,201812,116,278,1,5.3,Bajo,Medio
1682,LA ARGELIA,80111,365A,Mecanizado Verde,CC01-1940,SI,BONUS 250 EC REGULADOR FISIOLÓGICO,1.2,4.3,11.2,3,7.5,1.7,12.6,8,201808,149,92,1,6.0,Medio,Medio
1683,LA ARGELIA,80111,365A,Mecanizado Verde,CC01-1940,SI,BONUS 250 EC REGULADOR FISIOLÓGICO,0.8,16.4,14.1,4,9.4,1.6,15.1,10,201910,140,161,1,3.9,Medio,Alto
1684,LA ARGELIA,80111,366,Mecanizado Verde,CC01-1940,SI,BONUS 250 EC REGULADOR FISIOLÓGICO,1.0,7.6,13.0,1,8.6,3.0,13.6,3,201903,112,128,1,1.4,Bajo,Alto
1706,LA AURORA,80103,119B,Mecanizado Verde,CC01-1940,SI,BONUS 250 EC REGULADOR FISIOLÓGICO,1.2,3.4,12.2,4,12.2,1.9,11.1,5,201705,158,469,1,7.5,Alto,Bajo
1707,LA AURORA,80103,119B,Mecanizado Verde,CC01-1940,SI,BONUS 250 EC REGULADOR FISIOLÓGICO,1.2,5.9,11.9,5,8.6,1.4,12.3,5,201805,129,278,1,3.6,Bajo,Bajo
1708,LA AURORA,80103,119B,Mecanizado Verde,CC01-1940,SI,BONUS 250 EC REGULADOR FISIOLÓGICO,0.8,3.6,11.0,6,13.8,1.8,11.1,4,201904,138,251,1,3.6,Medio,Bajo
1714,LA AURORA,80103,121B,Mecanizado Verde,CC01-1940,SI,BONUS 250 EC REGULADOR FISIOLÓGICO,1.0,9.1,12.0,3,9.1,4.6,13.2,10,201810,143,114,1,0.6,Medio,Alto
1717,LA BASTILLA ARANGO,80348,1,Mecanizado Verde,CC01-1940,SI,BONUS 250 EC REGULADOR FISIOLÓGICO,0.8,11.6,13.3,1,6.9,2.9,13.9,9,201909,144,0,3,3.2,Medio,Alto
1718,LA BASTILLA ARANGO,80348,1,Mecanizado Verde,CC01-1940,SI,BONUS 250 EC REGULADOR FISIOLÓGICO,0.8,9.0,12.6,2,9.0,3.1,13.2,10,202010,156,105,3,2.7,Alto,Alto
1722,LA BASTILLA ARANGO,80348,2,Mecanizado Verde,CC01-1940,SI,BONUS 250 EC REGULADOR FISIOLÓGICO,1.0,7.3,14.3,1,8.3,3.1,12.2,5,201805,165,452,3,9.0,Alto,Bajo
1723,LA BASTILLA ARANGO,80348,2,Mecanizado Verde,CC01-1940,SI,BONUS 250 EC REGULADOR FISIOLÓGICO,0.8,7.6,12.4,2,12.6,2.4,11.8,6,201906,166,0,3,2.8,Alto,Bajo
1724,LA BASTILLA ARANGO,80348,2,Mecanizado Verde,CC01-1940,SI,BONUS 250 EC REGULADOR FISIOLÓGICO,0.8,6.9,12.2,3,9.7,3.0,11.5,6,202006,179,127,3,2.7,Alto,Bajo
1725,LA BASTILLA ARANGO,80348,4,Mecanizado Verde,CC01-1940,SI,BONUS 250 EC REGULADOR FISIOLÓGICO,1.0,7.6,14.4,2,8.8,2.8,12.4,3,201803,157,268,3,8.5,Alto,Bajo
1726,LA BASTILLA NISHI,80661,1,Mecanizado Verde,CC01-1940,SI,BONUS 250 EC REGULADOR FISIOLÓGICO,1.0,5.1,12.1,2,9.0,2.6,12.9,7,201807,184,0,3,5.8,Alto,Medio
1727,LA BASTILLA NISHI,80661,1,Mecanizado Verde,CC01-1940,SI,BONUS 250 EC REGULADOR FISIOLÓGICO,0.8,4.3,12.0,4,9.3,2.7,12.3,8,202008,174,0,3,3.2,Alto,Bajo
1732,LA BETULIA,80304,5,Mecanizado Verde,CC01-1940,SI,BONUS 250 EC REGULADOR FISIOLÓGICO,1.0,9.1,12.7,1,9.5,2.0,11.5,12,201612,161,363,3,10.3,Alto,Bajo
1733,LA BETULIA,80304,5,Mecanizado Verde,CC01-1940,SI,BONUS 250 EC REGULADOR FISIOLÓGICO,1.0,7.4,11.9,4,8.0,2.1,13.4,3,201903,145,0,3,5.0,Medio,Alto
1734,LA BETULIA,80304,5,Mecanizado Verde,CC01-1940,SI,BONUS 250 EC REGULADOR FISIOLÓGICO,0.5,7.6,12.3,5,9.0,2.3,12.1,3,202003,104,0,3,8.6,Bajo,Bajo
1735,LA BETULIA,80304,7,Mecanizado Verde,CC01-1940,SI,BONUS 250 EC REGULADOR FISIOLÓGICO,1.0,9.1,13.3,1,7.3,2.0,10.9,12,201612,169,416,3,10.3,Alto,Bajo
1736,LA BETULIA,80304,7,Mecanizado Verde,CC01-1940,SI,BONUS 250 EC REGULADOR FISIOLÓGICO,1.0,7.3,11.8,3,7.7,2.4,13.6,3,201903,145,0,3,6.6,Medio,Alto
1737,LA BETULIA,80304,7,Mecanizado Verde,CC01-1940,SI,BONUS 250 EC REGULADOR FISIOLÓGICO,0.5,7.1,12.2,4,11.1,1.2,11.9,3,202003,97,0,3,8.6,Bajo,Bajo
1745,LA CABA6A AGROP.,80392,001A,Mecanizado Verde,CC01-1940,SI,BONUS 250 EC REGULADOR FISIOLÓGICO,0.5,11.0,12.8,4,8.0,2.3,13.8,10,202010,129,55,3,3.2,Bajo,Alto
1746,LA CABA6A AGROP.,80392,001B,Mecanizado Verde,CC01-1940,SI,BONUS 250 EC REGULADOR FISIOLÓGICO,0.8,5.7,12.9,2,8.0,2.8,13.5,3,202003,136,57,3,3.5,Medio,Alto
1748,LA CABAÑITA   S.A.S,80518,1,Mecanizado Verde,CC01-1940,SI,BONUS 250 EC REGULADOR FISIOLÓGICO,1.0,8.7,11.7,4,7.9,18.0,13.4,1,202001,81,0,3,5.6,Bajo,Alto
1749,LA CABAÑITA   S.A.S,80518,3,Mecanizado Verde,CC01-1940,SI,BONUS 250 EC REGULADOR FISIOLÓGICO,0.8,7.6,11.8,2,8.9,2.3,12.9,1,201901,180,0,3,9.0,Alto,Medio
1750,LA CABAÑITA   S.A.S,80518,3,Mecanizado Verde,CC01-1940,SI,BONUS 250 EC REGULADOR FISIOLÓGICO,1.0,8.7,11.7,3,8.9,9.9,14.0,1,202001,138,0,3,5.6,Medio,Alto
1753,LA CABAÑITA   S.A.S,80518,8,Mecanizado Verde,CC01-1940,SI,BONUS 250 EC REGULADOR FISIOLÓGICO,0.8,7.9,11.7,3,9.2,2.0,12.5,1,201901,157,0,3,9.0,Alto,Medio
1754,LA CABAÑITA   S.A.S,80518,8,Mecanizado Verde,CC01-1940,SI,BONUS 250 EC REGULADOR FISIOLÓGICO,1.0,9.0,11.7,4,8.5,1.9,13.1,1,202001,90,0,3,5.6,Bajo,Medio
1755,LA CABAÑITA   S.A.S,80518,10,Mecanizado Verde,CC01-1940,SI,BONUS 250 EC REGULADOR FISIOLÓGICO,0.8,7.6,11.8,4,9.6,1.5,12.9,1,201901,153,0,3,3.2,Medio,Medio
1756,LA CABAÑITA   S.A.S,80518,10,Mecanizado Verde,CC01-1940,SI,BONUS 250 EC REGULADOR FISIOLÓGICO,1.0,8.7,11.7,5,13.8,1.4,12.2,1,202001,109,0,3,5.6,Bajo,Bajo
1757,LA CABAÑITA #1,80342,9,Mecanizado Verde,CC01-1940,SI,BONUS 250 EC REGULADOR FISIOLÓGICO,0.8,7.4,12.1,3,9.8,2.1,13.0,1,201901,233,0,3,2.9,Alto,Medio
1758,LA CABAÑITA #1,80342,9,Mecanizado Verde,CC01-1940,SI,BONUS 250 EC REGULADOR FISIOLÓGICO,1.0,7.9,12.1,4,9.8,2.4,12.6,1,202001,172,0,3,2.5,Alto,Medio
1759,LA CABAÑITA #1,80342,009A,Mecanizado Verde,CC01-1940,SI,BONUS 250 EC REGULADOR FISIOLÓGICO,1.0,8.4,12.8,3,9.1,2.1,13.4,9,201809,221,56,3,3.2,Alto,Alto
1760,LA CABAÑITA #1,80342,009A,Mecanizado Verde,CC01-1940,SI,BONUS 250 EC REGULADOR FISIOLÓGICO,1.0,9.3,12.7,4,8.6,2.0,13.6,9,201909,159,0,3,2.5,Alto,Alto
1761,LA CABAÑITA #1,80342,009A,Mecanizado Verde,CC01-1940,SI,BONUS 250 EC REGULADOR FISIOLÓGICO,0.5,12.4,13.0,5,8.0,2.0,13.2,10,202010,143,77,3,4.5,Medio,Alto
1763,LA CABAÑITA #1,80342,11,Mecanizado Verde,CC01-1940,SI,BONUS 250 EC REGULADOR FISIOLÓGICO,1.0,10.0,14.8,1,9.0,2.8,12.0,8,201708,192,388,3,4.5,Alto,Bajo
1764,LA CABAÑITA #1,80342,11,Mecanizado Verde,CC01-1940,SI,BONUS 250 EC REGULADOR FISIOLÓGICO,1.0,8.3,12.7,2,7.6,2.1,13.2,9,201809,153,56,3,3.2,Medio,Alto
1765,LA CABAÑITA #1,80342,11,Mecanizado Verde,CC01-1940,SI,BONUS 250 EC REGULADOR FISIOLÓGICO,1.0,9.0,12.7,3,8.7,2.4,13.7,9,201909,157,0,3,2.5,Alto,Alto
1766,LA CABAÑITA #1,80342,11,Mecanizado Verde,CC01-1940,SI,BONUS 250 EC REGULADOR FISIOLÓGICO,0.5,12.3,13.0,4,9.4,2.1,13.6,10,202010,146,83,3,4.5,Medio,Alto
1767,LA CABAÑITA #1,80342,12,Mecanizado Verde,CC01-1940,SI,BONUS 250 EC REGULADOR FISIOLÓGICO,1.0,10.9,14.9,1,7.2,3.7,12.1,8,201708,188,354,3,2.3,Alto,Bajo
1768,LA CABAÑITA #1,80342,12,Mecanizado Verde,CC01-1940,SI,BONUS 250 EC REGULADOR FISIOLÓGICO,1.0,8.1,12.5,2,7.9,2.3,13.2,9,201809,163,56,3,3.2,Alto,Alto
1769,LA CABAÑITA #1,80342,12,Mecanizado Verde,CC01-1940,SI,BONUS 250 EC REGULADOR FISIOLÓGICO,1.0,8.4,12.6,3,10.2,2.3,13.1,9,201909,157,0,3,2.5,Alto,Medio
1770,LA CABAÑITA #1,80342,12,Mecanizado Verde,CC01-1940,SI,BONUS 250 EC REGULADOR FISIOLÓGICO,0.5,11.4,12.9,4,8.9,2.0,13.0,10,202010,163,83,3,4.5,Alto,Medio
1771,LA CABAÑITA #1,80342,012A,Mecanizado Verde,CC01-1940,SI,BONUS 250 EC REGULADOR FISIOLÓGICO,1.0,8.3,12.8,3,7.7,4.0,13.0,10,201810,148,121,3,3.2,Medio,Medio
1772,LA CABAÑITA #1,80342,012A,Mecanizado Verde,CC01-1940,SI,BONUS 250 EC REGULADOR FISIOLÓGICO,1.0,10.3,12.8,4,11.5,2.9,12.5,11,201911,145,0,3,3.2,Medio,Medio
1773,LA CABAÑITA #1,80342,012A,Mecanizado Verde,CC01-1940,SI,BONUS 250 EC REGULADOR FISIOLÓGICO,0.8,9.9,13.0,5,8.4,2.9,11.9,12,202012,126,14,3,3.2,Bajo,Bajo
1774,LA CABAÑITA #1,80342,14,Mecanizado Verde,CC01-1940,SI,BONUS 250 EC REGULADOR FISIOLÓGICO,0.8,7.3,12.0,4,9.3,2.0,13.3,1,201901,171,0,3,2.9,Alto,Alto
1775,LA CABAÑITA #1,80342,14,Mecanizado Verde,CC01-1940,SI,BONUS 250 EC REGULADOR FISIOLÓGICO,1.0,7.7,12.1,5,11.9,2.3,12.9,1,202001,164,0,3,2.5,Alto,Medio
1776,LA CABAÑITA #1,80342,15,Mecanizado Verde,CC01-1940,SI,BONUS 250 EC REGULADOR FISIOLÓGICO,1.0,8.3,12.6,4,9.8,2.8,10.9,6,201906,182,0,3,3.2,Alto,Bajo
1777,LA CABAÑITA #1,80342,015A,Mecanizado Verde,CC01-1940,SI,BONUS 250 EC REGULADOR FISIOLÓGICO,1.0,6.9,12.1,5,7.6,2.7,12.2,1,202001,153,0,3,2.5,Medio,Bajo
1779,LA CARMELA AGROPECUARIA,80361,2,Mecanizado Verde,CC01-1940,SI,BONUS 250 EC REGULADOR FISIOLÓGICO,0.8,6.9,13.1,1,7.3,1.5,13.9,9,201909,155,0,3,3.1,Alto,Alto
1780,LA CARMELA AGROPECUARIA,80361,2,Mecanizado Verde,CC01-1940,SI,BONUS 250 EC REGULADOR FISIOLÓGICO,1.0,9.3,12.0,2,8.5,1.0,13.2,9,202009,140,113,3,2.4,Medio,Alto
1783,LA CARMELA MOLINA,80884,3,Mecanizado Verde,CC01-1940,SI,BONUS 250 EC REGULADOR FISIOLÓGICO,0.8,7.4,13.0,1,8.9,2.2,12.5,5,201605,141,443,3,17.2,Medio,Medio
1784,LA CARMELA MOLINA,80884,3,Mecanizado Verde,CC01-1940,SI,BONUS 250 EC REGULADOR FISIOLÓGICO,0.6,7.0,11.5,3,7.0,1.8,13.6,7,201807,114,48,3,2.5,Bajo,Alto
1785,LA CARMELA MOLINA,80884,3,Mecanizado Verde,CC01-1940,SI,BONUS 250 EC REGULADOR FISIOLÓGICO,0.8,6.3,12.1,4,7.3,1.5,12.3,7,201907,135,0,3,2.1,Medio,Bajo
1786,LA CARMELA MOLINA,80884,3,Mecanizado Verde,CC01-1940,SI,BONUS 250 EC REGULADOR FISIOLÓGICO,0.8,6.3,11.6,5,8.6,1.4,12.5,6,202006,125,59,3,3.0,Bajo,Medio
1788,LA CARMELA PIEDRAHITA,80296,5,Mecanizado Verde,CC01-1940,SI,BONUS 250 EC REGULADOR FISIOLÓGICO,1.0,9.0,13.1,1,7.6,2.1,12.0,3,201603,206,43,2,6.9,Alto,Bajo
1789,LA CARMELA PIEDRAHITA,80296,5,Mecanizado Verde,CC01-1940,SI,BONUS 250 EC REGULADOR FISIOLÓGICO,1.5,18.9,14.4,2,10.1,2.0,11.5,5,201705,192,549,2,3.7,Alto,Bajo
1790,LA CARMELA PIEDRAHITA,80296,5,Mecanizado Verde,CC01-1940,SI,BONUS 250 EC REGULADOR FISIOLÓGICO,1.6,6.6,11.9,3,9.4,1.8,12.8,5,201805,156,233,2,3.6,Alto,Medio
1791,LA CARMELA PIEDRAHITA,80296,5,Mecanizado Verde,CC01-1940,SI,BONUS 250 EC REGULADOR FISIOLÓGICO,1.2,5.7,11.2,4,10.9,1.6,11.9,4,201904,138,242,2,4.9,Medio,Bajo
1792,LA CARMELA PIEDRAHITA,80296,5,Mecanizado Verde,CC01-1940,SI,BONUS 250 EC REGULADOR FISIOLÓGICO,1.0,7.4,11.6,5,10.5,1.4,13.2,4,202004,132,137,2,2.6,Bajo,Alto
1806,LA CARMELA ROMA,80599,1,Mecanizado Verde,CC01-1940,SI,BONUS 250 EC REGULADOR FISIOLÓGICO,0.8,9.3,13.3,4,7.4,1.0,11.8,9,202009,139,166,3,1.9,Medio,Bajo
1807,LA CARMELA ROMA,80599,2,Mecanizado Verde,CC01-1940,SI,BONUS 250 EC REGULADOR FISIOLÓGICO,0.8,7.3,12.4,2,12.1,1.8,13.3,4,201904,143,0,3,3.9,Medio,Alto
1808,LA CARMELA ROMA,80599,2,Mecanizado Verde,CC01-1940,SI,BONUS 250 EC REGULADOR FISIOLÓGICO,0.8,6.1,11.8,3,10.3,1.4,13.2,4,202004,116,226,3,1.9,Bajo,Alto
1809,LA CARMELA ROMA,80599,4,Mecanizado Verde,CC01-1940,SI,BONUS 250 EC REGULADOR FISIOLÓGICO,0.8,7.1,12.4,2,7.4,1.7,12.5,4,201904,137,0,3,3.9,Medio,Medio
1810,LA CARMELA ROMA,80599,4,Mecanizado Verde,CC01-1940,SI,BONUS 250 EC REGULADOR FISIOLÓGICO,0.8,6.0,11.8,3,9.2,1.3,13.2,4,202004,97,245,3,1.9,Bajo,Alto
1812,LA CARMELA ROMA,80599,005A,Mecanizado Verde,CC01-1940,SI,BONUS 250 EC REGULADOR FISIOLÓGICO,0.8,9.6,13.3,1,9.0,10.5,12.2,9,202009,103,0,3,1.9,Bajo,Bajo
1813,LA CECILIA ARBOLEDA.,80378,5,Mecanizado Verde,CC01-1940,SI,BONUS 250 EC REGULADOR FISIOLÓGICO,1.4,5.6,10.3,4,9.8,3.4,12.5,7,201807,124,0,3,3.2,Bajo,Medio
1814,LA CECILIA TENORIO,80142,2,Mecanizado Verde,CC01-1940,SI,BONUS 250 EC REGULADOR FISIOLÓGICO,1.2,8.0,12.1,4,9.4,2.2,14.1,3,201903,132,97,2,5.1,Bajo,Alto
1815,LA CECILIA TENORIO,80142,2,Mecanizado Verde,CC01-1940,SI,BONUS 250 EC REGULADOR FISIOLÓGICO,1.2,8.6,12.3,5,9.2,2.4,13.4,3,202003,117,91,2,1.8,Bajo,Alto
1816,LA CECILIA TENORIO,80142,3,Mecanizado Verde,CC01-1940,SI,BONUS 250 EC REGULADOR FISIOLÓGICO,1.2,8.0,12.0,4,9.0,2.3,14.2,3,201903,114,97,2,5.0,Bajo,Alto
1817,LA CEIBA,80125,1,Mecanizado Verde,CC01-1940,SI,BONUS 250 EC REGULADOR FISIOLÓGICO,1.2,6.4,12.6,1,9.5,1.8,12.8,12,201912,109,191,1,1.1,Bajo,Medio
1824,LA CHIQUITA,80266,2,Mecanizado Verde,CC01-1940,SI,BONUS 250 EC REGULADOR FISIOLÓGICO,1.5,13.0,13.0,5,6.4,69.2,14.3,9,201809,123,112,2,3.2,Bajo,Alto
1825,LA CONCHA,80493,1,Mecanizado Verde,CC01-1940,SI,BONUS 250 EC REGULADOR FISIOLÓGICO,1.0,8.0,12.2,2,6.9,1.7,13.2,1,201601,131,0,3,4.4,Bajo,Alto
1826,LA CONCHA,80493,1,Mecanizado Verde,CC01-1940,SI,BONUS 250 EC REGULADOR FISIOLÓGICO,0.8,11.1,16.5,4,6.3,23.9,13.6,6,201806,127,714,3,1.6,Bajo,Alto
1827,LA CONCHA,80493,1,Mecanizado Verde,CC01-1940,SI,BONUS 250 EC REGULADOR FISIOLÓGICO,1.0,8.1,12.2,5,9.2,1.9,12.7,7,201907,122,0,3,1.2,Bajo,Medio
1828,LA CONCHA,80493,1,Mecanizado Verde,CC01-1940,SI,BONUS 250 EC REGULADOR FISIOLÓGICO,0.8,5.4,11.9,6,9.4,1.4,12.4,7,202007,147,40,3,1.2,Medio,Bajo
1829,LA CONCHA,80493,2,Mecanizado Verde,CC01-1940,SI,BONUS 250 EC REGULADOR FISIOLÓGICO,1.0,9.0,12.9,1,8.0,1.6,13.2,8,201908,150,0,3,1.2,Medio,Alto
1830,LA CONCHA,80493,2,Mecanizado Verde,CC01-1940,SI,BONUS 250 EC REGULADOR FISIOLÓGICO,0.8,10.9,12.8,2,9.6,1.6,12.8,9,202009,152,48,3,1.2,Medio,Medio
1836,LA CONCHA,80493,3,Mecanizado Verde,CC01-1940,SI,BONUS 250 EC REGULADOR FISIOLÓGICO,1.2,8.9,13.6,2,9.1,13.3,12.1,8,201708,172,401,3,3.5,Alto,Bajo
1837,LA CONCHA,80493,3,Mecanizado Verde,CC01-1940,SI,BONUS 250 EC REGULADOR FISIOLÓGICO,1.0,8.7,12.0,3,7.7,2.0,14.3,8,201808,142,18,3,2.1,Medio,Alto
1838,LA CONCHA,80493,3,Mecanizado Verde,CC01-1940,SI,BONUS 250 EC REGULADOR FISIOLÓGICO,1.0,9.1,12.0,4,8.7,1.7,13.2,8,201908,146,0,3,1.2,Medio,Alto
1839,LA CONCHA,80493,3,Mecanizado Verde,CC01-1940,SI,BONUS 250 EC REGULADOR FISIOLÓGICO,0.8,11.0,12.8,5,8.4,1.1,13.0,9,202009,159,48,3,1.2,Alto,Medio
1844,LA CONCHA,80493,5,Mecanizado Verde,CC01-1940,SI,BONUS 250 EC REGULADOR FISIOLÓGICO,1.0,9.3,12.5,1,10.2,1.5,13.1,8,201908,159,0,3,1.2,Alto,Medio
1845,LA CONCHA,80493,5,Mecanizado Verde,CC01-1940,SI,BONUS 250 EC REGULADOR FISIOLÓGICO,0.8,11.1,12.8,2,7.7,1.8,13.1,9,202009,131,48,3,1.2,Bajo,Medio
1850,LA CONCHA,80493,7,Mecanizado Verde,CC01-1940,SI,BONUS 250 EC REGULADOR FISIOLÓGICO,1.0,5.7,11.6,2,7.8,1.6,11.5,6,201606,195,274,3,6.5,Alto,Bajo
1851,LA CONCHA,80493,7,Mecanizado Verde,CC01-1940,SI,BONUS 250 EC REGULADOR FISIOLÓGICO,1.2,8.7,13.7,3,7.3,1.6,13.7,8,201708,178,448,3,3.4,Alto,Alto
1852,LA CONCHA,80493,7,Mecanizado Verde,CC01-1940,SI,BONUS 250 EC REGULADOR FISIOLÓGICO,1.0,8.4,11.9,4,9.0,1.6,13.3,8,201808,140,18,3,2.1,Medio,Alto
1853,LA CONCHA,80493,7,Mecanizado Verde,CC01-1940,SI,BONUS 250 EC REGULADOR FISIOLÓGICO,1.0,8.9,12.0,5,7.8,1.5,13.0,8,201908,125,0,3,1.2,Bajo,Medio
1854,LA CONCHA,80493,7,Mecanizado Verde,CC01-1940,SI,BONUS 250 EC REGULADOR FISIOLÓGICO,0.8,10.6,12.8,6,8.9,1.4,13.2,8,202008,147,48,3,1.2,Medio,Alto
1855,LA CRISTALINA-TORRE LUNERA,80261,1,Mecanizado Verde,CC01-1940,SI,BONUS 250 EC REGULADOR FISIOLÓGICO,1.2,8.0,12.9,1,10.3,1.7,11.8,11,201611,174,280,2,2.8,Alto,Bajo
1856,LA CRISTALINA-TORRE LUNERA,80261,1,Mecanizado Verde,CC01-1940,SI,BONUS 250 EC REGULADOR FISIOLÓGICO,1.2,7.3,11.5,4,10.7,20.6,14.6,9,201909,126,35,2,2.3,Bajo,Alto
1857,LA CRISTALINA-TORRE LUNERA,80261,1,Mecanizado Verde,CC01-1940,SI,BONUS 250 EC REGULADOR FISIOLÓGICO,0.8,10.9,12.6,5,8.4,3.0,14.3,10,202010,98,78,2,3.1,Bajo,Alto
1859,LA CRISTALINA-TORRE LUNERA,80261,001B,Mecanizado Verde,CC01-1940,SI,BONUS 250 EC REGULADOR FISIOLÓGICO,1.2,6.7,11.7,3,14.3,23.7,10.5,6,201906,146,151,2,2.4,Medio,Bajo
1860,LA CRISTALINA-TORRE LUNERA,80261,001B,Mecanizado Verde,CC01-1940,SI,BONUS 250 EC REGULADOR FISIOLÓGICO,0.8,5.9,11.7,4,11.4,1.5,12.1,6,202006,94,38,2,9.8,Bajo,Bajo
1862,LA CRISTALINA-TORRE LUNERA,80261,001C,Mecanizado Verde,CC01-1940,SI,BONUS 250 EC REGULADOR FISIOLÓGICO,1.5,10.7,12.6,2,9.7,19.3,11.6,6,201806,120,190,2,4.2,Bajo,Bajo
1863,LA CRISTALINA-TORRE LUNERA,80261,001D,Mecanizado Verde,CC01-1940,SI,BONUS 250 EC REGULADOR FISIOLÓGICO,0.8,10.9,12.7,2,9.4,1.6,13.6,10,202010,53,110,2,3.1,Bajo,Alto
1864,LA CRISTALINA-TORRE LUNERA,80261,2,Mecanizado Verde,CC01-1940,SI,BONUS 250 EC REGULADOR FISIOLÓGICO,1.5,7.7,11.6,2,8.5,14.6,13.1,8,201808,160,68,2,5.3,Alto,Medio
1865,LA CRISTALINA-TORRE LUNERA,80261,2,Mecanizado Verde,CC01-1940,SI,BONUS 250 EC REGULADOR FISIOLÓGICO,1.0,14.1,13.4,3,8.1,11.8,13.7,9,201909,127,80,2,2.3,Bajo,Alto
1867,LA EMILIA 2,80290,1,Mecanizado Verde,CC01-1940,SI,BONUS 250 EC REGULADOR FISIOLÓGICO,1.2,10.3,13.9,1,8.5,2.7,13.2,12,201912,124,247,2,3.1,Bajo,Alto
1868,LA EMILIA 2,80290,1,Mecanizado Verde,CC01-1940,SI,BONUS 250 EC REGULADOR FISIOLÓGICO,0.8,11.6,12.9,2,10.0,3.0,13.5,1,202101,138,255,2,3.1,Medio,Alto
1870,LA EMILIA 3,80238,2,Mecanizado Verde,CC01-1940,SI,BONUS 250 EC REGULADOR FISIOLÓGICO,1.5,8.3,13.2,1,8.7,2.7,13.4,12,201812,172,249,2,5.9,Alto,Alto
1871,LA EMILIA 3,80238,2,Mecanizado Verde,CC01-1940,SI,BONUS 250 EC REGULADOR FISIOLÓGICO,1.2,10.3,12.2,2,8.3,2.4,13.2,12,201912,144,162,2,3.1,Medio,Alto
1872,LA EMILIA 3,80238,2,Mecanizado Verde,CC01-1940,SI,BONUS 250 EC REGULADOR FISIOLÓGICO,0.8,11.0,12.8,3,10.4,2.6,13.0,1,202101,149,255,2,6.0,Medio,Medio
1874,LA EMILIA 3,80238,002B,Mecanizado Verde,CC01-1940,SI,BONUS 250 EC REGULADOR FISIOLÓGICO,0.8,7.9,11.8,2,7.2,6.2,10.4,6,202006,72,55,2,1.9,Bajo,Bajo
1875,LA EMILIA 3,80238,002C,Mecanizado Verde,CC01-1940,SI,BONUS 250 EC REGULADOR FISIOLÓGICO,1.2,10.1,13.8,1,9.4,2.4,11.9,12,201912,121,247,2,3.1,Bajo,Bajo
1876,LA EMILIA 3,80238,002C,Mecanizado Verde,CC01-1940,SI,BONUS 250 EC REGULADOR FISIOLÓGICO,0.8,11.1,12.9,2,11.8,2.8,13.9,1,202101,129,255,2,3.1,Bajo,Alto
1877,LA ESPERANZA MEJIA,80274,1,Mecanizado Verde,CC01-1940,SI,BONUS 250 EC REGULADOR FISIOLÓGICO,1.4,7.6,11.7,4,8.6,3.3,13.6,10,201810,135,59,2,2.9,Medio,Alto
1878,LA ESPERANZA MEJIA,80274,003A,Mecanizado Verde,CC01-1940,SI,BONUS 250 EC REGULADOR FISIOLÓGICO,1.2,19.1,16.0,1,7.9,8.1,13.0,4,201804,116,447,2,4.6,Bajo,Medio
1879,LA ESPERANZA MEJIA,80274,003A,Mecanizado Verde,CC01-1940,SI,BONUS 250 EC REGULADOR FISIOLÓGICO,1.2,9.1,12.2,3,8.9,21.7,14.4,4,202004,104,77,2,1.9,Bajo,Alto
1880,LA ESPERANZA MEJIA,80274,4,Mecanizado Verde,CC01-1940,SI,BONUS 250 EC REGULADOR FISIOLÓGICO,0.8,7.7,12.2,3,9.8,4.5,13.6,1,202101,148,130,2,2.8,Medio,Alto
1881,LA ESPERANZA MEJIA,80274,7,Mecanizado Verde,CC01-1940,SI,BONUS 250 EC REGULADOR FISIOLÓGICO,1.2,10.0,12.9,1,7.9,2.7,13.0,12,201612,150,289,2,3.2,Medio,Medio
1882,LA ESPERANZA MEJIA,80274,7,Mecanizado Verde,CC01-1940,SI,BONUS 250 EC REGULADOR FISIOLÓGICO,0.8,8.4,12.5,3,9.6,3.7,14.6,1,202101,120,130,2,2.8,Bajo,Alto
1883,LA ESPERANZA MEJIA,80274,007C,Mecanizado Verde,CC01-1940,SI,BONUS 250 EC REGULADOR FISIOLÓGICO,1.2,10.7,13.0,1,8.6,2.9,13.4,1,201701,130,297,2,3.2,Bajo,Alto
1884,LA ESPERANZA MEJIA,80274,8,Mecanizado Verde,CC01-1940,SI,BONUS 250 EC REGULADOR FISIOLÓGICO,1.2,10.0,12.9,1,9.3,3.3,11.5,12,201612,128,286,2,3.2,Bajo,Bajo
1885,LA ESPERANZA MEJIA,80274,8,Mecanizado Verde,CC01-1940,SI,BONUS 250 EC REGULADOR FISIOLÓGICO,1.3,5.9,11.9,1,7.8,5.9,12.2,10,201810,130,54,2,1.7,Bajo,Bajo
1896,LA ESPERANZA NAVIA,80517,001C,Mecanizado Verde,CC01-1940,SI,BONUS 250 EC REGULADOR FISIOLÓGICO,0.8,12.0,13.0,2,8.8,1.9,13.1,1,202001,164,0,3,5.6,Alto,Medio
1906,LA ESPERANZA NAVIA,80517,002B,Mecanizado Verde,CC01-1940,SI,BONUS 250 EC REGULADOR FISIOLÓGICO,0.8,8.0,12.6,2,7.8,2.3,13.3,10,202010,155,49,3,4.4,Alto,Alto
1919,LA ESPERANZA NAVIA,80517,004A,Mecanizado Verde,CC01-1940,SI,BONUS 250 EC REGULADOR FISIOLÓGICO,0.8,9.6,14.3,1,8.6,2.2,13.3,6,202006,162,155,3,3.1,Alto,Alto
1933,LA ESPERANZA PINEDA,80641,3,Mecanizado Verde,CC01-1940,SI,BONUS 250 EC REGULADOR FISIOLÓGICO,1.0,14.3,12.5,3,7.2,15.9,14.5,10,201810,122,0,3,2.4,Bajo,Alto
1934,LA ESPERANZA PINEDA,80641,3,Mecanizado Verde,CC01-1940,SI,BONUS 250 EC REGULADOR FISIOLÓGICO,0.8,8.4,11.9,5,8.3,1.3,14.5,10,202010,75,95,3,2.6,Bajo,Alto
1936,LA ESPERANZA SHIMA,80437,7,Mecanizado Verde,CC01-1940,SI,BONUS 250 EC REGULADOR FISIOLÓGICO,1.0,5.7,11.4,3,5.5,2.5,12.4,10,201610,162,0,3,4.4,Alto,Bajo
1937,LA ESPERANZA SHIMA,80437,7,Mecanizado Verde,CC01-1940,SI,BONUS 250 EC REGULADOR FISIOLÓGICO,0.5,10.9,12.4,6,10.1,2.7,13.2,11,201911,142,0,3,4.7,Medio,Alto
1938,LA ESPERANZA SHIMA,80437,7,Mecanizado Verde,CC01-1940,SI,BONUS 250 EC REGULADOR FISIOLÓGICO,0.8,10.7,12.2,7,9.0,2.2,13.7,11,202011,155,73,3,2.9,Alto,Alto
1950,LA ESTANCIA INVENSA,81364,602,Mecanizado Verde,CC01-1940,SI,BONUS 250 EC REGULADOR FISIOLÓGICO,0.8,10.0,13.7,2,9.6,2.1,10.9,6,201706,170,0,3,5.7,Alto,Bajo
1951,LA ESTANCIA INVENSA,81364,620A,Mecanizado Verde,CC01-1940,SI,BONUS 250 EC REGULADOR FISIOLÓGICO,0.8,13.4,13.9,2,10.5,1.6,12.0,11,201911,105,0,3,4.4,Bajo,Bajo
1959,LA ESTANCIA INVENSA,81364,670,Mecanizado Verde,CC01-1940,SI,BONUS 250 EC REGULADOR FISIOLÓGICO,0.8,6.7,12.9,3,11.2,3.1,11.2,5,201705,187,0,3,5.6,Alto,Bajo
1960,LA ESTANCIA INVENSA,81364,670,Mecanizado Verde,CC01-1940,SI,BONUS 250 EC REGULADOR FISIOLÓGICO,0.8,9.6,12.2,4,10.1,1.9,12.8,6,201806,135,0,3,5.8,Medio,Medio
1961,LA ESTANCIA INVENSA,81364,670A,Mecanizado Verde,CC01-1940,SI,BONUS 250 EC REGULADOR FISIOLÓGICO,0.8,6.3,12.2,5,10.9,3.6,11.7,6,201906,131,0,3,5.5,Bajo,Bajo
1964,LA ESTANCIA INVENSA,81364,682,Mecanizado Verde,CC01-1940,SI,BONUS 250 EC REGULADOR FISIOLÓGICO,0.8,10.7,13.7,1,7.4,1.8,12.6,9,202009,129,205,3,9.0,Bajo,Medio
1974,LA ESTANCIA INVENSA,81364,710,Mecanizado Verde,CC01-1940,SI,BONUS 250 EC REGULADOR FISIOLÓGICO,0.8,9.7,14.1,1,10.4,2.7,14.1,1,202101,105,146,3,2.7,Bajo,Alto
1985,LA ESTANCIA INVENSA,81364,751,Mecanizado Verde,CC01-1940,SI,BONUS 250 EC REGULADOR FISIOLÓGICO,1.0,9.6,12.8,2,7.9,2.7,12.2,3,201703,162,0,3,4.6,Alto,Bajo
1986,LA ESTANCIA INVENSA,81364,751,Mecanizado Verde,CC01-1940,SI,BONUS 250 EC REGULADOR FISIOLÓGICO,0.8,6.3,12.9,3,12.3,2.4,12.0,4,201804,126,0,3,7.0,Bajo,Bajo
1987,LA ESTANCIA INVENSA,81364,751,Mecanizado Verde,CC01-1940,SI,BONUS 250 EC REGULADOR FISIOLÓGICO,0.7,8.0,12.3,4,10.4,1.9,13.0,5,201905,119,0,3,4.4,Bajo,Medio
1988,LA ESTANCIA INVENSA,81364,751,Mecanizado Verde,CC01-1940,SI,BONUS 250 EC REGULADOR FISIOLÓGICO,0.8,7.4,12.2,5,9.2,2.0,13.2,5,202005,120,119,3,6.1,Bajo,Alto
2000,LA ESTRELLA RUIZ,80594,1,Mecanizado Verde,CC01-1940,SI,BONUS 250 EC REGULADOR FISIOLÓGICO,0.8,8.3,12.8,2,10.1,2.1,13.1,1,202101,146,0,3,5.0,Medio,Medio
2002,LA ESTRELLITA ABADIA,81192,2,Mecanizado Verde,CC01-1940,SI,BONUS 250 EC REGULADOR FISIOLÓGICO,1.2,8.6,11.9,2,9.7,2.2,12.9,8,201808,163,76,3,6.2,Alto,Medio
2004,LA FLAUTA,80933,005A,Mecanizado Verde,CC01-1940,SI,BONUS 250 EC REGULADOR FISIOLÓGICO,0.8,9.9,13.8,5,8.9,3.4,12.3,12,201912,107,0,3,3.1,Bajo,Bajo
2005,LA GLORIA AZCARATE,80663,110,Mecanizado Verde,CC01-1940,SI,BONUS 250 EC REGULADOR FISIOLÓGICO,0.8,8.0,12.1,1,10.6,3.4,13.5,3,201903,159,0,3,4.1,Alto,Alto
2006,LA GLORIA AZCARATE,80663,110,Mecanizado Verde,CC01-1940,SI,BONUS 250 EC REGULADOR FISIOLÓGICO,0.5,6.1,14.2,2,9.4,2.8,13.0,5,202005,131,0,3,3.5,Bajo,Medio
2009,LA GLORIA AZCARATE,80663,113,Mecanizado Verde,CC01-1940,SI,BONUS 250 EC REGULADOR FISIOLÓGICO,0.8,6.1,12.5,2,9.0,3.6,13.0,5,201905,126,0,3,4.3,Bajo,Medio
2010,LA GLORIA AZCARATE,80663,113,Mecanizado Verde,CC01-1940,SI,BONUS 250 EC REGULADOR FISIOLÓGICO,0.5,6.4,12.5,3,10.9,2.3,13.0,5,202005,143,0,3,3.5,Medio,Medio
2011,LA GLORIA AZCARATE,80663,120,Mecanizado Verde,CC01-1940,SI,BONUS 250 EC REGULADOR FISIOLÓGICO,0.8,8.1,12.2,1,10.9,3.5,13.6,3,201903,147,0,3,4.1,Medio,Alto
2012,LA GLORIA AZCARATE,80663,120,Mecanizado Verde,CC01-1940,SI,BONUS 250 EC REGULADOR FISIOLÓGICO,0.5,6.3,14.2,2,10.1,2.7,12.6,5,202005,118,0,3,3.5,Bajo,Medio
2015,LA GLORIA AZCARATE,80663,150,Mecanizado Verde,CC01-1940,SI,BONUS 250 EC REGULADOR FISIOLÓGICO,1.0,11.0,12.6,4,6.0,3.6,15.2,9,201909,125,0,3,4.3,Bajo,Alto
2016,LA GLORIA AZCARATE,80663,160,Mecanizado Verde,CC01-1940,SI,BONUS 250 EC REGULADOR FISIOLÓGICO,1.0,8.7,13.7,9,8.8,4.7,13.3,8,201808,103,269,3,7.0,Bajo,Alto
2017,LA GLORIA AZCARATE,80663,160,Mecanizado Verde,CC01-1940,SI,BONUS 250 EC REGULADOR FISIOLÓGICO,1.0,10.9,12.5,10,5.7,3.5,15.0,9,201909,100,0,3,4.3,Bajo,Alto
2020,LA GLORIA AZCARATE,80663,180,Mecanizado Verde,CC01-1940,SI,BONUS 250 EC REGULADOR FISIOLÓGICO,0.8,7.7,12.8,5,10.2,4.2,13.5,3,201903,145,0,3,4.1,Medio,Alto
2021,LA GLORIA AZCARATE,80663,180,Mecanizado Verde,CC01-1940,SI,BONUS 250 EC REGULADOR FISIOLÓGICO,0.5,6.0,14.2,6,10.2,3.6,12.4,5,202005,119,0,3,3.5,Bajo,Bajo
2024,LA GLORIA AZCARATE,80663,200,Mecanizado Verde,CC01-1940,SI,BONUS 250 EC REGULADOR FISIOLÓGICO,1.0,7.7,13.5,4,8.5,3.0,13.6,1,201901,136,0,3,6.1,Medio,Alto
2025,LA GLORIA AZCARATE,80663,200,Mecanizado Verde,CC01-1940,SI,BONUS 250 EC REGULADOR FISIOLÓGICO,0.8,13.9,13.5,5,10.0,3.6,13.6,3,202003,127,0,3,4.0,Bajo,Alto
2026,LA GUAIRA,81486,12,Mecanizado Verde,CC01-1940,SI,BONUS 250 EC REGULADOR FISIOLÓGICO,0.8,12.3,11.9,2,8.4,8.0,12.8,9,202009,161,0,3,5.2,Alto,Medio
2027,LA GUAIRA,81486,21,Mecanizado Verde,CC01-1940,SI,BONUS 250 EC REGULADOR FISIOLÓGICO,0.8,10.7,12.2,2,9.4,2.3,12.3,9,202009,164,0,3,5.2,Alto,Bajo
2028,LA GUAIRA,81486,30,Mecanizado Verde,CC01-1940,SI,BONUS 250 EC REGULADOR FISIOLÓGICO,0.8,11.6,11.8,2,8.1,3.5,12.1,9,202009,134,0,3,5.2,Medio,Bajo
2050,LA HOLANDA,80355,12,Mecanizado Verde,CC01-1940,SI,BONUS 250 EC REGULADOR FISIOLÓGICO,0.8,12.7,13.7,1,8.3,4.2,12.3,6,201906,175,0,3,3.2,Alto,Bajo
2051,LA HOLANDA,80355,12,Mecanizado Verde,CC01-1940,SI,BONUS 250 EC REGULADOR FISIOLÓGICO,0.8,6.3,11.6,2,9.1,1.7,12.4,6,202006,138,51,3,1.6,Medio,Bajo
2075,LA HOLANDA,80355,16,Mecanizado Verde,CC01-1940,SI,BONUS 250 EC REGULADOR FISIOLÓGICO,0.8,8.0,13.0,1,9.4,1.8,12.3,4,201904,183,0,3,3.3,Alto,Bajo
2076,LA HOLANDA,80355,16,Mecanizado Verde,CC01-1940,SI,BONUS 250 EC REGULADOR FISIOLÓGICO,0.6,8.4,12.1,2,10.7,2.1,12.4,4,202004,145,213,3,1.6,Medio,Bajo
2081,LA HOLANDA,80355,17,Mecanizado Verde,CC01-1940,SI,BONUS 250 EC REGULADOR FISIOLÓGICO,0.6,8.1,12.9,1,10.1,1.9,12.5,8,201808,181,122,3,2.7,Alto,Medio
2082,LA HOLANDA,80355,17,Mecanizado Verde,CC01-1940,SI,BONUS 250 EC REGULADOR FISIOLÓGICO,0.8,8.1,11.9,2,8.4,1.9,13.1,8,201908,151,0,3,3.3,Medio,Medio
2093,LA HOLANDA,80355,017B,Mecanizado Verde,CC01-1940,SI,BONUS 250 EC REGULADOR FISIOLÓGICO,1.0,8.4,12.5,3,8.8,1.3,12.6,8,202008,149,128,3,1.5,Medio,Medio
2103,LA HOLANDA,80355,20,Mecanizado Verde,CC01-1940,SI,BONUS 250 EC REGULADOR FISIOLÓGICO,0.8,7.7,12.5,1,9.6,1.8,12.0,5,201905,164,0,3,3.3,Alto,Bajo
2121,LA HOLANDA,80355,63,Mecanizado Verde,CC01-1940,SI,BONUS 250 EC REGULADOR FISIOLÓGICO,0.6,2.4,11.9,1,8.2,2.3,12.5,3,202003,130,81,3,1.9,Bajo,Medio
2126,LA HOLANDA   ABADIA,80572,1,Mecanizado Verde,CC01-1940,SI,BONUS 250 EC REGULADOR FISIOLÓGICO,1.0,9.9,13.8,1,7.5,4.0,14.0,9,201909,133,0,3,9.1,Bajo,Alto
2127,LA HOLANDA   ABADIA,80572,1,Mecanizado Verde,CC01-1940,SI,BONUS 250 EC REGULADOR FISIOLÓGICO,0.5,8.4,12.0,2,10.1,2.6,12.6,9,202009,147,0,3,6.1,Medio,Medio
2128,LA HOLANDA   ABADIA,80572,2,Mecanizado Verde,CC01-1940,SI,BONUS 250 EC REGULADOR FISIOLÓGICO,1.0,5.9,12.7,2,8.8,1.8,12.4,7,201807,155,0,3,7.0,Alto,Bajo
2129,LA HOLANDA   ABADIA,80572,2,Mecanizado Verde,CC01-1940,SI,BONUS 250 EC REGULADOR FISIOLÓGICO,0.8,11.9,12.7,3,7.7,2.3,12.0,8,201908,154,0,3,9.1,Alto,Bajo
2130,LA HOLANDA   ABADIA,80572,2,Mecanizado Verde,CC01-1940,SI,BONUS 250 EC REGULADOR FISIOLÓGICO,0.8,9.1,12.0,4,9.9,1.7,11.7,8,202008,168,0,3,5.6,Alto,Bajo
2131,LA HOLANDA   ABADIA,80572,3,Mecanizado Verde,CC01-1940,SI,BONUS 250 EC REGULADOR FISIOLÓGICO,2.0,4.4,13.3,1,9.8,2.2,12.7,4,201604,133,0,3,5.6,Bajo,Medio
2132,LA HOLANDA   ABADIA,80572,3,Mecanizado Verde,CC01-1940,SI,BONUS 250 EC REGULADOR FISIOLÓGICO,1.0,5.1,12.7,3,6.5,1.9,13.1,7,201807,138,0,3,7.0,Medio,Medio
2133,LA HOLANDA   ABADIA,80572,3,Mecanizado Verde,CC01-1940,SI,BONUS 250 EC REGULADOR FISIOLÓGICO,0.8,11.0,12.6,4,10.9,2.2,12.6,7,201907,146,0,3,9.1,Medio,Medio
2134,LA HOLANDA   ABADIA,80572,3,Mecanizado Verde,CC01-1940,SI,BONUS 250 EC REGULADOR FISIOLÓGICO,0.8,8.4,12.0,5,12.0,2.7,11.8,7,202007,157,0,3,6.6,Alto,Bajo
2135,LA HOLANDA   ABADIA,80572,4,Mecanizado Verde,CC01-1940,SI,BONUS 250 EC REGULADOR FISIOLÓGICO,1.0,5.4,12.7,3,7.6,2.4,12.9,7,201807,150,0,3,7.0,Medio,Medio
2136,LA HOLANDA   ABADIA,80572,4,Mecanizado Verde,CC01-1940,SI,BONUS 250 EC REGULADOR FISIOLÓGICO,0.8,11.1,12.6,4,10.5,2.1,12.3,7,201907,149,0,3,9.1,Medio,Bajo
2137,LA HOLANDA   ABADIA,80572,4,Mecanizado Verde,CC01-1940,SI,BONUS 250 EC REGULADOR FISIOLÓGICO,0.8,8.7,12.0,5,10.6,2.7,11.2,7,202007,157,0,3,6.1,Alto,Bajo
2138,LA HOLANDA   ABADIA,80572,5,Mecanizado Verde,CC01-1940,SI,BONUS 250 EC REGULADOR FISIOLÓGICO,1.0,9.3,12.8,3,12.2,3.4,13.5,11,201811,148,0,3,3.2,Medio,Alto
2139,LA HOLANDA   ABADIA,80572,5,Mecanizado Verde,CC01-1940,SI,BONUS 250 EC REGULADOR FISIOLÓGICO,1.0,11.1,13.2,4,9.1,7.1,11.9,12,201912,114,0,3,3.2,Bajo,Bajo
2140,LA HOLANDA   ABADIA,80572,5,Mecanizado Verde,CC01-1940,SI,BONUS 250 EC REGULADOR FISIOLÓGICO,0.8,5.9,12.0,5,9.9,4.7,12.9,12,202012,131,0,3,3.2,Bajo,Medio
2141,LA HONDA,80242,1,Mecanizado Verde,CC01-1940,SI,BONUS 250 EC REGULADOR FISIOLÓGICO,1.2,14.1,14.7,3,10.6,2.1,13.3,4,201804,135,508,2,6.0,Medio,Alto
2142,LA HONDA,80242,1,Mecanizado Verde,CC01-1940,SI,BONUS 250 EC REGULADOR FISIOLÓGICO,0.8,11.0,12.8,5,9.8,3.8,12.3,6,202006,107,289,2,4.7,Bajo,Bajo
2143,LA HONDA,80242,2,Mecanizado Verde,CC01-1940,SI,BONUS 250 EC REGULADOR FISIOLÓGICO,1.5,15.9,14.4,1,6.5,2.4,14.4,10,201810,93,214,2,3.1,Bajo,Alto
2144,LA HONDA,80242,2,Mecanizado Verde,CC01-1940,SI,BONUS 250 EC REGULADOR FISIOLÓGICO,0.8,20.1,14.6,2,10.7,1.9,13.6,1,202001,89,418,2,2.1,Bajo,Alto
2147,LA HONDA,80242,3,Mecanizado Verde,CC01-1940,SI,BONUS 250 EC REGULADOR FISIOLÓGICO,1.0,7.1,12.2,3,10.8,2.0,12.4,2,201702,146,297,2,1.4,Medio,Bajo
2148,LA INDEPENDENCIA,80586,5,Mecanizado Verde,CC01-1940,SI,BONUS 250 EC REGULADOR FISIOLÓGICO,1.0,11.3,12.2,2,9.5,2.3,12.7,1,202001,172,0,3,2.9,Alto,Medio
2151,LA INDEPENDENCIA,80586,9,Mecanizado Verde,CC01-1940,SI,BONUS 250 EC REGULADOR FISIOLÓGICO,0.8,7.1,13.0,1,11.2,1.9,12.1,4,202004,161,0,3,2.9,Alto,Bajo
2152,LA INDEPENDENCIA,80586,10,Mecanizado Verde,CC01-1940,SI,BONUS 250 EC REGULADOR FISIOLÓGICO,0.8,7.3,13.0,1,10.6,2.7,12.2,4,202004,166,0,3,2.9,Alto,Bajo
2153,LA INDUSTRIA,81089,1,Mecanizado Verde,CC01-1940,SI,BONUS 250 EC REGULADOR FISIOLÓGICO,0.8,7.3,12.2,5,9.9,14.1,13.8,3,202003,137,93,3,3.1,Medio,Alto
2154,LA INDUSTRIA,81089,2,Mecanizado Verde,CC01-1940,SI,BONUS 250 EC REGULADOR FISIOLÓGICO,0.8,7.7,12.3,4,9.0,2.3,12.7,3,202003,162,56,3,3.1,Alto,Medio
2156,LA INDUSTRIA,81089,002A,Mecanizado Verde,CC01-1940,SI,BONUS 250 EC REGULADOR FISIOLÓGICO,1.1,11.0,13.4,2,9.7,1.9,12.5,3,201803,172,132,3,3.5,Alto,Medio
2158,LA INDUSTRIA,81089,4,Mecanizado Verde,CC01-1940,SI,BONUS 250 EC REGULADOR FISIOLÓGICO,1.0,9.6,13.7,1,9.2,4.7,12.0,6,201906,162,0,3,4.0,Alto,Bajo
2159,LA INDUSTRIA,81089,4,Mecanizado Verde,CC01-1940,SI,BONUS 250 EC REGULADOR FISIOLÓGICO,0.8,5.4,11.5,2,8.5,2.1,13.4,6,202006,123,75,3,3.1,Bajo,Alto
2160,LA INDUSTRIA,81089,004A,Mecanizado Verde,CC01-1940,SI,BONUS 250 EC REGULADOR FISIOLÓGICO,0.8,7.0,11.6,3,7.8,5.5,13.7,3,201903,154,0,3,4.0,Alto,Alto
2161,LA INDUSTRIA,81089,004A,Mecanizado Verde,CC01-1940,SI,BONUS 250 EC REGULADOR FISIOLÓGICO,0.8,7.4,12.1,4,8.3,1.5,13.8,3,202003,136,56,3,3.1,Medio,Alto
2162,LA INES CUCALON,80271,001C,Mecanizado Verde,CC01-1940,SI,BONUS 250 EC REGULADOR FISIOLÓGICO,1.2,9.4,13.6,1,8.7,7.6,11.8,12,201912,125,311,2,2.2,Bajo,Bajo
2163,LA INSULA,80340,1,Mecanizado Verde,CC01-1940,SI,BONUS 250 EC REGULADOR FISIOLÓGICO,1.0,7.3,13.1,1,8.6,2.4,12.2,1,201701,173,0,3,4.4,Alto,Bajo
2164,LA INSULA,80340,1,Mecanizado Verde,CC01-1940,SI,BONUS 250 EC REGULADOR FISIOLÓGICO,0.8,7.3,14.8,2,7.9,1.5,12.6,4,201804,151,0,3,4.4,Medio,Medio
2165,LA INSULA,80340,1,Mecanizado Verde,CC01-1940,SI,BONUS 250 EC REGULADOR FISIOLÓGICO,0.8,8.9,12.0,3,10.2,2.4,12.1,4,201904,150,0,3,4.4,Medio,Bajo
2166,LA INSULA,80340,3,Mecanizado Verde,CC01-1940,SI,BONUS 250 EC REGULADOR FISIOLÓGICO,1.0,7.6,12.2,3,9.0,3.2,13.1,1,201701,150,0,3,6.9,Medio,Medio
2167,LA INSULA,80340,3,Mecanizado Verde,CC01-1940,SI,BONUS 250 EC REGULADOR FISIOLÓGICO,0.8,6.6,14.6,4,11.0,2.4,12.5,4,201804,142,0,3,8.8,Medio,Medio
2168,LA INSULA,80340,3,Mecanizado Verde,CC01-1940,SI,BONUS 250 EC REGULADOR FISIOLÓGICO,0.8,0.4,13.6,1,8.9,3.1,12.1,4,202004,130,0,3,4.0,Bajo,Bajo
2169,LA INSULA,80340,5,Mecanizado Verde,CC01-1940,SI,BONUS 250 EC REGULADOR FISIOLÓGICO,1.0,3.7,13.3,1,7.2,2.7,12.3,7,201507,175,0,3,8.7,Alto,Bajo
2170,LA INSULA,80340,5,Mecanizado Verde,CC01-1940,SI,BONUS 250 EC REGULADOR FISIOLÓGICO,0.8,7.3,12.5,2,8.2,2.3,12.6,7,201607,154,0,3,4.4,Alto,Medio
2171,LA INSULA,80340,5,Mecanizado Verde,CC01-1940,SI,BONUS 250 EC REGULADOR FISIOLÓGICO,1.2,10.6,15.1,3,9.8,2.5,12.8,10,201710,186,0,3,4.4,Alto,Medio
2172,LA INSULA,80340,5,Mecanizado Verde,CC01-1940,SI,BONUS 250 EC REGULADOR FISIOLÓGICO,0.8,7.9,12.1,4,9.6,3.0,13.2,11,201811,168,0,3,4.4,Alto,Alto
2173,LA INSULA,80340,5,Mecanizado Verde,CC01-1940,SI,BONUS 250 EC REGULADOR FISIOLÓGICO,1.0,9.3,13.1,5,9.0,2.4,12.9,12,201912,140,0,3,4.4,Medio,Medio
2174,LA INSULA,80340,5,Mecanizado Verde,CC01-1940,SI,BONUS 250 EC REGULADOR FISIOLÓGICO,0.8,10.1,13.4,6,8.7,2.7,13.4,1,202101,153,0,3,4.4,Medio,Alto
2175,LA INSULA,80340,7,Mecanizado Verde,CC01-1940,SI,BONUS 250 EC REGULADOR FISIOLÓGICO,1.0,7.9,12.7,1,6.8,2.5,13.9,8,201908,135,0,3,4.4,Medio,Alto
2176,LA INSULA,80340,7,Mecanizado Verde,CC01-1940,SI,BONUS 250 EC REGULADOR FISIOLÓGICO,0.8,9.9,12.5,2,9.8,2.4,13.1,8,202008,119,0,3,2.8,Bajo,Medio
2177,LA ISABELA QUINTERO,80155,1,Mecanizado Verde,CC01-1940,SI,BONUS 250 EC REGULADOR FISIOLÓGICO,0.8,6.4,11.7,2,12.7,16.6,11.8,6,202006,107,128,2,3.3,Bajo,Bajo
2178,LA ISABELA QUINTERO,80155,004A,Mecanizado Verde,CC01-1940,SI,BONUS 250 EC REGULADOR FISIOLÓGICO,0.8,9.4,12.6,6,13.5,15.5,12.3,4,202004,117,299,2,3.5,Bajo,Bajo
2179,LA ISABELA QUINTERO,80155,5,Mecanizado Verde,CC01-1940,SI,BONUS 250 EC REGULADOR FISIOLÓGICO,0.8,9.4,12.6,6,11.3,14.8,11.9,4,202004,114,299,2,3.6,Bajo,Bajo
2180,LA ISABELA QUINTERO,80155,6,Mecanizado Verde,CC01-1940,SI,BONUS 250 EC REGULADOR FISIOLÓGICO,0.8,6.6,11.8,2,7.8,0.2,12.8,6,202006,103,128,2,3.4,Bajo,Medio
2181,LA ISABELA QUINTERO,80155,007A,Mecanizado Verde,CC01-1940,SI,BONUS 250 EC REGULADOR FISIOLÓGICO,0.8,11.6,13.1,2,9.3,3.2,12.9,10,202010,142,177,2,5.1,Medio,Medio
2182,LA ISABELA QUINTERO,80155,9,Mecanizado Verde,CC01-1940,SI,BONUS 250 EC REGULADOR FISIOLÓGICO,0.8,11.6,13.1,6,13.2,23.6,14.4,10,202010,109,177,2,4.4,Bajo,Alto
2183,LA ISABELA QUINTERO,80155,009B,Mecanizado Verde,CC01-1940,SI,BONUS 250 EC REGULADOR FISIOLÓGICO,0.8,11.6,13.1,2,10.0,15.4,15.1,10,202010,99,177,2,5.1,Bajo,Alto
2184,LA ISLA MOLINARES,80314,1,Mecanizado Verde,CC01-1940,SI,BONUS 250 EC REGULADOR FISIOLÓGICO,0.5,7.0,12.8,1,7.9,5.4,12.6,3,202003,140,98,3,4.1,Medio,Medio
2191,LA ISLA MOLINARES,80314,5,Mecanizado Verde,CC01-1940,SI,BONUS 250 EC REGULADOR FISIOLÓGICO,1.0,8.3,12.5,2,7.7,1.8,12.0,6,201806,117,371,3,5.7,Bajo,Bajo
2192,LA ISLA MOLINARES,80314,5,Mecanizado Verde,CC01-1940,SI,BONUS 250 EC REGULADOR FISIOLÓGICO,1.2,10.3,13.1,3,7.7,2.6,10.7,7,201907,116,0,3,5.1,Bajo,Bajo
2194,LA ISLA MOLINARES,80314,6,Mecanizado Verde,CC01-1940,SI,BONUS 250 EC REGULADOR FISIOLÓGICO,0.5,7.1,14.0,1,9.4,1.5,13.6,3,202003,118,98,3,4.1,Bajo,Alto
2201,LA ISLA MOLINARES,80314,9,Mecanizado Verde,CC01-1940,SI,BONUS 250 EC REGULADOR FISIOLÓGICO,0.8,11.6,13.7,3,11.8,6.2,12.5,1,201701,146,513,3,5.4,Medio,Medio
2202,LA ISLA MOLINARES,80314,9,Mecanizado Verde,CC01-1940,SI,BONUS 250 EC REGULADOR FISIOLÓGICO,0.8,7.0,11.7,5,11.0,1.6,12.8,3,201903,106,0,3,3.1,Bajo,Medio
2206,LA ISLA MOLINARES,80314,11,Mecanizado Verde,CC01-1940,SI,BONUS 250 EC REGULADOR FISIOLÓGICO,1.0,8.4,12.5,2,8.0,16.5,12.1,6,201806,144,371,3,5.7,Medio,Bajo
2207,LA ISLA MOLINARES,80314,11,Mecanizado Verde,CC01-1940,SI,BONUS 250 EC REGULADOR FISIOLÓGICO,1.2,10.4,13.1,3,7.6,2.0,11.7,7,201907,131,0,3,5.1,Bajo,Bajo
2209,LA ISLA MORENO,81414,1,Mecanizado Verde,CC01-1940,SI,BONUS 250 EC REGULADOR FISIOLÓGICO,0.8,12.3,15.1,1,9.8,2.8,11.5,7,201907,157,0,3,8.7,Alto,Bajo
2210,LA ISLA MORENO,81414,1,Mecanizado Verde,CC01-1940,SI,BONUS 250 EC REGULADOR FISIOLÓGICO,0.8,7.7,11.3,2,10.7,2.6,12.2,7,202007,132,0,3,4.4,Bajo,Bajo
2214,LA ITALIA EMPRESA,80131,7,Mecanizado Verde,CC01-1940,SI,BONUS 250 EC REGULADOR FISIOLÓGICO,1.0,14.6,13.6,2,9.0,6.1,14.0,4,202004,114,106,1,3.4,Bajo,Alto
2215,LA JAUJA,80178,1,Mecanizado Verde,CC01-1940,SI,BONUS 250 EC REGULADOR FISIOLÓGICO,0.8,4.4,12.8,1,5.9,2.5,12.8,3,201603,161,43,2,4.4,Alto,Medio
2216,LA JAUJA,80178,1,Mecanizado Verde,CC01-1940,SI,BONUS 250 EC REGULADOR FISIOLÓGICO,1.2,9.4,12.1,2,9.1,3.0,13.0,3,201703,175,96,2,3.7,Alto,Medio
2217,LA JAUJA,80178,1,Mecanizado Verde,CC01-1940,SI,BONUS 250 EC REGULADOR FISIOLÓGICO,1.0,10.9,13.4,3,7.4,2.1,12.7,4,201804,120,185,2,4.4,Bajo,Medio
2218,LA JAUJA,80178,1,Mecanizado Verde,CC01-1940,SI,BONUS 250 EC REGULADOR FISIOLÓGICO,1.2,19.7,14.7,4,9.0,2.6,13.0,7,201907,126,386,2,2.0,Bajo,Medio
2219,LA JOSEFINA,80526,1,Mecanizado Verde,CC01-1940,SI,BONUS 250 EC REGULADOR FISIOLÓGICO,0.5,6.3,13.1,1,12.1,2.0,12.1,11,201911,146,0,3,4.4,Medio,Bajo
2222,LA JOSEFINA,80526,001A,Mecanizado Verde,CC01-1940,SI,BONUS 250 EC REGULADOR FISIOLÓGICO,0.5,6.7,14.0,1,10.0,2.4,12.9,11,201911,129,0,3,4.4,Bajo,Medio
2227,LA JOSEFINA,80526,7,Mecanizado Verde,CC01-1940,SI,BONUS 250 EC REGULADOR FISIOLÓGICO,0.5,7.9,12.1,4,10.5,2.0,11.5,1,202001,130,0,3,3.0,Bajo,Bajo
2228,LA JOSEFINA,80526,8,Mecanizado Verde,CC01-1940,SI,BONUS 250 EC REGULADOR FISIOLÓGICO,0.5,6.0,13.7,1,10.1,1.7,11.6,11,201911,130,0,3,4.4,Bajo,Bajo
2229,LA JULIA 2,80365,30,Mecanizado Verde,CC01-1940,SI,BONUS 250 EC REGULADOR FISIOLÓGICO,0.8,5.6,12.9,1,8.0,2.9,12.5,6,202006,178,0,3,4.4,Alto,Medio
2232,LA JULIA 2,80365,031A,Mecanizado Verde,CC01-1940,SI,BONUS 250 EC REGULADOR FISIOLÓGICO,0.8,5.9,12.9,1,8.0,3.1,12.7,6,202006,185,0,3,2.8,Alto,Medio
2233,LA JULIA SAAVEDRA,80344,1,Mecanizado Verde,CC01-1940,SI,BONUS 250 EC REGULADOR FISIOLÓGICO,1.0,8.1,12.5,2,9.3,3.3,13.3,11,202011,155,103,3,3.2,Alto,Alto
2236,LA JULIA SAAVEDRA,80344,3,Mecanizado Verde,CC01-1940,SI,BONUS 250 EC REGULADOR FISIOLÓGICO,1.0,9.7,12.8,2,10.2,3.0,13.1,11,202011,158,149,3,3.2,Alto,Medio
2241,LA JULIA SAAVEDRA,80344,11,Mecanizado Verde,CC01-1940,SI,BONUS 250 EC REGULADOR FISIOLÓGICO,0.8,3.9,13.4,1,10.2,2.8,12.7,5,202005,178,0,3,2.8,Alto,Medio
2242,LA JULIA SAAVEDRA,80344,12,Mecanizado Verde,CC01-1940,SI,BONUS 250 EC REGULADOR FISIOLÓGICO,0.8,4.1,13.6,1,8.9,2.8,13.1,5,202005,174,228,3,3.0,Alto,Medio
2255,LA JULIA SAAVEDRA,80344,021A,Mecanizado Verde,CC01-1940,SI,BONUS 250 EC REGULADOR FISIOLÓGICO,1.0,7.3,12.4,2,8.7,2.6,13.2,11,201811,159,0,3,3.2,Alto,Alto
2256,LA JULIA SAAVEDRA,80344,021A,Mecanizado Verde,CC01-1940,SI,BONUS 250 EC REGULADOR FISIOLÓGICO,0.8,8.7,13.1,3,11.3,2.2,12.8,12,201912,150,0,3,3.5,Medio,Medio
2257,LA JULIA SAAVEDRA,80344,021A,Mecanizado Verde,CC01-1940,SI,BONUS 250 EC REGULADOR FISIOLÓGICO,0.8,10.4,13.0,4,8.3,2.3,13.3,1,202101,165,150,3,2.7,Alto,Alto
2258,LA JULIA SAAVEDRA,80344,22,Mecanizado Verde,CC01-1940,SI,BONUS 250 EC REGULADOR FISIOLÓGICO,1.0,7.1,12.3,2,9.7,2.6,13.5,10,201810,174,0,3,3.2,Alto,Alto
2259,LA JULIA SAAVEDRA,80344,22,Mecanizado Verde,CC01-1940,SI,BONUS 250 EC REGULADOR FISIOLÓGICO,0.8,8.9,13.2,3,10.1,2.4,12.8,12,201912,175,0,3,3.5,Alto,Medio
2260,LA JULIA SAAVEDRA,80344,22,Mecanizado Verde,CC01-1940,SI,BONUS 250 EC REGULADOR FISIOLÓGICO,0.8,10.0,12.9,4,11.5,3.5,12.7,1,202101,164,150,3,2.7,Alto,Medio
2261,LA JULIA SAAVEDRA,80344,23,Mecanizado Verde,CC01-1940,SI,BONUS 250 EC REGULADOR FISIOLÓGICO,1.0,7.1,12.4,2,9.3,3.4,13.2,10,201810,154,0,3,3.2,Alto,Alto
2262,LA JULIA SAAVEDRA,80344,23,Mecanizado Verde,CC01-1940,SI,BONUS 250 EC REGULADOR FISIOLÓGICO,0.8,8.9,13.2,3,10.0,2.3,12.6,12,201912,149,0,3,5.1,Medio,Medio
2263,LA JULIA SAAVEDRA,80344,23,Mecanizado Verde,CC01-1940,SI,BONUS 250 EC REGULADOR FISIOLÓGICO,0.8,10.1,12.9,4,9.4,2.8,13.0,1,202101,163,150,3,2.7,Alto,Medio
2271,LA JULIA SAAVEDRA,80344,26,Mecanizado Verde,CC01-1940,SI,BONUS 250 EC REGULADOR FISIOLÓGICO,0.8,9.6,13.3,1,8.9,2.6,14.0,10,202010,166,115,3,1.5,Alto,Alto
2272,LA LECHERIA,80293,1,Mecanizado Verde,CC01-1940,SI,BONUS 250 EC REGULADOR FISIOLÓGICO,1.5,27.4,17.3,1,7.0,3.3,12.1,8,201708,190,767,2,2.8,Alto,Bajo
2273,LA LECHERIA,80293,1,Mecanizado Verde,CC01-1940,SI,BONUS 250 EC REGULADOR FISIOLÓGICO,1.5,7.7,11.8,2,7.6,3.6,12.4,8,201808,152,47,2,3.4,Medio,Bajo
2274,LA LECHERIA,80293,1,Mecanizado Verde,CC01-1940,SI,BONUS 250 EC REGULADOR FISIOLÓGICO,0.8,6.1,11.3,4,9.7,2.8,11.2,7,202007,157,61,2,2.8,Alto,Bajo
2275,LA LIDA MARIA,80252,1,Mecanizado Verde,CC01-1940,SI,BONUS 250 EC REGULADOR FISIOLÓGICO,1.4,6.1,11.9,3,8.6,2.7,12.7,10,201810,93,109,2,3.1,Bajo,Medio
2276,LA LIDA MARIA,80252,1,Mecanizado Verde,CC01-1940,SI,BONUS 250 EC REGULADOR FISIOLÓGICO,0.8,9.3,12.7,4,10.0,2.2,13.4,11,201911,110,218,2,3.1,Bajo,Alto
2284,LA LORENA,80527,033B,Mecanizado Verde,CC01-1940,SI,BONUS 250 EC REGULADOR FISIOLÓGICO,1.0,5.7,11.2,2,9.8,3.5,12.9,5,201905,35,0,3,4.4,Bajo,Medio
2286,LA LORENA,80527,36,Mecanizado Verde,CC01-1940,SI,BONUS 250 EC REGULADOR FISIOLÓGICO,0.8,11.6,13.0,5,10.4,3.8,13.1,1,202101,121,0,3,4.4,Bajo,Medio
2287,LA LORENA,80527,036B,Mecanizado Verde,CC01-1940,SI,BONUS 250 EC REGULADOR FISIOLÓGICO,1.2,6.7,12.6,3,9.2,3.2,11.2,5,201705,140,0,3,4.3,Medio,Bajo
2288,LA LORENA,80527,036B,Mecanizado Verde,CC01-1940,SI,BONUS 250 EC REGULADOR FISIOLÓGICO,1.4,5.1,12.6,4,8.2,2.9,12.2,5,201805,104,0,3,4.2,Bajo,Bajo
2289,LA LORENA,80527,37,Mecanizado Verde,CC01-1940,SI,BONUS 250 EC REGULADOR FISIOLÓGICO,0.8,14.6,13.4,5,9.1,9.8,12.0,12,201912,88,0,3,4.4,Bajo,Bajo
2290,LA LORENA,80527,37,Mecanizado Verde,CC01-1940,SI,BONUS 250 EC REGULADOR FISIOLÓGICO,0.8,11.4,13.0,6,8.5,3.6,13.2,1,202101,101,0,3,4.4,Bajo,Alto
2291,LA LORENA,80527,39,Mecanizado Verde,CC01-1940,SI,BONUS 250 EC REGULADOR FISIOLÓGICO,0.5,2.9,12.0,1,10.1,3.0,11.2,6,201906,166,0,3,3.2,Alto,Bajo
2292,LA LORENA,80527,39,Mecanizado Verde,CC01-1940,SI,BONUS 250 EC REGULADOR FISIOLÓGICO,0.8,8.3,12.2,2,10.8,2.8,11.4,6,202006,126,0,3,6.8,Bajo,Bajo
2293,LA LORENA,80527,41,Mecanizado Verde,CC01-1940,SI,BONUS 250 EC REGULADOR FISIOLÓGICO,0.8,8.0,12.2,2,10.0,2.9,12.2,6,202006,139,0,3,6.8,Medio,Bajo
2295,LA LORENA,80527,43,Mecanizado Verde,CC01-1940,SI,BONUS 250 EC REGULADOR FISIOLÓGICO,1.2,11.7,13.7,3,8.9,2.8,12.0,6,201706,147,0,3,4.3,Medio,Bajo
2296,LA LORENA,80527,43,Mecanizado Verde,CC01-1940,SI,BONUS 250 EC REGULADOR FISIOLÓGICO,1.4,5.3,11.5,4,7.3,3.1,12.0,5,201805,117,0,3,4.1,Bajo,Bajo
2297,LA LORENA,80527,43,Mecanizado Verde,CC01-1940,SI,BONUS 250 EC REGULADOR FISIOLÓGICO,1.0,5.4,11.3,5,7.4,3.6,13.6,5,201905,100,0,3,3.2,Bajo,Alto
2298,LA LORENA,80527,44,Mecanizado Verde,CC01-1940,SI,BONUS 250 EC REGULADOR FISIOLÓGICO,1.2,11.9,13.6,3,9.5,2.8,12.3,6,201706,150,0,3,4.3,Medio,Bajo
2299,LA LORENA,80527,44,Mecanizado Verde,CC01-1940,SI,BONUS 250 EC REGULADOR FISIOLÓGICO,1.4,5.3,11.5,4,8.0,2.9,13.3,5,201805,99,0,3,4.1,Bajo,Alto
2300,LA LORENA,80527,45,Mecanizado Verde,CC01-1940,SI,BONUS 250 EC REGULADOR FISIOLÓGICO,1.2,6.9,12.7,2,9.2,35.6,12.2,5,201705,146,0,3,9.5,Medio,Bajo
2301,LA LORENA,80527,45,Mecanizado Verde,CC01-1940,SI,BONUS 250 EC REGULADOR FISIOLÓGICO,1.4,5.0,12.6,3,8.8,2.9,12.9,5,201805,104,0,3,4.1,Bajo,Medio
2302,LA LORENA,80527,45,Mecanizado Verde,CC01-1940,SI,BONUS 250 EC REGULADOR FISIOLÓGICO,1.0,5.3,11.3,4,8.5,3.6,13.4,5,201905,73,0,3,3.5,Bajo,Alto
2303,LA LORENA,80527,52,Mecanizado Verde,CC01-1940,SI,BONUS 250 EC REGULADOR FISIOLÓGICO,1.2,7.0,12.6,2,11.6,3.0,11.2,5,201705,155,0,3,3.7,Alto,Bajo
2304,LA LORENA,80527,52,Mecanizado Verde,CC01-1940,SI,BONUS 250 EC REGULADOR FISIOLÓGICO,1.4,5.1,12.6,3,7.2,2.7,11.7,5,201805,109,0,3,4.3,Bajo,Bajo
2305,LA LORENA,80527,52,Mecanizado Verde,CC01-1940,SI,BONUS 250 EC REGULADOR FISIOLÓGICO,1.0,5.3,11.3,4,5.3,3.0,13.4,5,201905,86,0,3,3.6,Bajo,Alto
2307,LA MANSION CARMEN ,80165,002A,Mecanizado Verde,CC01-1940,SI,BONUS 250 EC REGULADOR FISIOLÓGICO,1.2,9.6,12.6,4,9.5,1.9,12.3,12,201912,144,218,2,3.9,Medio,Bajo
2308,LA MANSION CARMEN ,80165,5,Mecanizado Verde,CC01-1940,SI,BONUS 250 EC REGULADOR FISIOLÓGICO,1.4,8.6,13.1,1,7.7,1.7,12.8,8,201908,147,216,2,3.2,Medio,Medio
2309,LA MANSION CARMEN ,80165,5,Mecanizado Verde,CC01-1940,SI,BONUS 250 EC REGULADOR FISIOLÓGICO,0.8,5.7,11.1,2,9.4,1.7,12.1,7,202007,140,27,2,8.7,Medio,Bajo
2310,LA MANSION CARMEN ,80165,6,Mecanizado Verde,CC01-1940,SI,BONUS 250 EC REGULADOR FISIOLÓGICO,1.4,8.9,13.0,1,8.0,16.9,13.7,8,201908,149,216,2,7.2,Medio,Alto
2311,LA MANSION CARMEN ,80165,7,Mecanizado Verde,CC01-1940,SI,BONUS 250 EC REGULADOR FISIOLÓGICO,1.2,11.7,13.1,2,9.8,9.7,13.6,10,201910,135,117,2,2.4,Medio,Alto
2315,LA MARGARITA CRUZ,80519,005A,Mecanizado Verde,CC01-1940,SI,BONUS 250 EC REGULADOR FISIOLÓGICO,0.8,9.4,13.6,1,11.6,6.1,11.9,7,202007,145,414,3,0.7,Medio,Bajo
2316,LA MARGARITA CRUZ,80519,005B,Mecanizado Verde,CC01-1940,SI,BONUS 250 EC REGULADOR FISIOLÓGICO,1.0,5.6,12.8,1,7.8,5.3,12.7,3,202003,130,0,3,0.7,Bajo,Medio
2320,LA MARGARITA CRUZ,80519,008A,Mecanizado Verde,CC01-1940,SI,BONUS 250 EC REGULADOR FISIOLÓGICO,1.0,5.7,12.4,1,9.5,4.6,13.7,3,202003,142,0,3,0.7,Medio,Alto
2323,LA MARIA GIRALDO,80935,2,Mecanizado Verde,CC01-1940,SI,BONUS 250 EC REGULADOR FISIOLÓGICO,0.8,9.1,12.4,3,13.1,2.6,12.7,2,202002,109,0,3,6.3,Bajo,Medio
2324,LA MARIA GOMEZ,80280,001C,Mecanizado Verde,CC01-1940,SI,BONUS 250 EC REGULADOR FISIOLÓGICO,1.2,2.4,11.8,2,10.5,4.2,12.6,4,201704,151,309,2,0.6,Medio,Medio
2325,LA MARIA GOMEZ,80280,001C,Mecanizado Verde,CC01-1940,SI,BONUS 250 EC REGULADOR FISIOLÓGICO,1.5,8.1,12.8,3,7.7,4.6,12.7,5,201805,119,306,2,1.5,Bajo,Medio
2326,LA MARIA GOMEZ,80280,001C,Mecanizado Verde,CC01-1940,SI,BONUS 250 EC REGULADOR FISIOLÓGICO,1.2,10.4,12.8,4,9.2,4.1,12.2,6,201906,114,399,2,2.5,Bajo,Bajo
2327,LA MARIA GOMEZ,80280,001D,Mecanizado Verde,CC01-1940,SI,BONUS 250 EC REGULADOR FISIOLÓGICO,1.2,11.0,14.8,2,10.9,16.6,11.3,10,201710,187,591,2,1.4,Alto,Bajo
2328,LA MARIA GOMEZ,80280,001D,Mecanizado Verde,CC01-1940,SI,BONUS 250 EC REGULADOR FISIOLÓGICO,1.5,11.6,12.8,3,11.3,3.9,12.2,11,201811,141,314,2,2.7,Medio,Bajo
2329,LA MARIA GOMEZ,80280,001D,Mecanizado Verde,CC01-1940,SI,BONUS 250 EC REGULADOR FISIOLÓGICO,1.4,5.6,11.8,4,10.6,4.3,12.4,11,201911,125,189,2,3.2,Bajo,Bajo
2330,LA MARIA GOMEZ,80280,001E,Mecanizado Verde,CC01-1940,SI,BONUS 250 EC REGULADOR FISIOLÓGICO,0.8,7.7,12.1,5,9.4,3.6,11.5,6,202006,69,229,2,0.4,Bajo,Bajo
2332,LA MARIA GOMEZ,80280,002A,Mecanizado Verde,CC01-1940,SI,BONUS 250 EC REGULADOR FISIOLÓGICO,1.2,16.4,14.6,2,9.5,14.0,13.3,10,201710,172,0,2,1.4,Alto,Alto
2333,LA MARIA GOMEZ,80280,002A,Mecanizado Verde,CC01-1940,SI,BONUS 250 EC REGULADOR FISIOLÓGICO,1.5,11.3,12.6,3,9.5,4.3,14.2,11,201811,106,57,2,2.7,Bajo,Alto
2336,LA MARIA GOMEZ,80280,003B,Mecanizado Verde,CC01-1940,SI,BONUS 250 EC REGULADOR FISIOLÓGICO,0.7,6.1,11.5,2,8.0,5.1,13.1,4,201604,110,0,2,0.9,Bajo,Medio
2337,LA MARIA GOMEZ,80280,003B,Mecanizado Verde,CC01-1940,SI,BONUS 250 EC REGULADOR FISIOLÓGICO,1.3,10.9,12.7,3,8.2,4.1,12.4,4,201704,183,0,2,3.2,Alto,Bajo
2338,LA MARIA GOMEZ,80280,003B,Mecanizado Verde,CC01-1940,SI,BONUS 250 EC REGULADOR FISIOLÓGICO,1.5,8.4,12.5,4,8.4,4.1,14.2,5,201805,127,0,2,1.9,Bajo,Alto
2339,LA MARIA GOMEZ,80280,003B,Mecanizado Verde,CC01-1940,SI,BONUS 250 EC REGULADOR FISIOLÓGICO,1.2,5.6,11.6,5,9.1,3.5,12.1,5,201905,121,295,2,2.6,Bajo,Bajo
2340,LA MARIA GOMEZ,80280,003C,Mecanizado Verde,CC01-1940,SI,BONUS 250 EC REGULADOR FISIOLÓGICO,1.3,12.6,13.1,3,9.7,4.9,12.2,5,201705,179,0,2,0.6,Alto,Bajo
2341,LA MARIA GOMEZ,80280,003C,Mecanizado Verde,CC01-1940,SI,BONUS 250 EC REGULADOR FISIOLÓGICO,1.4,5.9,11.3,5,11.2,14.6,12.3,6,201906,119,142,2,2.5,Bajo,Bajo
2342,LA MARIA GOMEZ,80280,003C,Mecanizado Verde,CC01-1940,SI,BONUS 250 EC REGULADOR FISIOLÓGICO,0.8,7.7,11.9,6,14.9,4.4,12.0,6,202006,117,253,2,0.4,Bajo,Bajo
2343,LA MARIA GOMEZ,80280,003D,Mecanizado Verde,CC01-1940,SI,BONUS 250 EC REGULADOR FISIOLÓGICO,1.3,17.3,14.2,3,11.5,4.9,13.2,6,201706,88,0,2,1.2,Bajo,Alto
2346,LA MARIA GOMEZ,80280,004A,Mecanizado Verde,CC01-1940,SI,BONUS 250 EC REGULADOR FISIOLÓGICO,0.7,6.3,11.7,2,8.3,4.4,12.7,4,201604,109,0,2,0.8,Bajo,Medio
2347,LA MARIA GOMEZ,80280,004A,Mecanizado Verde,CC01-1940,SI,BONUS 250 EC REGULADOR FISIOLÓGICO,1.3,10.9,12.7,3,10.7,5.2,12.7,4,201704,169,0,2,0.6,Alto,Medio
2348,LA MARIA GOMEZ,80280,004A,Mecanizado Verde,CC01-1940,SI,BONUS 250 EC REGULADOR FISIOLÓGICO,1.5,8.3,12.8,4,6.6,5.8,14.3,5,201805,100,0,2,0.8,Bajo,Alto
2349,LA MARIA GOMEZ,80280,004A,Mecanizado Verde,CC01-1940,SI,BONUS 250 EC REGULADOR FISIOLÓGICO,1.2,5.6,11.6,5,11.0,4.5,12.5,5,201905,108,295,2,2.5,Bajo,Medio
2350,LA MARIA GOMEZ,80280,004A,Mecanizado Verde,CC01-1940,SI,BONUS 250 EC REGULADOR FISIOLÓGICO,0.8,7.3,11.9,6,9.0,4.4,12.6,5,202005,113,151,2,0.4,Bajo,Medio
2351,LA MARIA GOMEZ,80280,5,Mecanizado Verde,CC01-1940,SI,BONUS 250 EC REGULADOR FISIOLÓGICO,1.2,11.1,15.2,1,9.3,3.9,12.2,10,201710,159,591,2,1.3,Alto,Bajo
2352,LA MARIA GOMEZ,80280,5,Mecanizado Verde,CC01-1940,SI,BONUS 250 EC REGULADOR FISIOLÓGICO,1.5,11.4,12.7,2,12.1,4.4,11.9,11,201811,117,292,2,2.7,Bajo,Bajo
2353,LA MARIA GOMEZ,80280,005A,Mecanizado Verde,CC01-1940,SI,BONUS 250 EC REGULADOR FISIOLÓGICO,1.5,7.7,12.7,4,7.6,5.2,10.8,5,201805,168,306,2,2.0,Alto,Bajo
2354,LA MARIA GOMEZ,80280,005A,Mecanizado Verde,CC01-1940,SI,BONUS 250 EC REGULADOR FISIOLÓGICO,0.8,7.7,12.1,6,7.9,3.9,12.4,6,202006,121,229,2,0.4,Bajo,Bajo
2355,LA MARIA GOMEZ,80280,006A,Mecanizado Verde,CC01-1940,SI,BONUS 250 EC REGULADOR FISIOLÓGICO,1.0,12.7,13.6,1,8.2,27.7,14.4,10,201510,143,205,2,1.1,Medio,Alto
2356,LA MARIA GOMEZ,80280,006A,Mecanizado Verde,CC01-1940,SI,BONUS 250 EC REGULADOR FISIOLÓGICO,1.2,13.1,13.3,2,9.1,4.4,12.6,11,201611,134,504,2,1.0,Medio,Medio
2357,LA MARIA GOMEZ,80280,006A,Mecanizado Verde,CC01-1940,SI,BONUS 250 EC REGULADOR FISIOLÓGICO,1.4,4.6,12.3,3,6.5,10.2,12.2,12,201712,139,297,2,1.5,Medio,Bajo
2358,LA MARIA GOMEZ,80280,006A,Mecanizado Verde,CC01-1940,SI,BONUS 250 EC REGULADOR FISIOLÓGICO,1.5,8.1,11.5,5,10.1,3.9,13.5,11,201811,112,126,2,1.7,Bajo,Alto
2360,LA MARIA GOMEZ,80280,007A,Mecanizado Verde,CC01-1940,SI,BONUS 250 EC REGULADOR FISIOLÓGICO,1.2,14.1,14.0,1,7.4,4.1,12.0,6,201906,148,507,2,2.3,Medio,Bajo
2361,LA MARIA GOMEZ,80280,8,Mecanizado Verde,CC01-1940,SI,BONUS 250 EC REGULADOR FISIOLÓGICO,1.0,6.6,12.8,1,9.5,4.3,12.9,5,201605,155,216,2,1.5,Alto,Medio
2362,LA MARIA GOMEZ,80280,8,Mecanizado Verde,CC01-1940,SI,BONUS 250 EC REGULADOR FISIOLÓGICO,1.2,10.1,13.4,2,9.9,4.9,11.9,6,201706,145,688,2,1.3,Medio,Bajo
2363,LA MARIA GOMEZ,80280,8,Mecanizado Verde,CC01-1940,SI,BONUS 250 EC REGULADOR FISIOLÓGICO,1.4,5.4,11.1,4,10.5,3.6,11.9,6,201906,128,109,2,2.5,Bajo,Bajo
2378,LA MARIA INGENIO,80122,26,Mecanizado Verde,CC01-1940,SI,BONUS 250 EC REGULADOR FISIOLÓGICO,1.0,6.7,12.5,1,11.1,5.4,13.4,10,201910,129,128,1,4.4,Bajo,Alto
2380,LA MARIA INGENIO,80122,28,Mecanizado Verde,CC01-1940,SI,BONUS 250 EC REGULADOR FISIOLÓGICO,1.2,11.3,12.8,5,15.0,51.3,9.2,12,201912,122,320,1,3.2,Bajo,Bajo
2381,LA MARIA INGENIO,80122,028A,Mecanizado Verde,CC01-1940,SI,BONUS 250 EC REGULADOR FISIOLÓGICO,1.2,17.4,14.2,5,12.4,13.6,11.4,2,202002,113,459,1,3.1,Bajo,Bajo
2382,LA MARIA INGENIO,80122,028C,Mecanizado Verde,CC01-1940,SI,BONUS 250 EC REGULADOR FISIOLÓGICO,1.3,13.6,13.4,3,3.9,2.0,11.6,8,201808,112,244,1,9.0,Bajo,Bajo
2383,LA MARIA LINCE,80466,2,Mecanizado Verde,CC01-1940,SI,BONUS 250 EC REGULADOR FISIOLÓGICO,0.2,7.4,12.6,3,10.3,23.2,11.7,6,201906,139,0,3,8.3,Medio,Bajo
2384,LA MARIA LINCE,80466,2,Mecanizado Verde,CC01-1940,SI,BONUS 250 EC REGULADOR FISIOLÓGICO,0.8,9.6,12.0,4,10.9,1.8,11.5,6,202006,113,0,3,2.0,Bajo,Bajo
2385,LA MARIA RIVAS,81176,10,Mecanizado Verde,CC01-1940,SI,BONUS 250 EC REGULADOR FISIOLÓGICO,1.0,9.7,13.8,1,10.1,2.0,12.2,6,201906,194,0,3,2.2,Alto,Bajo
2386,LA MARIA RIVAS,81176,10,Mecanizado Verde,CC01-1940,SI,BONUS 250 EC REGULADOR FISIOLÓGICO,0.8,7.7,12.3,2,8.7,1.7,12.3,6,202006,170,118,3,1.9,Alto,Bajo
2399,LA MARQUEZA  RESTREPO,80311,3,Mecanizado Verde,CC01-1940,SI,BONUS 250 EC REGULADOR FISIOLÓGICO,0.8,9.3,12.3,2,10.1,2.9,12.9,3,201703,133,211,3,7.0,Bajo,Medio
2400,LA MARQUEZA  RESTREPO,80311,3,Mecanizado Verde,CC01-1940,SI,BONUS 250 EC REGULADOR FISIOLÓGICO,0.8,6.4,12.5,3,12.1,2.4,12.8,4,201804,130,275,3,5.2,Bajo,Medio
2405,LA MARQUEZA SERNA,80658,1,Mecanizado Verde,CC01-1940,SI,BONUS 250 EC REGULADOR FISIOLÓGICO,1.0,14.3,14.8,1,8.6,12.6,13.7,10,201910,136,0,3,3.1,Medio,Alto
2406,LA MARQUEZA SERNA,80658,1,Mecanizado Verde,CC01-1940,SI,BONUS 250 EC REGULADOR FISIOLÓGICO,0.8,10.1,12.8,2,9.1,2.6,13.3,11,202011,131,165,3,2.7,Bajo,Alto
2419,LA MERCED CABAL HNAS.,80500,2,Mecanizado Verde,CC01-1940,SI,BONUS 250 EC REGULADOR FISIOLÓGICO,0.8,4.6,12.2,2,7.9,1.6,12.3,4,201904,139,301,3,6.4,Medio,Bajo
2420,LA MERCED CABAL HNAS.,80500,2,Mecanizado Verde,CC01-1940,SI,BONUS 250 EC REGULADOR FISIOLÓGICO,0.8,3.4,12.0,3,8.4,1.7,12.6,4,202004,133,144,3,4.3,Bajo,Medio
2421,LA MERCED CABAL HNAS.,80500,002A,Mecanizado Verde,CC01-1940,SI,BONUS 250 EC REGULADOR FISIOLÓGICO,0.7,7.6,13.7,1,11.0,1.9,11.5,4,201604,183,136,3,14.1,Alto,Bajo
2422,LA MERCED CABAL HNAS.,80500,002A,Mecanizado Verde,CC01-1940,SI,BONUS 250 EC REGULADOR FISIOLÓGICO,1.5,15.3,13.5,2,8.5,2.7,13.1,5,201705,153,489,3,4.4,Medio,Medio
2423,LA MERCED CABAL HNAS.,80500,002A,Mecanizado Verde,CC01-1940,SI,BONUS 250 EC REGULADOR FISIOLÓGICO,1.0,8.6,12.6,3,7.3,2.2,13.1,6,201806,148,221,3,8.0,Medio,Medio
2424,LA MERCED CABAL HNAS.,80500,002A,Mecanizado Verde,CC01-1940,SI,BONUS 250 EC REGULADOR FISIOLÓGICO,1.0,5.6,12.1,4,8.1,1.7,12.5,6,201906,153,433,3,6.4,Medio,Medio
2425,LA MERCED CABAL HNAS.,80500,002A,Mecanizado Verde,CC01-1940,SI,BONUS 250 EC REGULADOR FISIOLÓGICO,0.8,4.1,11.8,5,8.8,2.0,12.5,6,202006,147,68,3,2.5,Medio,Medio
2443,LA MERCED INV.,80604,8,Mecanizado Verde,CC01-1940,SI,BONUS 250 EC REGULADOR FISIOLÓGICO,1.2,11.3,13.5,1,10.1,1.8,12.6,4,201704,203,0,3,5.0,Alto,Medio
2450,LA NARANJA,80211,1,Mecanizado Verde,CC01-1940,SI,BONUS 250 EC REGULADOR FISIOLÓGICO,1.2,9.9,13.2,1,9.2,2.6,11.7,12,201612,164,397,2,5.6,Alto,Bajo
2452,LA OLGA TASCON,80547,1,Mecanizado Verde,CC01-1940,SI,BONUS 250 EC REGULADOR FISIOLÓGICO,0.8,6.7,13.2,1,8.2,2.1,11.9,6,202006,152,0,3,4.1,Medio,Bajo
2453,LA OLGA TASCON,80547,2,Mecanizado Verde,CC01-1940,SI,BONUS 250 EC REGULADOR FISIOLÓGICO,0.8,6.7,13.2,1,10.6,2.1,11.8,6,202006,157,0,3,4.1,Alto,Bajo
2454,LA OVEJERA 2,80232,1,Mecanizado Verde,CC01-1940,SI,BONUS 250 EC REGULADOR FISIOLÓGICO,0.0,8.1,12.9,1,7.6,2.6,13.3,3,201603,157,62,2,24.3,Alto,Alto
2455,LA OVEJERA 2,80232,1,Mecanizado Verde,CC01-1940,SI,BONUS 250 EC REGULADOR FISIOLÓGICO,1.5,21.6,15.0,2,9.2,2.7,12.1,6,201706,155,495,2,3.6,Alto,Bajo
2456,LA OVEJERA 2,80232,1,Mecanizado Verde,CC01-1940,SI,BONUS 250 EC REGULADOR FISIOLÓGICO,1.3,8.1,12.3,3,12.1,3.3,12.4,6,201806,129,122,2,4.4,Bajo,Bajo
2457,LA OVEJERA 2,80232,1,Mecanizado Verde,CC01-1940,SI,BONUS 250 EC REGULADOR FISIOLÓGICO,1.2,13.4,13.3,4,8.6,3.0,13.1,8,201908,124,240,2,4.4,Bajo,Medio
2458,LA OVEJERA 2,80232,1,Mecanizado Verde,CC01-1940,SI,BONUS 250 EC REGULADOR FISIOLÓGICO,0.8,11.7,12.7,5,9.9,2.4,13.1,8,202008,147,49,2,3.5,Medio,Medio
2459,LA OVEJERA 2,80232,001A,Mecanizado Verde,CC01-1940,SI,BONUS 250 EC REGULADOR FISIOLÓGICO,1.0,14.1,14.5,1,6.5,2.9,15.2,9,201509,165,43,2,4.7,Alto,Alto
2460,LA OVEJERA 2,80232,001A,Mecanizado Verde,CC01-1940,SI,BONUS 250 EC REGULADOR FISIOLÓGICO,1.0,14.9,14.2,2,9.1,2.3,11.3,11,201611,188,253,2,20.2,Alto,Bajo
2461,LA OVEJERA 2,80232,001A,Mecanizado Verde,CC01-1940,SI,BONUS 250 EC REGULADOR FISIOLÓGICO,1.5,8.1,11.9,4,8.1,36.0,13.8,2,201902,153,11,2,4.2,Medio,Alto
2462,LA OVEJERA 2,80232,001A,Mecanizado Verde,CC01-1940,SI,BONUS 250 EC REGULADOR FISIOLÓGICO,1.2,6.0,11.7,5,7.9,2.9,14.1,2,202002,138,22,2,2.7,Medio,Alto
2463,LA OVEJERA 2,80232,001C,Mecanizado Verde,CC01-1940,SI,BONUS 250 EC REGULADOR FISIOLÓGICO,1.2,10.1,12.7,5,6.7,2.8,14.7,3,202003,160,38,2,2.7,Alto,Alto
2464,LA OVEJERA 2,80232,002A,Mecanizado Verde,CC01-1940,SI,BONUS 250 EC REGULADOR FISIOLÓGICO,0.8,8.0,11.8,2,10.2,2.5,14.2,3,201903,136,40,2,2.9,Medio,Alto
2465,LA OVEJERA 2,80232,002A,Mecanizado Verde,CC01-1940,SI,BONUS 250 EC REGULADOR FISIOLÓGICO,1.2,6.0,11.6,3,6.7,3.0,13.5,3,202003,134,27,2,2.9,Medio,Alto
2466,LA OVEJERA 2,80232,002B,Mecanizado Verde,CC01-1940,SI,BONUS 250 EC REGULADOR FISIOLÓGICO,1.2,12.7,14.6,1,7.0,2.3,13.6,10,201710,154,164,2,5.3,Alto,Alto
2467,LA OVEJERA 2,80232,002B,Mecanizado Verde,CC01-1940,SI,BONUS 250 EC REGULADOR FISIOLÓGICO,1.4,9.3,12.4,2,7.1,2.4,14.3,10,201810,139,60,2,4.7,Medio,Alto
2468,LA OVEJERA 2,80232,002B,Mecanizado Verde,CC01-1940,SI,BONUS 250 EC REGULADOR FISIOLÓGICO,1.2,10.4,12.4,3,7.7,3.0,13.3,11,201911,149,211,2,2.5,Medio,Alto
2469,LA OVEJERA 2,80232,002B,Mecanizado Verde,CC01-1940,SI,BONUS 250 EC REGULADOR FISIOLÓGICO,1.0,11.3,12.8,4,9.1,2.4,13.6,11,202011,154,110,2,3.5,Alto,Alto
2470,LA OVEJERA 2,80232,3,Mecanizado Verde,CC01-1940,SI,BONUS 250 EC REGULADOR FISIOLÓGICO,1.4,9.6,13.2,1,6.7,1.7,14.2,10,201810,166,130,2,4.7,Alto,Alto
2471,LA OVEJERA 3A,80618,1,Mecanizado Verde,CC01-1940,SI,BONUS 250 EC REGULADOR FISIOLÓGICO,1.2,9.3,13.8,1,7.7,3.0,13.3,3,202003,113,77,3,3.4,Bajo,Alto
2474,LA OVEJERA 3A,80618,4,Mecanizado Verde,CC01-1940,SI,BONUS 250 EC REGULADOR FISIOLÓGICO,1.2,8.9,13.6,1,8.3,2.1,12.5,3,202003,150,107,3,3.4,Medio,Medio
2475,LA OVEJERA EMPRESA,80133,1,Mecanizado Verde,CC01-1940,SI,BONUS 250 EC REGULADOR FISIOLÓGICO,1.5,15.0,13.9,2,10.3,2.9,11.8,6,201706,227,422,1,11.1,Alto,Bajo
2476,LA OVEJERA EMPRESA,80133,1,Mecanizado Verde,CC01-1940,SI,BONUS 250 EC REGULADOR FISIOLÓGICO,1.5,7.0,11.9,3,7.6,2.4,12.8,6,201806,141,103,1,4.6,Medio,Medio
2477,LA OVEJERA EMPRESA,80133,1,Mecanizado Verde,CC01-1940,SI,BONUS 250 EC REGULADOR FISIOLÓGICO,1.2,7.9,11.7,4,13.1,2.3,11.4,6,201906,150,201,1,2.1,Medio,Bajo
2478,LA OVEJERA EMPRESA,80133,1,Mecanizado Verde,CC01-1940,SI,BONUS 250 EC REGULADOR FISIOLÓGICO,0.8,7.3,11.9,5,11.5,2.7,11.9,6,202006,135,41,1,6.0,Medio,Bajo
2479,LA OVEJERA EMPRESA,80133,2,Mecanizado Verde,CC01-1940,SI,BONUS 250 EC REGULADOR FISIOLÓGICO,1.4,10.1,12.8,4,8.8,2.9,11.6,6,201706,124,341,1,1.6,Bajo,Bajo
2480,LA OVEJERA EMPRESA,80133,2,Mecanizado Verde,CC01-1940,SI,BONUS 250 EC REGULADOR FISIOLÓGICO,1.5,7.3,11.9,5,7.3,2.3,13.1,6,201806,108,103,1,3.9,Bajo,Medio
2481,LA OVEJERA EMPRESA,80133,2,Mecanizado Verde,CC01-1940,SI,BONUS 250 EC REGULADOR FISIOLÓGICO,1.2,8.0,11.7,6,12.5,3.4,11.9,6,201906,134,217,1,1.4,Medio,Bajo
2482,LA OVEJERA EMPRESA,80133,2,Mecanizado Verde,CC01-1940,SI,BONUS 250 EC REGULADOR FISIOLÓGICO,0.5,4.9,11.1,7,10.6,2.7,12.6,7,202007,106,11,1,3.5,Bajo,Medio
2483,LA OVEJERA EMPRESA,80133,002A,Mecanizado Verde,CC01-1940,SI,BONUS 250 EC REGULADOR FISIOLÓGICO,1.2,12.3,13.1,2,10.8,2.2,12.4,12,202012,95,177,1,10.7,Bajo,Bajo
2484,LA OVEJERA EMPRESA,80133,3,Mecanizado Verde,CC01-1940,SI,BONUS 250 EC REGULADOR FISIOLÓGICO,1.2,8.7,12.1,3,9.6,2.5,12.5,1,201701,148,113,1,4.4,Medio,Medio
2485,LA OVEJERA EMPRESA,80133,3,Mecanizado Verde,CC01-1940,SI,BONUS 250 EC REGULADOR FISIOLÓGICO,1.5,10.1,14.2,4,6.3,2.5,13.7,3,201803,123,246,1,5.3,Bajo,Alto
2486,LA OVEJERA EMPRESA,80133,3,Mecanizado Verde,CC01-1940,SI,BONUS 250 EC REGULADOR FISIOLÓGICO,1.2,6.3,11.6,5,7.5,3.3,13.8,3,201903,105,29,1,2.7,Bajo,Alto
2487,LA OVEJERA EMPRESA,80133,3,Mecanizado Verde,CC01-1940,SI,BONUS 250 EC REGULADOR FISIOLÓGICO,0.8,10.4,13.3,1,8.4,2.4,14.3,9,202009,109,70,1,3.5,Bajo,Alto
2488,LA OVEJERA EMPRESA,80133,4,Mecanizado Verde,CC01-1940,SI,BONUS 250 EC REGULADOR FISIOLÓGICO,1.7,17.1,14.9,5,8.0,2.8,13.7,9,201709,142,309,1,4.4,Medio,Alto
2489,LA OVEJERA EMPRESA,80133,4,Mecanizado Verde,CC01-1940,SI,BONUS 250 EC REGULADOR FISIOLÓGICO,1.3,10.6,12.3,6,9.7,3.0,14.4,9,201809,150,108,1,4.4,Medio,Alto
2490,LA OVEJERA EMPRESA,80133,5,Mecanizado Verde,CC01-1940,SI,BONUS 250 EC REGULADOR FISIOLÓGICO,1.3,11.1,13.4,1,7.9,3.7,14.5,9,201809,157,123,1,4.4,Alto,Alto
2491,LA OVEJERA EMPRESA,80133,5,Mecanizado Verde,CC01-1940,SI,BONUS 250 EC REGULADOR FISIOLÓGICO,1.0,13.3,13.2,2,7.6,3.6,13.0,10,201910,122,198,1,4.4,Bajo,Medio
2496,LA PALMA ESCOBAR,81398,4,Mecanizado Verde,CC01-1940,SI,BONUS 250 EC REGULADOR FISIOLÓGICO,1.2,11.3,13.6,6,9.8,2.0,13.7,11,202011,109,0,3,2.0,Bajo,Alto
2497,LA PALMA ESCOBAR,81398,6,Mecanizado Verde,CC01-1940,SI,BONUS 250 EC REGULADOR FISIOLÓGICO,0.8,12.9,14.1,1,7.5,1.9,13.7,10,202010,126,0,3,2.0,Bajo,Alto
2499,LA PALMA ESCOBAR,81398,7,Mecanizado Verde,CC01-1940,SI,BONUS 250 EC REGULADOR FISIOLÓGICO,0.5,7.4,12.0,2,9.9,2.0,11.7,7,202007,153,0,3,1.6,Medio,Bajo
2505,LA PALMA ESCOBAR,81398,11,Mecanizado Verde,CC01-1940,SI,BONUS 250 EC REGULADOR FISIOLÓGICO,1.2,10.9,14.0,1,9.1,3.0,13.6,11,202011,136,0,3,2.2,Medio,Alto
2507,LA PALMA ESCOBAR,81398,12,Mecanizado Verde,CC01-1940,SI,BONUS 250 EC REGULADOR FISIOLÓGICO,1.0,10.6,13.7,1,9.5,1.6,13.4,11,202011,141,0,3,1.9,Medio,Alto
2509,LA PALMA ESCOBAR,81398,014A,Mecanizado Verde,CC01-1940,SI,BONUS 250 EC REGULADOR FISIOLÓGICO,0.8,7.7,11.9,2,10.2,1.9,12.2,7,202007,139,0,3,1.6,Medio,Bajo
2510,LA PALOMERA OSORIO,80166,001D,Mecanizado Verde,CC01-1940,SI,BONUS 250 EC REGULADOR FISIOLÓGICO,0.8,5.0,11.6,3,8.4,2.1,12.7,6,202006,137,90,2,5.4,Medio,Medio
2511,LA PALOMERA OSORIO,80166,001E,Mecanizado Verde,CC01-1940,SI,BONUS 250 EC REGULADOR FISIOLÓGICO,0.8,4.9,11.5,3,9.0,3.5,11.7,6,202006,217,90,2,4.4,Alto,Bajo
2521,LA PERLA EMPRESA,80100,1,Mecanizado Verde,CC01-1940,SI,BONUS 250 EC REGULADOR FISIOLÓGICO,1.3,13.4,13.2,3,7.2,2.6,13.6,10,201810,135,303,1,3.8,Medio,Alto
2522,LA PERLA EMPRESA,80100,001A,Mecanizado Verde,CC01-1940,SI,BONUS 250 EC REGULADOR FISIOLÓGICO,1.0,13.9,13.3,4,11.1,1.5,12.2,12,201912,123,370,1,2.8,Bajo,Bajo
2523,LA PIEDAD ESCOBAR,81397,3,Mecanizado Verde,CC01-1940,SI,BONUS 250 EC REGULADOR FISIOLÓGICO,0.8,9.6,14.0,1,7.8,5.2,12.4,9,202009,153,0,3,3.1,Medio,Bajo
2525,LA POLA RISARALDA,81217,22,Mecanizado Verde,CC01-1940,SI,BONUS 250 EC REGULADOR FISIOLÓGICO,1.0,8.1,16.6,1,8.1,6.3,12.8,9,201809,134,0,3,3.2,Medio,Medio
2527,LA PRIMAVERA,80112,372,Mecanizado Verde,CC01-1940,SI,BONUS 250 EC REGULADOR FISIOLÓGICO,0.8,12.7,12.9,3,10.1,1.8,11.5,1,202101,110,243,1,3.7,Bajo,Bajo
2530,LA RAMADA,80234,1,Mecanizado Verde,CC01-1940,SI,BONUS 250 EC REGULADOR FISIOLÓGICO,1.1,9.1,13.3,1,12.7,2.3,12.0,4,201804,190,252,2,6.0,Alto,Bajo
2531,LA RAMADA,80234,1,Mecanizado Verde,CC01-1940,SI,BONUS 250 EC REGULADOR FISIOLÓGICO,1.2,6.6,11.5,2,12.5,2.4,11.3,5,201905,142,159,2,4.0,Medio,Bajo
2532,LA RAMADA,80234,1,Mecanizado Verde,CC01-1940,SI,BONUS 250 EC REGULADOR FISIOLÓGICO,0.8,9.0,12.1,3,9.2,2.7,13.1,6,202006,91,157,2,4.3,Bajo,Medio
2535,LA RAMADA,80234,001A,Mecanizado Verde,CC01-1940,SI,BONUS 250 EC REGULADOR FISIOLÓGICO,1.1,18.7,15.5,1,8.9,2.4,13.3,6,201806,122,444,2,5.7,Bajo,Alto
2536,LA RAMADA,80234,2,Mecanizado Verde,CC01-1940,SI,BONUS 250 EC REGULADOR FISIOLÓGICO,1.2,11.3,12.7,4,9.0,2.4,13.5,9,201909,152,93,2,3.6,Medio,Alto
2537,LA REFORMA AGRICOLA,81484,21,Mecanizado Verde,CC01-1940,SI,BONUS 250 EC REGULADOR FISIOLÓGICO,1.0,7.7,12.0,2,8.0,3.0,13.2,3,202003,98,0,3,5.5,Bajo,Alto
2538,LA REFORMA AGRICOLA,81484,30,Mecanizado Verde,CC01-1940,SI,BONUS 250 EC REGULADOR FISIOLÓGICO,1.0,7.4,11.9,2,8.5,1.6,13.5,3,202003,116,0,3,5.5,Bajo,Alto
2543,LA ROCHELA,80328,4,Mecanizado Verde,CC01-1940,SI,BONUS 250 EC REGULADOR FISIOLÓGICO,0.5,8.0,14.1,1,6.7,3.5,13.1,10,201910,144,0,3,1.9,Medio,Medio
2546,LA ROCHELA,80328,5,Mecanizado Verde,CC01-1940,SI,BONUS 250 EC REGULADOR FISIOLÓGICO,1.0,45.0,21.1,3,13.1,3.0,9.3,9,201709,129,778,3,2.2,Bajo,Bajo
2547,LA ROCHELA,80328,5,Mecanizado Verde,CC01-1940,SI,BONUS 250 EC REGULADOR FISIOLÓGICO,0.5,7.4,14.1,1,5.8,3.4,13.7,10,201910,127,0,3,1.9,Bajo,Alto
2552,LA ROCHELA,80328,7,Mecanizado Verde,CC01-1940,SI,BONUS 250 EC REGULADOR FISIOLÓGICO,0.8,8.4,12.4,2,7.4,3.0,14.2,9,201809,89,124,3,3.2,Bajo,Alto
2553,LA ROCHELA,80328,7,Mecanizado Verde,CC01-1940,SI,BONUS 250 EC REGULADOR FISIOLÓGICO,0.5,7.0,12.9,3,9.1,3.7,13.2,10,201910,97,0,3,1.9,Bajo,Alto
2554,LA ROCHELA,80328,8,Mecanizado Verde,CC01-1940,SI,BONUS 250 EC REGULADOR FISIOLÓGICO,0.5,7.3,14.2,1,5.9,4.5,13.1,10,201910,116,0,3,1.9,Bajo,Medio
2555,LA ROCHELA,80328,9,Mecanizado Verde,CC01-1940,SI,BONUS 250 EC REGULADOR FISIOLÓGICO,0.5,7.3,13.2,2,11.6,4.3,14.3,10,201910,90,0,3,1.9,Bajo,Alto
2556,LA RUISA,80699,1,Mecanizado Verde,CC01-1940,SI,BONUS 250 EC REGULADOR FISIOLÓGICO,0.6,8.7,13.8,3,9.9,1.8,13.0,5,201905,108,0,3,2.1,Bajo,Medio
2557,LA RUISA,80699,1,Mecanizado Verde,CC01-1940,SI,BONUS 250 EC REGULADOR FISIOLÓGICO,0.5,5.1,12.5,4,9.5,2.0,12.8,5,202005,113,203,3,1.6,Bajo,Medio
2566,LA SELVA SERNA,80672,001A,Mecanizado Verde,CC01-1940,SI,BONUS 250 EC REGULADOR FISIOLÓGICO,1.0,6.6,13.2,1,8.9,1.5,13.5,3,202003,122,83,3,7.3,Bajo,Alto
2568,LA SELVA-SAN JOSE ,80579,2,Mecanizado Verde,CC01-1940,SI,BONUS 250 EC REGULADOR FISIOLÓGICO,1.0,9.7,12.9,4,9.6,2.8,13.3,11,202011,153,0,3,8.6,Medio,Alto
2569,LA SELVA-SAN JOSE ,80579,3,Mecanizado Verde,CC01-1940,SI,BONUS 250 EC REGULADOR FISIOLÓGICO,0.8,6.6,12.6,2,10.9,2.0,12.3,5,201905,173,0,3,4.5,Alto,Bajo
2571,LA TERTULIA,81069,1,Mecanizado Verde,CC01-1940,SI,BONUS 250 EC REGULADOR FISIOLÓGICO,0.8,9.1,12.0,2,8.8,2.2,13.8,9,201809,126,86,3,4.4,Bajo,Alto
2572,LA TERTULIA,81069,1,Mecanizado Verde,CC01-1940,SI,BONUS 250 EC REGULADOR FISIOLÓGICO,0.8,7.6,11.8,3,7.5,2.8,13.5,9,201909,121,0,3,4.4,Bajo,Alto
2573,LA TERTULIA,81069,1,Mecanizado Verde,CC01-1940,SI,BONUS 250 EC REGULADOR FISIOLÓGICO,0.8,9.1,12.2,4,7.6,2.8,13.8,9,202009,101,68,3,4.0,Bajo,Alto
2574,LA TERTULIA,81069,2,Mecanizado Verde,CC01-1940,SI,BONUS 250 EC REGULADOR FISIOLÓGICO,0.8,9.6,12.1,2,8.2,2.9,13.3,9,201809,120,91,3,4.4,Bajo,Alto
2575,LA TERTULIA,81069,2,Mecanizado Verde,CC01-1940,SI,BONUS 250 EC REGULADOR FISIOLÓGICO,0.8,7.7,11.7,3,7.5,2.2,13.4,9,201909,101,0,3,4.4,Bajo,Alto
2576,LA TERTULIA,81069,2,Mecanizado Verde,CC01-1940,SI,BONUS 250 EC REGULADOR FISIOLÓGICO,0.8,9.3,12.2,4,7.9,2.1,14.5,9,202009,74,68,3,4.8,Bajo,Alto
2577,LA TRAMPA.,80240,1,Mecanizado Verde,CC01-1940,SI,BONUS 250 EC REGULADOR FISIOLÓGICO,1.2,8.6,12.9,2,9.6,2.1,11.1,6,201706,181,217,2,2.6,Alto,Bajo
2578,LA TRAMPA.,80240,1,Mecanizado Verde,CC01-1940,SI,BONUS 250 EC REGULADOR FISIOLÓGICO,1.2,3.7,11.1,4,10.5,2.3,11.0,6,201906,163,129,2,3.1,Alto,Bajo
2579,LA TRAMPA.,80240,1,Mecanizado Verde,CC01-1940,SI,BONUS 250 EC REGULADOR FISIOLÓGICO,0.8,7.6,11.8,5,9.8,3.0,12.6,5,202005,151,69,2,3.7,Medio,Medio
2580,LA TRAMPA.,80240,2,Mecanizado Verde,CC01-1940,SI,BONUS 250 EC REGULADOR FISIOLÓGICO,1.2,8.9,12.9,2,8.2,2.6,11.9,6,201706,164,207,2,4.4,Alto,Bajo
2581,LA TRAMPA.,80240,002A,Mecanizado Verde,CC01-1940,SI,BONUS 250 EC REGULADOR FISIOLÓGICO,1.3,6.4,12.2,1,7.3,2.5,13.4,9,201809,168,40,2,0.3,Alto,Alto
2582,LA TRAMPA.,80240,002A,Mecanizado Verde,CC01-1940,SI,BONUS 250 EC REGULADOR FISIOLÓGICO,0.6,12.6,12.7,2,7.8,2.6,14.6,10,201910,136,95,2,6.9,Medio,Alto
2583,LA TRAMPA.,80240,002A,Mecanizado Verde,CC01-1940,SI,BONUS 250 EC REGULADOR FISIOLÓGICO,0.8,11.3,12.9,3,9.8,2.3,14.1,10,202010,158,135,2,3.3,Alto,Alto
2584,LA TRAMPA.,80240,002B,Mecanizado Verde,CC01-1940,SI,BONUS 250 EC REGULADOR FISIOLÓGICO,1.2,8.1,13.0,1,11.0,1.9,13.1,12,201612,176,335,2,3.1,Alto,Medio
2590,LA UNION  MOLINA,80216,001A,Mecanizado Verde,CC01-1940,SI,BONUS 250 EC REGULADOR FISIOLÓGICO,0.8,11.1,13.9,1,9.3,10.2,15.5,10,202010,115,126,2,2.8,Bajo,Alto
2592,LA UNION  MOLINA,80216,2,Mecanizado Verde,CC01-1940,SI,BONUS 250 EC REGULADOR FISIOLÓGICO,1.3,10.6,13.1,1,7.7,1.6,13.7,10,201810,171,162,2,4.7,Alto,Alto
2593,LA UNION  MOLINA,80216,2,Mecanizado Verde,CC01-1940,SI,BONUS 250 EC REGULADOR FISIOLÓGICO,0.5,7.0,11.8,2,9.7,2.0,13.1,10,201910,147,96,2,3.4,Medio,Medio
2594,LA UNION  MOLINA,80216,2,Mecanizado Verde,CC01-1940,SI,BONUS 250 EC REGULADOR FISIOLÓGICO,0.8,10.7,12.7,3,9.0,2.0,14.7,10,202010,106,110,2,2.6,Bajo,Alto
2596,LA UNION  MOLINA,80216,3,Mecanizado Verde,CC01-1940,SI,BONUS 250 EC REGULADOR FISIOLÓGICO,1.0,9.4,13.3,1,9.4,2.1,12.8,7,201607,145,234,2,9.8,Medio,Medio
2597,LA UNION  MOLINA,80216,3,Mecanizado Verde,CC01-1940,SI,BONUS 250 EC REGULADOR FISIOLÓGICO,1.2,15.7,14.8,2,7.4,1.7,13.5,10,201710,163,272,2,4.2,Alto,Alto
2598,LA UNION  MOLINA,80216,3,Mecanizado Verde,CC01-1940,SI,BONUS 250 EC REGULADOR FISIOLÓGICO,1.3,7.7,11.6,3,10.4,1.7,12.8,10,201810,170,74,2,4.7,Alto,Medio
2599,LA UNION  MOLINA,80216,3,Mecanizado Verde,CC01-1940,SI,BONUS 250 EC REGULADOR FISIOLÓGICO,0.5,7.1,11.8,4,8.5,1.8,12.8,10,201910,141,96,2,4.3,Medio,Medio
2600,LA UNION  MOLINA,80216,3,Mecanizado Verde,CC01-1940,SI,BONUS 250 EC REGULADOR FISIOLÓGICO,0.8,10.9,12.7,5,7.5,1.9,15.0,10,202010,115,110,2,2.9,Bajo,Alto
2601,LA UNION  MOLINA,80216,4,Mecanizado Verde,CC01-1940,SI,BONUS 250 EC REGULADOR FISIOLÓGICO,1.2,6.9,12.7,1,9.7,2.0,12.5,4,202004,141,137,2,3.8,Medio,Medio
2607,LA UNION  MOLINA,80216,6,Mecanizado Verde,CC01-1940,SI,BONUS 250 EC REGULADOR FISIOLÓGICO,0.8,6.7,12.7,1,10.3,2.0,12.3,5,202005,142,143,2,2.7,Medio,Bajo
2611,LA UNION 1,80352,1,Mecanizado Verde,CC01-1940,SI,BONUS 250 EC REGULADOR FISIOLÓGICO,1.0,12.4,15.0,1,9.7,2.7,13.3,10,201910,169,0,3,3.2,Alto,Alto
2612,LA UNION 1,80352,1,Mecanizado Verde,CC01-1940,SI,BONUS 250 EC REGULADOR FISIOLÓGICO,0.8,5.1,11.8,2,9.1,2.4,13.4,10,202010,154,51,3,8.4,Alto,Alto
2613,LA UNION 1,80352,002A,Mecanizado Verde,CC01-1940,SI,BONUS 250 EC REGULADOR FISIOLÓGICO,0.8,8.4,14.9,5,8.8,2.5,14.8,1,201901,140,170,3,7.5,Medio,Alto
2614,LA UNION 1,80352,002B,Mecanizado Verde,CC01-1940,SI,BONUS 250 EC REGULADOR FISIOLÓGICO,0.8,5.6,11.7,2,9.4,2.3,13.8,10,202010,143,35,3,8.4,Medio,Alto
2615,LA UNION 1,80352,3,Mecanizado Verde,CC01-1940,SI,BONUS 250 EC REGULADOR FISIOLÓGICO,0.8,5.3,12.2,2,9.3,2.4,12.8,4,201904,150,0,3,3.6,Medio,Medio
2616,LA UNION 1,80352,3,Mecanizado Verde,CC01-1940,SI,BONUS 250 EC REGULADOR FISIOLÓGICO,0.8,12.4,12.8,3,9.6,2.6,13.5,5,202005,131,152,3,3.2,Bajo,Alto
2617,LA UNION 1,80352,4,Mecanizado Verde,CC01-1940,SI,BONUS 250 EC REGULADOR FISIOLÓGICO,0.8,5.6,12.2,2,7.9,2.0,12.1,4,201904,194,0,3,3.6,Alto,Bajo
2618,LA UNION 1,80352,4,Mecanizado Verde,CC01-1940,SI,BONUS 250 EC REGULADOR FISIOLÓGICO,0.8,12.9,12.9,3,8.5,3.1,13.0,5,202005,138,152,3,3.2,Medio,Medio
2619,LA UNION 1,80352,5,Mecanizado Verde,CC01-1940,SI,BONUS 250 EC REGULADOR FISIOLÓGICO,0.8,5.1,11.6,2,8.7,2.8,14.6,10,202010,145,35,3,8.4,Medio,Alto
2620,LA UNION 1,80352,6,Mecanizado Verde,CC01-1940,SI,BONUS 250 EC REGULADOR FISIOLÓGICO,0.8,8.6,14.8,2,8.4,2.5,13.5,1,201901,132,170,3,3.2,Bajo,Alto
2621,LA UNION 1,80352,8,Mecanizado Verde,CC01-1940,SI,BONUS 250 EC REGULADOR FISIOLÓGICO,0.8,13.0,13.2,2,8.8,33.5,13.8,10,202010,157,112,3,8.4,Alto,Alto
2624,LA UNION SAN PIETRO,82505,8,Mecanizado Verde,CC01-1940,SI,BONUS 250 EC REGULADOR FISIOLÓGICO,0.8,6.1,12.7,1,9.5,2.6,13.5,6,202006,122,104,2,2.7,Bajo,Alto
2633,LA UNION SAN PIETRO,82505,10,Mecanizado Verde,CC01-1940,SI,BONUS 250 EC REGULADOR FISIOLÓGICO,0.8,6.4,12.4,1,9.1,2.3,12.6,6,202006,123,78,2,2.7,Bajo,Medio
2640,LA UNION SAN PIETRO,82505,010B,Mecanizado Verde,CC01-1940,SI,BONUS 250 EC REGULADOR FISIOLÓGICO,1.2,23.6,17.4,2,11.0,3.0,12.1,1,201801,190,500,2,3.6,Alto,Bajo
2641,LA UNION SAN PIETRO,82505,010B,Mecanizado Verde,CC01-1940,SI,BONUS 250 EC REGULADOR FISIOLÓGICO,1.2,4.6,11.9,3,9.1,3.7,12.9,1,201901,146,130,2,4.7,Medio,Medio
2649,LA VEGA TANAKA,80566,1,Mecanizado Verde,CC01-1940,SI,BONUS 250 EC REGULADOR FISIOLÓGICO,1.1,13.3,13.6,2,8.9,1.9,11.3,8,201708,178,255,3,3.6,Alto,Bajo
2650,LA VEGA TANAKA,80566,1,Mecanizado Verde,CC01-1940,SI,BONUS 250 EC REGULADOR FISIOLÓGICO,0.8,10.4,13.4,3,12.0,2.2,11.7,9,201809,186,13,3,3.0,Alto,Bajo
2651,LA VEGA TANAKA,80566,1,Mecanizado Verde,CC01-1940,SI,BONUS 250 EC REGULADOR FISIOLÓGICO,0.8,9.6,12.7,5,9.2,1.8,12.8,10,202010,140,80,3,1.5,Medio,Medio
2655,LA VEGA TANAKA,80566,3,Mecanizado Verde,CC01-1940,SI,BONUS 250 EC REGULADOR FISIOLÓGICO,1.2,9.7,13.0,2,9.8,3.2,11.8,1,202101,170,28,3,2.6,Alto,Bajo
2658,LA VENTURA 2 REYES,80593,11,Mecanizado Verde,CC01-1940,SI,BONUS 250 EC REGULADOR FISIOLÓGICO,1.1,13.0,16.8,1,6.0,3.7,12.3,2,201802,170,504,3,17.8,Alto,Bajo
2659,LA VENTURA 2 REYES,80593,11,Mecanizado Verde,CC01-1940,SI,BONUS 250 EC REGULADOR FISIOLÓGICO,1.0,8.6,11.8,2,8.0,3.1,12.6,2,201902,168,0,3,3.0,Alto,Medio
2660,LA VENTURA 2 REYES,80593,11,Mecanizado Verde,CC01-1940,SI,BONUS 250 EC REGULADOR FISIOLÓGICO,0.8,8.1,12.2,3,8.2,3.9,13.0,2,202002,154,17,3,3.0,Alto,Medio
2663,LA VENTURA AGROPECUARIA,80592,002A,Mecanizado Verde,CC01-1940,SI,BONUS 250 EC REGULADOR FISIOLÓGICO,1.0,15.9,15.1,3,8.6,3.9,11.2,2,201702,188,373,3,4.9,Alto,Bajo
2664,LA VENTURA AGROPECUARIA,80592,3,Mecanizado Verde,CC01-1940,SI,BONUS 250 EC REGULADOR FISIOLÓGICO,1.1,13.3,16.4,1,7.3,3.1,12.4,2,201802,157,474,3,9.5,Alto,Bajo
2665,LA VENTURA AGROPECUARIA,80592,3,Mecanizado Verde,CC01-1940,SI,BONUS 250 EC REGULADOR FISIOLÓGICO,1.0,8.1,11.6,2,8.4,2.8,12.4,1,201901,146,0,3,9.5,Medio,Bajo
2666,LA VENTURA AGROPECUARIA,80592,3,Mecanizado Verde,CC01-1940,SI,BONUS 250 EC REGULADOR FISIOLÓGICO,0.8,12.3,13.2,3,7.9,2.5,13.4,3,202003,115,103,3,5.9,Bajo,Alto
2669,LA VENTURA AGROPECUARIA,80592,4,Mecanizado Verde,CC01-1940,SI,BONUS 250 EC REGULADOR FISIOLÓGICO,1.1,9.7,15.9,3,10.1,1.9,12.2,1,201801,173,625,3,8.5,Alto,Bajo
2670,LA VENTURA AGROPECUARIA,80592,4,Mecanizado Verde,CC01-1940,SI,BONUS 250 EC REGULADOR FISIOLÓGICO,1.0,7.7,12.4,4,8.1,3.1,12.7,1,201901,146,0,3,9.5,Medio,Medio
2671,LA VENTURA AGROPECUARIA,80592,4,Mecanizado Verde,CC01-1940,SI,BONUS 250 EC REGULADOR FISIOLÓGICO,0.8,7.9,12.3,5,9.0,3.1,12.7,2,202002,118,17,3,4.6,Bajo,Medio
2672,LA VENTURA AGROPECUARIA,80592,5,Mecanizado Verde,CC01-1940,SI,BONUS 250 EC REGULADOR FISIOLÓGICO,1.1,12.7,16.5,3,9.0,4.1,11.7,2,201802,166,499,3,8.5,Alto,Bajo
2673,LA VENTURA AGROPECUARIA,80592,5,Mecanizado Verde,CC01-1940,SI,BONUS 250 EC REGULADOR FISIOLÓGICO,1.0,7.9,11.7,4,7.9,2.8,13.5,1,201901,139,0,3,9.5,Medio,Alto
2674,LA VENTURA AGROPECUARIA,80592,5,Mecanizado Verde,CC01-1940,SI,BONUS 250 EC REGULADOR FISIOLÓGICO,0.8,8.1,12.4,5,10.1,3.3,13.7,2,202002,107,17,3,4.6,Bajo,Alto
2675,LA VICTORIA,80176,1,Mecanizado Verde,CC01-1940,SI,BONUS 250 EC REGULADOR FISIOLÓGICO,1.2,7.1,12.9,1,8.1,2.5,14.0,3,201903,154,56,2,2.7,Alto,Alto
2676,LA VICTORIA,80176,1,Mecanizado Verde,CC01-1940,SI,BONUS 250 EC REGULADOR FISIOLÓGICO,1.2,9.4,12.7,2,8.3,2.0,14.3,4,202004,130,47,2,2.4,Bajo,Alto
2677,LA VICTORIA,80176,2,Mecanizado Verde,CC01-1940,SI,BONUS 250 EC REGULADOR FISIOLÓGICO,1.1,7.0,13.6,1,10.0,3.2,12.2,12,201712,151,231,2,4.4,Medio,Bajo
2678,LA VICTORIA,80176,2,Mecanizado Verde,CC01-1940,SI,BONUS 250 EC REGULADOR FISIOLÓGICO,1.5,9.6,12.0,2,10.8,3.1,12.9,12,201812,141,154,2,2.7,Medio,Medio
2679,LA VICTORIA,80176,2,Mecanizado Verde,CC01-1940,SI,BONUS 250 EC REGULADOR FISIOLÓGICO,1.2,8.7,12.6,3,8.9,2.6,13.4,12,201912,138,214,2,4.4,Medio,Alto
2680,LA VICTORIA,80176,2,Mecanizado Verde,CC01-1940,SI,BONUS 250 EC REGULADOR FISIOLÓGICO,0.8,9.4,12.8,4,9.4,3.3,13.5,1,202101,123,228,2,4.4,Bajo,Alto
2684,LAS ARDITAS RISARALDA,81186,11,Mecanizado Verde,CC01-1940,SI,BONUS 250 EC REGULADOR FISIOLÓGICO,1.4,23.3,18.9,1,6.8,6.3,12.5,7,201807,149,0,3,3.2,Medio,Medio
2685,LAS ARDITAS RISARALDA,81186,16,Mecanizado Verde,CC01-1940,SI,BONUS 250 EC REGULADOR FISIOLÓGICO,1.4,17.9,18.7,1,6.9,7.2,12.8,6,201806,149,0,3,3.2,Medio,Medio
2692,LAS CEIBAS AGROPE. CALLEJON,80669,1,Mecanizado Verde,CC01-1940,SI,BONUS 250 EC REGULADOR FISIOLÓGICO,0.8,7.0,11.9,2,10.9,3.4,11.0,6,201606,149,202,3,6.4,Medio,Bajo
2693,LAS CEIBAS AGROPE. CALLEJON,80669,1,Mecanizado Verde,CC01-1940,SI,BONUS 250 EC REGULADOR FISIOLÓGICO,1.0,14.7,15.9,3,8.7,2.3,13.8,10,201710,144,136,3,3.5,Medio,Alto
2694,LAS CEIBAS AGROPE. CALLEJON,80669,1,Mecanizado Verde,CC01-1940,SI,BONUS 250 EC REGULADOR FISIOLÓGICO,1.0,5.6,12.1,5,8.7,2.2,12.6,10,201910,135,0,3,4.6,Medio,Medio
2695,LAS CEIBAS AGROPE. CALLEJON,80669,1,Mecanizado Verde,CC01-1940,SI,BONUS 250 EC REGULADOR FISIOLÓGICO,1.0,8.6,12.3,6,8.4,2.1,13.5,11,202011,122,0,3,2.6,Bajo,Alto
2697,LAS CEIBAS AGROPE. CALLEJON,80669,3,Mecanizado Verde,CC01-1940,SI,BONUS 250 EC REGULADOR FISIOLÓGICO,1.0,5.3,12.1,5,8.8,2.0,12.9,10,201910,141,0,3,4.6,Medio,Medio
2698,LAS CEIBAS AGROPE. CALLEJON,80669,3,Mecanizado Verde,CC01-1940,SI,BONUS 250 EC REGULADOR FISIOLÓGICO,1.0,8.1,12.3,6,9.4,2.3,13.7,11,202011,134,33,3,2.6,Medio,Alto
2699,LAS CEIBAS AGROPE. CALLEJON,80669,4,Mecanizado Verde,CC01-1940,SI,BONUS 250 EC REGULADOR FISIOLÓGICO,0.8,6.7,11.8,3,11.1,2.8,11.6,6,201606,151,236,3,8.5,Medio,Bajo
2700,LAS CEIBAS AGROPE. CALLEJON,80669,4,Mecanizado Verde,CC01-1940,SI,BONUS 250 EC REGULADOR FISIOLÓGICO,1.0,14.6,16.0,4,7.2,2.9,14.6,10,201710,136,136,3,2.2,Medio,Alto
2701,LAS CEIBAS AGROPE. CALLEJON,80669,4,Mecanizado Verde,CC01-1940,SI,BONUS 250 EC REGULADOR FISIOLÓGICO,1.0,5.4,12.1,6,7.9,2.2,12.7,10,201910,139,0,3,4.6,Medio,Medio
2702,LAS CEIBAS AGROPE. CALLEJON,80669,4,Mecanizado Verde,CC01-1940,SI,BONUS 250 EC REGULADOR FISIOLÓGICO,1.0,8.1,12.3,7,8.9,2.4,13.8,11,202011,140,33,3,2.6,Medio,Alto
2707,LAS MERCEDES ORTEGA,80318,1,Mecanizado Verde,CC01-1940,SI,BONUS 250 EC REGULADOR FISIOLÓGICO,1.0,9.6,13.6,1,8.0,3.1,12.6,3,201703,170,41,3,10.2,Alto,Medio
2708,LAS MERCEDES ORTEGA,80318,1,Mecanizado Verde,CC01-1940,SI,BONUS 250 EC REGULADOR FISIOLÓGICO,1.2,11.1,14.2,2,10.7,2.7,11.7,6,201806,172,0,3,20.5,Alto,Bajo
2709,LAS MERCEDES ORTEGA,80318,1,Mecanizado Verde,CC01-1940,SI,BONUS 250 EC REGULADOR FISIOLÓGICO,1.0,9.1,12.9,3,10.0,2.2,11.8,6,201906,132,0,3,21.6,Bajo,Bajo
2712,LAS MERCEDES ORTEGA,80318,2,Mecanizado Verde,CC01-1940,SI,BONUS 250 EC REGULADOR FISIOLÓGICO,1.0,9.7,13.7,1,8.9,2.8,12.0,3,201703,148,41,3,10.2,Medio,Bajo
2713,LAS MERCEDES ORTEGA,80318,2,Mecanizado Verde,CC01-1940,SI,BONUS 250 EC REGULADOR FISIOLÓGICO,1.2,10.1,13.9,2,11.9,2.7,12.5,5,201805,156,0,3,20.5,Alto,Medio
2714,LAS MERCEDES ORTEGA,80318,2,Mecanizado Verde,CC01-1940,SI,BONUS 250 EC REGULADOR FISIOLÓGICO,1.0,8.0,12.8,3,11.2,2.3,10.8,6,201906,125,0,3,21.6,Bajo,Bajo
2717,LOS RANCHOS ORTEGA,81429,1,Mecanizado Verde,CC01-1940,SI,BONUS 250 EC REGULADOR FISIOLÓGICO,0.8,10.0,14.2,1,9.1,2.1,12.8,3,202003,158,0,3,2.7,Alto,Medio
2718,LOS SAMANES,82516,1,Mecanizado Verde,CC01-1940,SI,BONUS 250 EC REGULADOR FISIOLÓGICO,0.8,3.6,11.3,5,7.9,16.4,11.8,9,202009,88,28,2,4.1,Bajo,Bajo
2719,LOTE ARZAYUZ DIEGO DORRONSORO,80170,24,Mecanizado Verde,CC01-1940,SI,BONUS 250 EC REGULADOR FISIOLÓGICO,1.2,13.0,15.1,2,10.2,1.9,12.3,10,201710,212,203,2,7.3,Alto,Bajo
2720,LOTE ARZAYUZ DIEGO DORRONSORO,80170,24,Mecanizado Verde,CC01-1940,SI,BONUS 250 EC REGULADOR FISIOLÓGICO,1.4,8.9,12.1,3,5.3,2.1,13.4,10,201810,146,123,2,6.2,Medio,Alto
2721,LOTE ARZAYUZ DIEGO DORRONSORO,80170,24,Mecanizado Verde,CC01-1940,SI,BONUS 250 EC REGULADOR FISIOLÓGICO,1.2,6.6,11.6,4,10.1,1.6,13.3,10,201910,151,83,2,2.6,Medio,Alto
2722,LOTE ARZAYUZ DIEGO DORRONSORO,80170,24,Mecanizado Verde,CC01-1940,SI,BONUS 250 EC REGULADOR FISIOLÓGICO,0.8,10.1,12.4,5,8.3,1.5,13.8,10,202010,143,164,2,4.5,Medio,Alto
2724,LOTE ARZAYUZ DIEGO DORRONSORO,80170,025B,Mecanizado Verde,CC01-1940,SI,BONUS 250 EC REGULADOR FISIOLÓGICO,0.5,7.6,13.4,1,10.8,2.9,13.5,10,201910,170,78,2,2.6,Alto,Alto
2725,LOTE ARZAYUZ DIEGO DORRONSORO,80170,025B,Mecanizado Verde,CC01-1940,SI,BONUS 250 EC REGULADOR FISIOLÓGICO,0.8,10.4,12.5,2,10.6,2.4,13.0,10,202010,182,164,2,4.5,Alto,Medio
2726,LOTE ARZAYUZ DIEGO DORRONSORO,80170,26,Mecanizado Verde,CC01-1940,SI,BONUS 250 EC REGULADOR FISIOLÓGICO,1.2,4.4,12.1,1,8.4,2.2,13.4,4,201904,172,133,2,4.5,Alto,Alto
2727,LOTE ARZAYUZ DIEGO DORRONSORO,80170,26,Mecanizado Verde,CC01-1940,SI,BONUS 250 EC REGULADOR FISIOLÓGICO,1.0,8.3,11.8,2,8.6,1.8,14.1,4,202004,140,56,2,3.0,Medio,Alto
2731,LOTE ARZAYUZ DIEGO DORRONSORO,80170,026A,Mecanizado Verde,CC01-1940,SI,BONUS 250 EC REGULADOR FISIOLÓGICO,1.0,5.4,12.0,2,8.4,3.3,12.4,7,201507,144,57,2,5.6,Medio,Bajo
2732,LOTE ARZAYUZ DIEGO DORRONSORO,80170,026A,Mecanizado Verde,CC01-1940,SI,BONUS 250 EC REGULADOR FISIOLÓGICO,1.2,13.1,14.1,4,11.3,2.0,12.4,10,201710,162,135,2,4.9,Alto,Bajo
2733,LOTE ARZAYUZ DIEGO DORRONSORO,80170,026A,Mecanizado Verde,CC01-1940,SI,BONUS 250 EC REGULADOR FISIOLÓGICO,1.4,9.0,12.1,5,7.0,2.2,14.0,10,201810,146,123,2,6.2,Medio,Alto
2734,LOTE ARZAYUZ DIEGO DORRONSORO,80170,026A,Mecanizado Verde,CC01-1940,SI,BONUS 250 EC REGULADOR FISIOLÓGICO,1.2,6.7,11.6,6,10.6,2.2,12.6,10,201910,139,91,2,2.6,Medio,Medio
2735,LOTE ARZAYUZ DIEGO DORRONSORO,80170,026A,Mecanizado Verde,CC01-1940,SI,BONUS 250 EC REGULADOR FISIOLÓGICO,0.8,10.3,12.4,7,9.7,1.7,13.0,10,202010,141,164,2,4.5,Medio,Medio
2736,LOTE ARZAYUZ DIEGO DORRONSORO,80170,27,Mecanizado Verde,CC01-1940,SI,BONUS 250 EC REGULADOR FISIOLÓGICO,1.2,17.1,14.0,1,9.8,2.2,12.5,3,201703,191,377,2,1.1,Alto,Medio
2737,LOTE ARZAYUZ DIEGO DORRONSORO,80170,27,Mecanizado Verde,CC01-1940,SI,BONUS 250 EC REGULADOR FISIOLÓGICO,1.4,8.9,12.9,2,10.7,2.0,11.9,4,201804,170,156,2,2.5,Alto,Bajo
2738,LOTE ARZAYUZ DIEGO DORRONSORO,80170,27,Mecanizado Verde,CC01-1940,SI,BONUS 250 EC REGULADOR FISIOLÓGICO,1.2,6.6,11.6,3,10.7,1.6,12.4,4,201904,160,114,2,2.8,Alto,Bajo
2739,LOTE ARZAYUZ DIEGO DORRONSORO,80170,27,Mecanizado Verde,CC01-1940,SI,BONUS 250 EC REGULADOR FISIOLÓGICO,1.0,8.0,11.8,4,8.9,1.8,13.6,4,202004,131,56,2,3.0,Bajo,Alto
2744,LOTE SAA,80195,1,Mecanizado Verde,CC01-1940,SI,BONUS 250 EC REGULADOR FISIOLÓGICO,1.7,21.3,16.3,1,10.1,1.9,12.9,10,201710,164,504,2,4.4,Alto,Medio
2745,LOTE SAA,80195,1,Mecanizado Verde,CC01-1940,SI,BONUS 250 EC REGULADOR FISIOLÓGICO,1.3,11.6,12.9,2,7.7,2.0,14.8,11,201811,145,139,2,4.4,Medio,Alto
2746,LOTE SAA,80195,1,Mecanizado Verde,CC01-1940,SI,BONUS 250 EC REGULADOR FISIOLÓGICO,1.0,7.4,11.7,3,9.6,1.0,13.0,10,201910,134,338,2,4.4,Medio,Medio
2747,LOTE SAA,80195,1,Mecanizado Verde,CC01-1940,SI,BONUS 250 EC REGULADOR FISIOLÓGICO,1.0,12.1,13.1,4,8.7,1.0,14.4,12,202012,117,244,2,4.4,Bajo,Alto
2756,LUISIANA,80458,1,Mecanizado Verde,CC01-1940,SI,BONUS 250 EC REGULADOR FISIOLÓGICO,1.0,5.0,13.5,3,11.4,1.7,12.3,5,201805,158,0,3,5.0,Alto,Bajo
2757,LUISIANA,80458,2,Mecanizado Verde,CC01-1940,SI,BONUS 250 EC REGULADOR FISIOLÓGICO,1.0,7.7,14.0,3,9.2,1.9,12.1,5,201805,149,0,3,5.0,Medio,Bajo
2758,LUISIANA,80458,2,Mecanizado Verde,CC01-1940,SI,BONUS 250 EC REGULADOR FISIOLÓGICO,0.8,11.0,12.5,4,10.8,2.5,12.2,5,201905,147,0,3,3.2,Medio,Bajo
2759,LUISIANA,80458,2,Mecanizado Verde,CC01-1940,SI,BONUS 250 EC REGULADOR FISIOLÓGICO,0.8,3.6,12.0,5,10.0,3.5,12.9,5,202005,130,0,3,2.4,Bajo,Medio
2763,MALABAR,81467,2,Mecanizado Verde,CC01-1940,SI,BONUS 250 EC REGULADOR FISIOLÓGICO,1.0,14.0,14.3,4,7.0,3.6,13.0,5,201905,99,0,3,2.6,Bajo,Medio
2764,MALABAR,81467,2,Mecanizado Verde,CC01-1940,SI,BONUS 250 EC REGULADOR FISIOLÓGICO,0.8,7.3,13.6,5,8.8,12.2,12.3,6,202006,119,59,3,1.6,Bajo,Bajo
2765,MALABAR,81467,3,Mecanizado Verde,CC01-1940,SI,BONUS 250 EC REGULADOR FISIOLÓGICO,1.0,13.7,14.2,1,10.4,3.7,12.7,5,201905,73,0,3,2.6,Bajo,Medio
2766,MALABAR,81467,3,Mecanizado Verde,CC01-1940,SI,BONUS 250 EC REGULADOR FISIOLÓGICO,0.8,7.0,13.6,2,11.4,4.3,11.3,6,202006,110,59,3,1.6,Bajo,Bajo
2767,MALABAR,81467,4,Mecanizado Verde,CC01-1940,SI,BONUS 250 EC REGULADOR FISIOLÓGICO,1.0,14.4,14.4,4,9.4,3.4,13.3,5,201905,101,0,3,3.0,Bajo,Alto
2768,MALABAR,81467,4,Mecanizado Verde,CC01-1940,SI,BONUS 250 EC REGULADOR FISIOLÓGICO,0.8,6.7,13.4,5,9.9,6.8,11.3,6,202006,112,59,3,1.6,Bajo,Bajo
2769,MALABAR,81467,5,Mecanizado Verde,CC01-1940,SI,BONUS 250 EC REGULADOR FISIOLÓGICO,1.0,13.1,13.3,4,7.1,3.2,13.3,8,201908,94,0,3,2.6,Bajo,Alto
2770,MALABAR,81467,5,Mecanizado Verde,CC01-1940,SI,BONUS 250 EC REGULADOR FISIOLÓGICO,0.8,12.6,13.2,5,9.5,3.6,12.8,9,202009,119,134,3,2.5,Bajo,Medio
2771,MALABAR,81467,005A,Mecanizado Verde,CC01-1940,SI,BONUS 250 EC REGULADOR FISIOLÓGICO,0.8,7.1,13.5,5,7.9,5.5,12.0,6,202006,130,59,3,1.6,Bajo,Bajo
2772,MALABAR,81467,8,Mecanizado Verde,CC01-1940,SI,BONUS 250 EC REGULADOR FISIOLÓGICO,1.0,12.7,14.9,4,11.6,4.3,12.9,1,202001,89,0,3,1.6,Bajo,Medio
2773,MALABAR,81467,010A,Mecanizado Verde,CC01-1940,SI,BONUS 250 EC REGULADOR FISIOLÓGICO,1.0,13.0,14.9,4,10.6,3.7,12.4,1,202001,95,0,3,1.5,Bajo,Bajo
2774,MALAGANA 2,80468,7,Mecanizado Verde,CC01-1940,SI,BONUS 250 EC REGULADOR FISIOLÓGICO,1.3,7.9,12.4,1,5.7,1.8,13.1,8,201808,151,136,3,1.2,Medio,Medio
2775,MALAGANA 2,80468,8,Mecanizado Verde,CC01-1940,SI,BONUS 250 EC REGULADOR FISIOLÓGICO,1.3,7.7,12.4,1,10.3,2.5,12.7,8,201808,161,136,3,4.6,Alto,Medio
2776,MALAGANA 2,80468,9,Mecanizado Verde,CC01-1940,SI,BONUS 250 EC REGULADOR FISIOLÓGICO,1.3,7.9,12.4,1,9.2,2.7,12.8,8,201808,152,136,3,4.6,Medio,Medio
2777,MALAGANA 2,80468,009C,Mecanizado Verde,CC01-1940,SI,BONUS 250 EC REGULADOR FISIOLÓGICO,1.3,7.9,12.4,1,6.8,20.5,12.7,8,201808,192,136,3,4.6,Alto,Medio
2778,MALAGANA MARTHA,80172,1,Mecanizado Verde,CC01-1940,SI,BONUS 250 EC REGULADOR FISIOLÓGICO,1.2,10.9,13.5,1,8.6,2.4,13.0,4,201904,183,246,2,2.5,Alto,Medio
2779,MALAGANA MARTHA,80172,1,Mecanizado Verde,CC01-1940,SI,BONUS 250 EC REGULADOR FISIOLÓGICO,1.2,6.3,11.4,2,9.6,2.7,12.4,4,202004,146,53,2,4.4,Medio,Bajo
2781,MALAGANA MARTHA,80172,2,Mecanizado Verde,CC01-1940,SI,BONUS 250 EC REGULADOR FISIOLÓGICO,1.2,11.0,13.6,1,9.8,2.2,12.2,4,201904,174,246,2,1.9,Alto,Bajo
2783,MALAGANA MARTHA,80172,4,Mecanizado Verde,CC01-1940,SI,BONUS 250 EC REGULADOR FISIOLÓGICO,1.2,10.7,13.4,1,9.6,2.3,11.4,4,201904,207,246,2,2.5,Alto,Bajo
2784,MALAGANA MARTHA,80172,4,Mecanizado Verde,CC01-1940,SI,BONUS 250 EC REGULADOR FISIOLÓGICO,1.2,5.9,11.3,2,10.5,3.2,10.6,4,202004,147,35,2,4.4,Medio,Bajo
2786,MALAGANA MARTHA,80172,6,Mecanizado Verde,CC01-1940,SI,BONUS 250 EC REGULADOR FISIOLÓGICO,1.2,11.0,13.5,1,10.4,6.1,12.8,4,201904,165,246,2,2.5,Alto,Medio
2787,MALAGANA MARTHA,80172,6,Mecanizado Verde,CC01-1940,SI,BONUS 250 EC REGULADOR FISIOLÓGICO,1.2,6.1,11.3,2,9.1,2.1,11.4,4,202004,126,35,2,4.4,Bajo,Bajo
2789,MALIBU,80164,4,Mecanizado Verde,CC01-1940,SI,BONUS 250 EC REGULADOR FISIOLÓGICO,0.8,8.7,13.0,1,9.2,3.1,12.5,5,202005,163,126,2,3.0,Alto,Medio
2799,MARIA CLAUDIA,80218,2,Mecanizado Verde,CC01-1940,SI,BONUS 250 EC REGULADOR FISIOLÓGICO,0.8,8.0,12.4,2,8.5,2.7,13.3,12,201512,146,157,2,6.8,Medio,Alto
2800,MARIA CLAUDIA,80218,2,Mecanizado Verde,CC01-1940,SI,BONUS 250 EC REGULADOR FISIOLÓGICO,0.8,9.3,11.7,5,10.2,2.4,12.7,4,201904,112,147,2,2.9,Bajo,Medio
2801,MARSELLA,80114,501,Mecanizado Verde,CC01-1940,SI,BONUS 250 EC REGULADOR FISIOLÓGICO,1.2,5.3,12.1,3,6.6,2.7,12.1,12,201612,157,240,1,6.4,Alto,Bajo
2802,MARSELLA,80114,501,Mecanizado Verde,CC01-1940,SI,BONUS 250 EC REGULADOR FISIOLÓGICO,1.3,8.4,11.7,5,8.6,3.0,13.6,1,201901,153,69,1,3.6,Medio,Alto
2805,MARSELLA,80114,502,Mecanizado Verde,CC01-1940,SI,BONUS 250 EC REGULADOR FISIOLÓGICO,1.2,6.7,11.4,2,12.4,5.8,12.9,4,202004,112,95,1,5.1,Bajo,Medio
2806,MARSELLA,80114,502A,Mecanizado Verde,CC01-1940,SI,BONUS 250 EC REGULADOR FISIOLÓGICO,1.2,4.9,12.6,1,9.6,2.4,12.0,4,201904,126,181,1,4.2,Bajo,Bajo
2807,MARSELLA,80114,505A,Mecanizado Verde,CC01-1940,SI,BONUS 250 EC REGULADOR FISIOLÓGICO,0.8,12.3,13.0,4,9.4,3.1,13.7,11,202011,145,111,1,2.4,Medio,Alto
2808,MARSELLA,80114,505C,Mecanizado Verde,CC01-1940,SI,BONUS 250 EC REGULADOR FISIOLÓGICO,1.2,13.1,14.8,1,6.3,3.1,12.9,10,201710,162,198,1,5.4,Alto,Medio
2809,MARSELLA,80114,505C,Mecanizado Verde,CC01-1940,SI,BONUS 250 EC REGULADOR FISIOLÓGICO,1.3,9.1,12.0,2,11.2,2.7,13.5,10,201810,155,132,1,3.5,Alto,Alto
2810,MARSELLA,80114,505C,Mecanizado Verde,CC01-1940,SI,BONUS 250 EC REGULADOR FISIOLÓGICO,1.2,6.3,11.8,3,11.3,2.5,12.7,10,201910,151,90,1,2.9,Medio,Medio
2811,MARSELLA,80114,506A,Mecanizado Verde,CC01-1940,SI,BONUS 250 EC REGULADOR FISIOLÓGICO,1.2,6.9,11.8,2,9.6,2.3,12.8,3,202003,167,30,1,2.4,Alto,Medio
2812,MARSELLA,80114,507,Mecanizado Verde,CC01-1940,SI,BONUS 250 EC REGULADOR FISIOLÓGICO,1.6,9.7,12.9,2,9.3,2.3,10.9,6,201706,188,431,1,4.6,Alto,Bajo
2813,MARSELLA,80114,507,Mecanizado Verde,CC01-1940,SI,BONUS 250 EC REGULADOR FISIOLÓGICO,1.5,5.0,11.5,3,10.6,2.0,12.0,5,201805,145,109,1,2.4,Medio,Bajo
2814,MARSELLA,80114,507,Mecanizado Verde,CC01-1940,SI,BONUS 250 EC REGULADOR FISIOLÓGICO,0.8,3.7,11.1,5,12.0,5.0,11.7,4,202004,144,93,1,3.3,Medio,Bajo
2815,MARSELLA,80114,507A,Mecanizado Verde,CC01-1940,SI,BONUS 250 EC REGULADOR FISIOLÓGICO,1.2,6.3,11.3,4,9.6,2.4,12.3,5,201905,158,115,1,4.1,Alto,Bajo
2816,MARSELLA,80114,508,Mecanizado Verde,CC01-1940,SI,BONUS 250 EC REGULADOR FISIOLÓGICO,1.2,13.3,14.8,1,7.8,7.0,11.9,10,201710,172,193,1,6.9,Alto,Bajo
2817,MARSELLA,80114,508,Mecanizado Verde,CC01-1940,SI,BONUS 250 EC REGULADOR FISIOLÓGICO,1.3,9.0,12.1,2,10.3,2.9,13.4,10,201810,138,135,1,3.6,Medio,Alto
2818,MARSELLA,80114,508,Mecanizado Verde,CC01-1940,SI,BONUS 250 EC REGULADOR FISIOLÓGICO,1.2,9.3,12.3,3,10.5,2.4,12.8,10,201910,144,159,1,4.4,Medio,Medio
2819,MARSELLA,80114,508,Mecanizado Verde,CC01-1940,SI,BONUS 250 EC REGULADOR FISIOLÓGICO,1.0,10.0,12.4,4,9.9,2.1,12.7,11,202011,133,87,1,2.4,Bajo,Medio
2823,MARSELLA,80114,513,Mecanizado Verde,CC01-1940,SI,BONUS 250 EC REGULADOR FISIOLÓGICO,0.8,10.9,12.1,3,9.5,2.3,12.9,9,202009,157,45,1,6.0,Alto,Medio
2824,MARSELLA,80114,514,Mecanizado Verde,CC01-1940,SI,BONUS 250 EC REGULADOR FISIOLÓGICO,1.0,10.6,12.6,3,8.1,2.0,13.8,9,201909,167,46,1,3.1,Alto,Alto
2825,MARSELLA,80114,514,Mecanizado Verde,CC01-1940,SI,BONUS 250 EC REGULADOR FISIOLÓGICO,0.8,8.7,12.0,4,11.1,2.7,12.4,9,202009,138,45,1,6.0,Medio,Bajo
2826,MARSELLA,80114,514Z,Mecanizado Verde,CC01-1940,SI,BONUS 250 EC REGULADOR FISIOLÓGICO,1.5,10.6,12.8,2,10.9,29.9,13.6,8,201808,168,147,1,3.0,Alto,Alto
2827,MARSELLA,80114,515,Mecanizado Verde,CC01-1940,SI,BONUS 250 EC REGULADOR FISIOLÓGICO,1.2,9.3,12.5,3,4.9,2.9,13.0,10,201610,174,267,1,6.7,Alto,Medio
2828,MARSELLA,80114,515,Mecanizado Verde,CC01-1940,SI,BONUS 250 EC REGULADOR FISIOLÓGICO,1.5,8.0,11.8,5,8.8,7.1,13.6,2,201902,165,14,1,2.0,Alto,Alto
2829,MARSELLA,80114,515,Mecanizado Verde,CC01-1940,SI,BONUS 250 EC REGULADOR FISIOLÓGICO,1.2,9.3,12.7,6,7.2,2.6,13.6,3,202003,149,56,1,3.1,Medio,Alto
2830,MARSELLA,80114,517B,Mecanizado Verde,CC01-1940,SI,BONUS 250 EC REGULADOR FISIOLÓGICO,1.0,10.7,13.0,2,9.2,1.4,14.7,9,201909,153,103,1,2.4,Medio,Alto
2831,MARSELLA,80114,517B,Mecanizado Verde,CC01-1940,SI,BONUS 250 EC REGULADOR FISIOLÓGICO,0.8,11.0,12.5,3,8.8,2.0,13.0,9,202009,155,51,1,6.0,Alto,Medio
2832,MARSELLA,80114,517C,Mecanizado Verde,CC01-1940,SI,BONUS 250 EC REGULADOR FISIOLÓGICO,1.0,8.1,12.0,3,8.2,1.5,13.9,11,201511,151,115,1,5.4,Medio,Alto
2833,MARSELLA,80114,517C,Mecanizado Verde,CC01-1940,SI,BONUS 250 EC REGULADOR FISIOLÓGICO,1.0,6.9,12.3,4,8.3,3.5,11.8,12,201612,148,238,1,6.0,Medio,Bajo
2834,MARSELLA,80114,517C,Mecanizado Verde,CC01-1940,SI,BONUS 250 EC REGULADOR FISIOLÓGICO,1.2,7.0,11.8,6,8.0,2.6,13.1,3,201903,114,46,1,4.6,Bajo,Medio
2835,MARSELLA,80114,518,Mecanizado Verde,CC01-1940,SI,BONUS 250 EC REGULADOR FISIOLÓGICO,1.2,9.3,12.2,2,8.5,2.2,13.7,3,202003,183,36,1,3.1,Alto,Alto
2836,MARSELLA,80114,518A,Mecanizado Verde,CC01-1940,SI,BONUS 250 EC REGULADOR FISIOLÓGICO,1.2,7.1,11.7,5,11.9,15.0,12.9,4,202004,145,94,1,6.0,Medio,Medio
2837,MARSELLA,80114,519,Mecanizado Verde,CC01-1940,SI,BONUS 250 EC REGULADOR FISIOLÓGICO,1.0,9.4,12.3,3,9.2,2.1,12.9,11,202011,175,113,1,2.4,Alto,Medio
2838,MARSELLA,80114,520A,Mecanizado Verde,CC01-1940,SI,BONUS 250 EC REGULADOR FISIOLÓGICO,1.5,5.4,10.9,6,7.5,2.1,12.4,6,201806,107,85,1,3.8,Bajo,Bajo
2839,MARSELLA,80114,520A,Mecanizado Verde,CC01-1940,SI,BONUS 250 EC REGULADOR FISIOLÓGICO,0.8,7.0,11.9,8,11.2,19.8,12.6,6,202006,109,53,1,6.0,Bajo,Medio
2840,MARSELLA,80114,521,Mecanizado Verde,CC01-1940,SI,BONUS 250 EC REGULADOR FISIOLÓGICO,0.8,6.7,11.9,5,11.4,2.2,12.9,6,202006,145,51,1,6.0,Medio,Medio
2841,MARSELLA,80114,521A,Mecanizado Verde,CC01-1940,SI,BONUS 250 EC REGULADOR FISIOLÓGICO,1.6,9.9,12.4,5,9.5,2.2,11.5,6,201706,159,262,1,6.5,Alto,Bajo
2842,MARSELLA,80114,521A,Mecanizado Verde,CC01-1940,SI,BONUS 250 EC REGULADOR FISIOLÓGICO,1.5,5.3,11.5,6,9.3,1.9,12.3,6,201806,135,113,1,5.4,Medio,Bajo
2843,MARSELLA,80114,521B,Mecanizado Verde,CC01-1940,SI,BONUS 250 EC REGULADOR FISIOLÓGICO,1.6,9.9,12.5,2,11.9,2.4,11.7,6,201706,166,268,1,6.3,Alto,Bajo
2844,MARSELLA,80114,521B,Mecanizado Verde,CC01-1940,SI,BONUS 250 EC REGULADOR FISIOLÓGICO,1.5,5.4,11.5,3,7.1,2.3,12.6,6,201806,133,113,1,5.8,Bajo,Medio
2845,MARSELLA,80114,522B,Mecanizado Verde,CC01-1940,SI,BONUS 250 EC REGULADOR FISIOLÓGICO,0.8,6.6,11.8,6,10.3,7.2,12.9,5,202005,140,54,1,6.0,Medio,Medio
2846,MARSELLA,80114,522B,Mecanizado Verde,CC01-1940,SI,BONUS 250 EC REGULADOR FISIOLÓGICO,1.7,8.7,13.9,1,8.1,2.8,12.7,3,201803,156,251,1,3.1,Alto,Medio
2848,MARSELLA,80114,522C,Mecanizado Verde,CC01-1940,SI,BONUS 250 EC REGULADOR FISIOLÓGICO,1.6,10.0,12.5,3,12.3,2.7,11.5,6,201706,167,336,1,7.8,Alto,Bajo
2849,MARSELLA,80114,522C,Mecanizado Verde,CC01-1940,SI,BONUS 250 EC REGULADOR FISIOLÓGICO,1.5,5.1,11.4,4,8.3,1.8,12.2,5,201805,128,109,1,5.4,Bajo,Bajo
2856,MARSELLA,80114,601,Mecanizado Verde,CC01-1940,SI,BONUS 250 EC REGULADOR FISIOLÓGICO,1.2,6.6,11.6,2,8.5,2.8,13.8,3,202003,154,30,1,2.9,Alto,Alto
2857,MARSELLA,80114,601A,Mecanizado Verde,CC01-1940,SI,BONUS 250 EC REGULADOR FISIOLÓGICO,1.2,12.9,12.9,2,5.9,1.8,13.1,9,201909,118,88,1,2.4,Bajo,Medio
2858,MARSELLA,80114,601A,Mecanizado Verde,CC01-1940,SI,BONUS 250 EC REGULADOR FISIOLÓGICO,0.8,10.7,12.4,3,8.4,2.1,15.1,9,202009,101,45,1,6.0,Bajo,Alto
2865,MARSELLA,80114,608,Mecanizado Verde,CC01-1940,SI,BONUS 250 EC REGULADOR FISIOLÓGICO,1.4,5.6,14.4,2,10.2,3.0,12.5,11,201711,186,181,1,6.9,Alto,Medio
2866,MARSELLA,80114,608,Mecanizado Verde,CC01-1940,SI,BONUS 250 EC REGULADOR FISIOLÓGICO,1.2,8.1,11.7,3,10.4,6.1,12.9,11,201811,162,141,1,4.6,Alto,Medio
2871,MILAN JOSE IGNACIO,81148,4,Mecanizado Verde,CC01-1940,SI,BONUS 250 EC REGULADOR FISIOLÓGICO,1.0,5.7,12.1,2,5.9,2.5,14.0,9,201509,153,0,3,4.4,Medio,Alto
2872,MILAN JOSE IGNACIO,81148,4,Mecanizado Verde,CC01-1940,SI,BONUS 250 EC REGULADOR FISIOLÓGICO,0.8,9.4,11.7,5,6.9,2.8,13.5,10,201810,110,0,3,2.1,Bajo,Alto
2873,MILAN JOSE IGNACIO,81148,4,Mecanizado Verde,CC01-1940,SI,BONUS 250 EC REGULADOR FISIOLÓGICO,0.6,12.4,11.6,6,10.1,2.5,13.3,10,201910,149,0,3,2.5,Medio,Alto
2874,MILAN JOSE IGNACIO,81148,4,Mecanizado Verde,CC01-1940,SI,BONUS 250 EC REGULADOR FISIOLÓGICO,0.8,13.1,11.4,7,7.9,2.0,13.0,9,202009,131,14,3,4.4,Bajo,Medio
2883,MILAN-TENORIO,81143,3,Mecanizado Verde,CC01-1940,SI,BONUS 250 EC REGULADOR FISIOLÓGICO,1.0,7.6,11.9,2,10.4,2.3,12.5,4,201604,186,198,3,7.6,Alto,Medio
2884,MILAN-TENORIO,81143,3,Mecanizado Verde,CC01-1940,SI,BONUS 250 EC REGULADOR FISIOLÓGICO,1.0,6.3,11.8,4,8.0,4.5,12.4,6,201806,137,145,3,2.9,Medio,Bajo
2885,MILAN-TENORIO,81143,3,Mecanizado Verde,CC01-1940,SI,BONUS 250 EC REGULADOR FISIOLÓGICO,0.8,10.0,12.8,5,9.8,2.3,12.8,7,201907,162,0,3,2.7,Alto,Medio
2886,MILAN-TENORIO,81143,3,Mecanizado Verde,CC01-1940,SI,BONUS 250 EC REGULADOR FISIOLÓGICO,0.8,8.7,11.7,6,9.0,2.5,13.4,6,202006,145,18,3,2.1,Medio,Alto
2887,MILAN-TENORIO,81143,4,Mecanizado Verde,CC01-1940,SI,BONUS 250 EC REGULADOR FISIOLÓGICO,0.8,8.9,11.9,2,10.0,2.0,12.1,7,202007,169,18,3,2.1,Alto,Bajo
2888,MILAN-TENORIO,81143,5,Mecanizado Verde,CC01-1940,SI,BONUS 250 EC REGULADOR FISIOLÓGICO,0.8,4.3,12.1,4,11.8,2.2,12.9,11,201811,169,0,3,3.1,Alto,Medio
2889,MILAN-TENORIO,81143,5,Mecanizado Verde,CC01-1940,SI,BONUS 250 EC REGULADOR FISIOLÓGICO,1.0,8.7,12.5,5,7.9,2.2,13.0,12,201912,164,0,3,1.1,Alto,Medio
2890,MILAN-TENORIO,81143,5,Mecanizado Verde,CC01-1940,SI,BONUS 250 EC REGULADOR FISIOLÓGICO,0.8,6.6,11.9,6,9.4,1.6,12.7,12,202012,151,0,3,2.6,Medio,Medio
2894,MILAN-TENORIO,81143,8,Mecanizado Verde,CC01-1940,SI,BONUS 250 EC REGULADOR FISIOLÓGICO,1.0,13.4,14.2,1,8.3,4.3,12.5,6,201906,177,0,3,2.8,Alto,Medio
2895,MILAN-TENORIO,81143,8,Mecanizado Verde,CC01-1940,SI,BONUS 250 EC REGULADOR FISIOLÓGICO,0.8,6.0,11.5,2,8.8,2.4,12.0,6,202006,166,21,3,2.1,Alto,Bajo
2896,MILAN-TENORIO,81143,9,Mecanizado Verde,CC01-1940,SI,BONUS 250 EC REGULADOR FISIOLÓGICO,1.0,13.1,14.3,1,8.7,2.2,12.3,6,201906,171,0,3,2.7,Alto,Bajo
2897,MILAN-TENORIO,81143,9,Mecanizado Verde,CC01-1940,SI,BONUS 250 EC REGULADOR FISIOLÓGICO,0.8,5.7,11.5,2,9.9,2.7,11.8,6,202006,163,21,3,2.1,Alto,Bajo
2898,MILAN-TENORIO,81143,12,Mecanizado Verde,CC01-1940,SI,BONUS 250 EC REGULADOR FISIOLÓGICO,1.0,10.1,12.8,3,9.6,2.2,11.8,6,201606,181,430,3,7.6,Alto,Bajo
2899,MILAN-TENORIO,81143,12,Mecanizado Verde,CC01-1940,SI,BONUS 250 EC REGULADOR FISIOLÓGICO,1.2,9.3,12.0,5,7.8,4.6,13.4,9,201809,150,85,3,2.5,Medio,Alto
2900,MILAN-TENORIO,81143,12,Mecanizado Verde,CC01-1940,SI,BONUS 250 EC REGULADOR FISIOLÓGICO,1.0,7.0,11.3,6,8.2,2.5,13.3,9,201909,157,0,3,2.7,Alto,Alto
2901,MILAN-TENORIO,81143,12,Mecanizado Verde,CC01-1940,SI,BONUS 250 EC REGULADOR FISIOLÓGICO,0.8,9.1,12.1,7,7.9,1.7,13.0,9,202009,151,74,3,2.8,Medio,Medio
2902,MILAN-TENORIO,81143,14,Mecanizado Verde,CC01-1940,SI,BONUS 250 EC REGULADOR FISIOLÓGICO,0.8,9.6,12.1,5,7.8,2.7,12.6,10,201810,176,85,3,2.8,Alto,Medio
2903,MILAN-TENORIO,81143,15,Mecanizado Verde,CC01-1940,SI,BONUS 250 EC REGULADOR FISIOLÓGICO,1.0,9.6,13.3,1,7.5,2.0,13.6,9,201909,158,0,3,2.7,Alto,Alto
2904,MILAN-TENORIO,81143,15,Mecanizado Verde,CC01-1940,SI,BONUS 250 EC REGULADOR FISIOLÓGICO,0.8,9.3,12.3,2,8.5,2.0,13.6,9,202009,154,74,3,3.8,Alto,Alto
2907,MILAN-TENORIO,81143,16,Mecanizado Verde,CC01-1940,SI,BONUS 250 EC REGULADOR FISIOLÓGICO,1.0,9.7,12.8,1,7.8,2.2,13.8,9,201909,152,0,3,2.7,Medio,Alto
2908,MILAN-TENORIO,81143,16,Mecanizado Verde,CC01-1940,SI,BONUS 250 EC REGULADOR FISIOLÓGICO,0.8,9.6,12.3,2,8.4,1.8,12.4,9,202009,145,79,3,3.3,Medio,Bajo
2913,MIRRINAQUE ,80275,19,Mecanizado Verde,CC01-1940,SI,BONUS 250 EC REGULADOR FISIOLÓGICO,0.8,10.9,13.3,2,8.5,2.9,13.0,1,202101,163,238,2,4.4,Alto,Medio
2915,MOCOA,81485,10,Mecanizado Verde,CC01-1940,SI,BONUS 250 EC REGULADOR FISIOLÓGICO,0.8,10.0,12.5,1,7.7,16.9,12.2,8,201908,157,0,3,6.8,Alto,Bajo
2916,MOCOA,81485,10,Mecanizado Verde,CC01-1940,SI,BONUS 250 EC REGULADOR FISIOLÓGICO,0.5,10.4,12.9,2,9.0,2.6,12.9,9,202009,160,0,3,2.9,Alto,Medio
2917,MOCOA,81485,20,Mecanizado Verde,CC01-1940,SI,BONUS 250 EC REGULADOR FISIOLÓGICO,0.5,10.3,12.9,2,8.5,12.4,12.9,8,202008,159,0,3,2.9,Alto,Medio
2918,MOCOA,81485,30,Mecanizado Verde,CC01-1940,SI,BONUS 250 EC REGULADOR FISIOLÓGICO,0.8,9.3,14.2,1,8.5,3.2,12.3,8,201908,159,0,3,6.3,Alto,Bajo
2919,MOCOA,81485,30,Mecanizado Verde,CC01-1940,SI,BONUS 250 EC REGULADOR FISIOLÓGICO,0.5,7.7,12.4,2,8.1,3.0,13.2,8,202008,135,0,3,2.7,Medio,Alto
2920,MOCOA,81485,40,Mecanizado Verde,CC01-1940,SI,BONUS 250 EC REGULADOR FISIOLÓGICO,0.5,7.4,12.3,2,7.8,7.9,12.7,8,202008,123,0,3,3.2,Bajo,Medio
2921,MOCOA,81485,70,Mecanizado Verde,CC01-1940,SI,BONUS 250 EC REGULADOR FISIOLÓGICO,1.2,9.6,14.4,1,9.3,3.4,13.3,12,201912,214,0,3,3.2,Alto,Alto
2922,MOCOA,81485,70,Mecanizado Verde,CC01-1940,SI,BONUS 250 EC REGULADOR FISIOLÓGICO,0.8,9.9,12.7,2,10.0,1.8,13.6,1,202101,114,0,3,3.2,Bajo,Alto
2923,MOCOA,81485,070A,Mecanizado Verde,CC01-1940,SI,BONUS 250 EC REGULADOR FISIOLÓGICO,1.2,11.9,14.9,1,8.3,2.5,13.2,1,202001,81,0,3,6.3,Bajo,Alto
2924,MOCOA,81485,71,Mecanizado Verde,CC01-1940,SI,BONUS 250 EC REGULADOR FISIOLÓGICO,1.2,11.4,14.8,1,9.0,2.3,13.2,1,202001,83,0,3,6.3,Bajo,Alto
2926,MONSERRATE,80343,1,Mecanizado Verde,CC01-1940,SI,BONUS 250 EC REGULADOR FISIOLÓGICO,1.0,11.3,14.0,1,6.7,1.9,12.4,8,201808,153,406,3,7.8,Medio,Bajo
2928,MONSERRATE,80343,4,Mecanizado Verde,CC01-1940,SI,BONUS 250 EC REGULADOR FISIOLÓGICO,0.6,8.4,13.3,2,6.3,2.0,12.1,6,201806,127,480,3,7.8,Bajo,Bajo
2929,MONTE OSCURO INES,80295,001B,Mecanizado Verde,CC01-1940,SI,BONUS 250 EC REGULADOR FISIOLÓGICO,1.4,3.1,13.5,1,10.3,2.7,10.6,6,201706,194,506,2,1.6,Alto,Bajo
2930,MONTE OSCURO INES,80295,001B,Mecanizado Verde,CC01-1940,SI,BONUS 250 EC REGULADOR FISIOLÓGICO,1.7,7.7,11.9,2,8.8,3.1,12.5,6,201806,147,167,2,3.0,Medio,Medio
2931,MONTE OSCURO INES,80295,001B,Mecanizado Verde,CC01-1940,SI,BONUS 250 EC REGULADOR FISIOLÓGICO,1.4,7.6,12.0,3,11.1,2.7,12.7,6,201906,165,224,2,1.0,Alto,Medio
2932,MONTE OSCURO INES,80295,001B,Mecanizado Verde,CC01-1940,SI,BONUS 250 EC REGULADOR FISIOLÓGICO,0.8,5.9,11.4,4,8.0,2.8,12.7,6,202006,174,81,2,2.7,Alto,Medio
2933,MONTE OSCURO INES,80295,2,Mecanizado Verde,CC01-1940,SI,BONUS 250 EC REGULADOR FISIOLÓGICO,1.0,5.4,11.7,2,12.7,2.0,11.4,4,201604,146,119,2,12.4,Medio,Bajo
2934,MONTE OSCURO INES,80295,2,Mecanizado Verde,CC01-1940,SI,BONUS 250 EC REGULADOR FISIOLÓGICO,1.4,12.1,12.8,3,9.7,2.5,12.7,5,201705,128,439,2,2.5,Bajo,Medio
2935,MONTE OSCURO INES,80295,2,Mecanizado Verde,CC01-1940,SI,BONUS 250 EC REGULADOR FISIOLÓGICO,1.7,7.1,12.6,4,7.3,3.4,12.9,6,201806,128,291,2,3.0,Bajo,Medio
2936,MONTE OSCURO INES,80295,2,Mecanizado Verde,CC01-1940,SI,BONUS 250 EC REGULADOR FISIOLÓGICO,1.2,13.3,13.7,5,7.7,14.7,12.9,9,201909,154,169,2,1.0,Alto,Medio
2937,MONTE OSCURO INES,80295,002A,Mecanizado Verde,CC01-1940,SI,BONUS 250 EC REGULADOR FISIOLÓGICO,1.4,22.6,15.2,3,10.5,3.2,13.3,8,201708,134,524,2,2.0,Medio,Alto
2938,MONTE OSCURO INES,80295,002A,Mecanizado Verde,CC01-1940,SI,BONUS 250 EC REGULADOR FISIOLÓGICO,1.5,8.0,11.8,4,12.9,2.3,13.1,8,201808,141,63,2,3.0,Medio,Medio
2939,MONTE OSCURO INES,80295,002A,Mecanizado Verde,CC01-1940,SI,BONUS 250 EC REGULADOR FISIOLÓGICO,0.8,11.1,12.6,6,8.5,2.7,13.3,10,202010,137,125,2,3.2,Medio,Alto
2940,MONTE OSCURO.,80247,001A,Mecanizado Verde,CC01-1940,SI,BONUS 250 EC REGULADOR FISIOLÓGICO,1.4,15.6,14.9,1,10.5,2.8,13.4,6,201706,174,580,2,2.6,Alto,Alto
2941,MONTE OSCURO.,80247,001A,Mecanizado Verde,CC01-1940,SI,BONUS 250 EC REGULADOR FISIOLÓGICO,1.4,7.7,11.7,3,8.0,39.6,12.0,6,201906,170,190,2,5.5,Alto,Bajo
2942,MONTE OSCURO.,80247,001A,Mecanizado Verde,CC01-1940,SI,BONUS 250 EC REGULADOR FISIOLÓGICO,0.8,6.4,11.5,4,7.5,2.2,12.3,6,202006,180,81,2,3.6,Alto,Bajo
2947,MONTE OSCURO.,80247,3,Mecanizado Verde,CC01-1940,SI,BONUS 250 EC REGULADOR FISIOLÓGICO,1.5,7.9,11.8,3,9.3,3.7,13.3,8,201808,151,50,2,3.9,Medio,Alto
2948,MONTEOSCURO GUZMAN,80582,1,Mecanizado Verde,CC01-1940,SI,BONUS 250 EC REGULADOR FISIOLÓGICO,0.8,5.3,12.0,1,9.8,5.3,11.9,6,202006,138,0,3,2.4,Medio,Bajo
2949,MONTEOSCURO GUZMAN,80582,4,Mecanizado Verde,CC01-1940,SI,BONUS 250 EC REGULADOR FISIOLÓGICO,0.8,5.0,11.4,2,10.4,9.5,11.5,6,202006,166,0,3,2.4,Alto,Bajo
2950,MONTEOSCURO LOTE 1,80214,001C,Mecanizado Verde,CC01-1940,SI,BONUS 250 EC REGULADOR FISIOLÓGICO,1.2,8.7,13.5,1,10.3,2.7,11.3,6,201706,184,506,2,3.0,Alto,Bajo
2951,MONTEOSCURO LOTE 1,80214,001C,Mecanizado Verde,CC01-1940,SI,BONUS 250 EC REGULADOR FISIOLÓGICO,1.7,7.7,11.9,2,9.0,5.4,12.9,6,201806,155,167,2,2.9,Alto,Medio
2952,MONTEOSCURO LOTE 1,80214,001C,Mecanizado Verde,CC01-1940,SI,BONUS 250 EC REGULADOR FISIOLÓGICO,1.4,7.4,11.9,3,7.9,2.3,11.9,6,201906,171,224,2,2.9,Alto,Bajo
2953,MONTEOSCURO LOTE 1,80214,001C,Mecanizado Verde,CC01-1940,SI,BONUS 250 EC REGULADOR FISIOLÓGICO,0.8,5.7,11.4,4,13.0,2.2,12.7,6,202006,171,51,2,2.4,Alto,Medio
2954,MONTEOSCURO LOTE 1,80214,002B,Mecanizado Verde,CC01-1940,SI,BONUS 250 EC REGULADOR FISIOLÓGICO,0.8,8.6,12.0,6,7.9,2.0,13.0,9,202009,144,94,2,4.0,Medio,Medio
2955,MONTEOSCURO LOTE 1,80214,002C,Mecanizado Verde,CC01-1940,SI,BONUS 250 EC REGULADOR FISIOLÓGICO,1.2,7.1,11.7,5,6.5,34.1,13.7,9,201909,149,57,2,3.2,Medio,Alto
2956,MONTEOSCURO LOTE 1,80214,4,Mecanizado Verde,CC01-1940,SI,BONUS 250 EC REGULADOR FISIOLÓGICO,1.4,9.9,12.5,2,10.2,2.6,11.9,11,201611,176,354,2,4.3,Alto,Bajo
2957,MONTEOSCURO LOTE 1,80214,4,Mecanizado Verde,CC01-1940,SI,BONUS 250 EC REGULADOR FISIOLÓGICO,1.2,8.1,11.5,4,12.1,2.1,12.8,11,201811,159,190,2,3.5,Alto,Medio
2958,MONTEOSCURO LOTE 1,80214,4,Mecanizado Verde,CC01-1940,SI,BONUS 250 EC REGULADOR FISIOLÓGICO,1.2,6.0,11.6,5,11.9,2.6,12.2,11,201911,155,153,2,3.2,Alto,Bajo
2959,MONTEOSCURO LOTE 1,80214,4,Mecanizado Verde,CC01-1940,SI,BONUS 250 EC REGULADOR FISIOLÓGICO,1.0,11.6,12.6,6,10.6,2.4,12.6,12,202012,157,206,2,4.3,Alto,Medio
2962,MONTEOSCURO LOTE 1,80214,6,Mecanizado Verde,CC01-1940,SI,BONUS 250 EC REGULADOR FISIOLÓGICO,1.2,8.4,11.7,4,10.2,5.4,12.3,11,201811,162,190,2,3.5,Alto,Bajo
2963,MONTEOSCURO LOTE 1,80214,6,Mecanizado Verde,CC01-1940,SI,BONUS 250 EC REGULADOR FISIOLÓGICO,1.2,8.1,12.1,5,9.6,10.7,11.8,11,201911,163,176,2,3.2,Alto,Bajo
2964,MONTEOSCURO LOTE 1,80214,6,Mecanizado Verde,CC01-1940,SI,BONUS 250 EC REGULADOR FISIOLÓGICO,0.8,7.9,12.2,6,9.8,1.8,13.2,12,202012,150,173,2,7.1,Medio,Alto
2965,MONTEOSCURO LOTE 1,80214,7,Mecanizado Verde,CC01-1940,SI,BONUS 250 EC REGULADOR FISIOLÓGICO,1.2,5.1,13.1,1,8.8,3.0,11.4,5,201705,157,461,2,3.0,Alto,Bajo
2966,MONTEOSCURO LOTE 1,80214,7,Mecanizado Verde,CC01-1940,SI,BONUS 250 EC REGULADOR FISIOLÓGICO,1.0,6.9,12.1,2,9.3,3.7,12.3,5,201805,147,291,2,5.6,Medio,Bajo
2967,MONTEOSCURO LOTE 1,80214,007C,Mecanizado Verde,CC01-1940,SI,BONUS 250 EC REGULADOR FISIOLÓGICO,0.8,4.9,11.8,4,9.4,1.6,12.2,5,202005,140,122,2,4.3,Medio,Bajo
2970,MORAIMA,81108,001B,Mecanizado Verde,CC01-1940,SI,BONUS 250 EC REGULADOR FISIOLÓGICO,0.8,6.6,12.8,2,8.2,2.5,12.1,1,201901,143,0,3,3.1,Medio,Bajo
2971,MORAIMA,81108,001B,Mecanizado Verde,CC01-1940,SI,BONUS 250 EC REGULADOR FISIOLÓGICO,0.8,8.7,12.4,4,12.7,8.7,12.6,1,202101,133,113,3,3.1,Bajo,Medio
2974,MORAIMA,81108,002A,Mecanizado Verde,CC01-1940,SI,BONUS 250 EC REGULADOR FISIOLÓGICO,1.0,13.9,13.3,2,11.2,2.6,12.0,7,201907,164,0,3,5.9,Alto,Bajo
2978,MORAIMA,81108,6,Mecanizado Verde,CC01-1940,SI,BONUS 250 EC REGULADOR FISIOLÓGICO,0.8,8.6,12.3,2,9.7,12.4,12.9,1,202101,122,24,3,3.1,Bajo,Medio
2985,MORALBA,80678,4,Mecanizado Verde,CC01-1940,SI,BONUS 250 EC REGULADOR FISIOLÓGICO,1.0,8.7,12.1,2,7.9,2.6,13.1,9,201609,144,46,3,1.0,Medio,Medio
2986,MORALBA,80678,6,Mecanizado Verde,CC01-1940,SI,BONUS 250 EC REGULADOR FISIOLÓGICO,1.0,8.7,12.1,2,7.4,2.8,13.7,9,201609,140,46,3,1.0,Medio,Alto
2993,PALMERA CHICA RISARALDA,81449,4,Mecanizado Verde,CC01-1940,SI,BONUS 250 EC REGULADOR FISIOLÓGICO,1.4,12.3,17.1,3,9.0,4.6,11.6,7,201807,100,0,3,3.1,Bajo,Bajo
2994,PALMERA CHICA RISARALDA,81449,14,Mecanizado Verde,CC01-1940,SI,BONUS 250 EC REGULADOR FISIOLÓGICO,1.4,13.1,17.3,3,7.0,5.1,12.1,7,201807,101,0,3,3.1,Bajo,Bajo
2995,PALO ALTO ADIELA,80158,3,Mecanizado Verde,CC01-1940,SI,BONUS 250 EC REGULADOR FISIOLÓGICO,1.2,4.3,11.4,5,5.6,7.5,13.5,9,201909,131,16,2,3.2,Bajo,Alto
2996,PALO ALTO ADIELA,80158,003A,Mecanizado Verde,CC01-1940,SI,BONUS 250 EC REGULADOR FISIOLÓGICO,1.2,18.4,15.6,3,7.1,3.2,13.4,10,201710,159,369,2,12.8,Alto,Alto
2997,PALO ALTO ADIELA,80158,003H,Mecanizado Verde,CC01-1940,SI,BONUS 250 EC REGULADOR FISIOLÓGICO,0.8,7.0,12.8,1,6.9,20.1,12.8,8,202008,136,91,2,3.2,Medio,Medio
2999,PALO ALTO ANGELA,80253,3,Mecanizado Verde,CC01-1940,SI,BONUS 250 EC REGULADOR FISIOLÓGICO,0.8,11.9,13.0,2,6.2,3.0,14.1,9,201909,122,100,2,2.6,Bajo,Alto
3000,PALO ALTO ANGELA,80253,003A,Mecanizado Verde,CC01-1940,SI,BONUS 250 EC REGULADOR FISIOLÓGICO,1.3,8.4,12.6,2,7.9,5.2,12.5,10,201610,134,82,2,10.3,Medio,Medio
3001,PALO ALTO ANGELA,80253,003A,Mecanizado Verde,CC01-1940,SI,BONUS 250 EC REGULADOR FISIOLÓGICO,1.2,4.0,11.3,5,8.4,25.3,13.1,9,201909,121,16,2,2.2,Bajo,Medio
3002,PALO ALTO ANGELA,80253,003A,Mecanizado Verde,CC01-1940,SI,BONUS 250 EC REGULADOR FISIOLÓGICO,0.8,10.0,12.3,6,8.5,3.6,11.6,1,202101,115,129,2,3.2,Bajo,Bajo
3003,PALO ALTO ANGELA,80253,003F,Mecanizado Verde,CC01-1940,SI,BONUS 250 EC REGULADOR FISIOLÓGICO,1.2,6.1,11.2,5,12.2,22.7,11.7,1,202001,115,20,2,2.3,Bajo,Bajo
3004,PALO ALTO ANGELA,80253,003I,Mecanizado Verde,CC01-1940,SI,BONUS 250 EC REGULADOR FISIOLÓGICO,1.2,6.0,11.5,4,8.3,2.5,12.3,1,202001,130,20,2,3.2,Bajo,Bajo
3005,PALO ALTO ANGELA,80253,003I,Mecanizado Verde,CC01-1940,SI,BONUS 250 EC REGULADOR FISIOLÓGICO,0.8,10.7,12.5,5,9.4,3.3,14.0,1,202101,143,129,2,3.2,Medio,Alto
3007,PALO ALTO ANGELA,80253,5,Mecanizado Verde,CC01-1940,SI,BONUS 250 EC REGULADOR FISIOLÓGICO,1.3,7.3,13.9,1,6.4,2.6,12.9,10,201610,170,104,2,10.3,Alto,Medio
3008,PALO ALTO ANGELA,80253,5,Mecanizado Verde,CC01-1940,SI,BONUS 250 EC REGULADOR FISIOLÓGICO,1.2,6.1,11.5,4,10.9,48.2,13.2,1,202001,119,20,2,3.2,Bajo,Alto
3009,PALO ALTO ANGELA,80253,5,Mecanizado Verde,CC01-1940,SI,BONUS 250 EC REGULADOR FISIOLÓGICO,0.8,9.4,12.2,5,11.2,2.6,13.5,1,202101,132,129,2,3.2,Bajo,Alto
3010,PALO ALTO ESCOBAR,80251,1,Mecanizado Verde,CC01-1940,SI,BONUS 250 EC REGULADOR FISIOLÓGICO,1.5,8.1,12.7,1,8.3,42.2,12.7,2,201902,161,111,2,7.2,Alto,Medio
3011,PALO ALTO ESCOBAR,80251,1,Mecanizado Verde,CC01-1940,SI,BONUS 250 EC REGULADOR FISIOLÓGICO,1.2,6.4,11.8,2,8.8,2.3,13.3,2,202002,114,64,2,2.1,Bajo,Alto
3015,PALO ALTO PATRICIA,80157,4,Mecanizado Verde,CC01-1940,SI,BONUS 250 EC REGULADOR FISIOLÓGICO,1.3,7.3,12.6,2,6.5,3.0,12.7,10,201610,146,77,2,15.5,Medio,Medio
3016,PALO ALTO PATRICIA,80157,4,Mecanizado Verde,CC01-1940,SI,BONUS 250 EC REGULADOR FISIOLÓGICO,0.8,3.1,11.3,6,9.5,2.4,12.5,6,202006,130,60,2,4.1,Bajo,Medio
3018,PALO ALTO RUBEN,80159,004A,Mecanizado Verde,CC01-1940,SI,BONUS 250 EC REGULADOR FISIOLÓGICO,0.8,3.7,11.4,5,9.7,2.8,12.6,6,202006,161,61,2,3.2,Alto,Medio
3019,PALO ALTO RUBEN,80159,004F,Mecanizado Verde,CC01-1940,SI,BONUS 250 EC REGULADOR FISIOLÓGICO,0.5,6.1,12.6,1,8.1,2.8,13.5,9,201909,139,47,2,2.7,Medio,Alto
3021,PALOBLANCO 1 ABADIA,80659,002A,Mecanizado Verde,CC01-1940,SI,BONUS 250 EC REGULADOR FISIOLÓGICO,0.8,9.1,11.9,2,7.9,4.0,11.5,9,202009,135,0,3,2.2,Medio,Bajo
3023,PALOBLANCO 1 ABADIA,80659,002B,Mecanizado Verde,CC01-1940,SI,BONUS 250 EC REGULADOR FISIOLÓGICO,1.0,5.0,12.8,1,7.7,5.2,12.1,8,201608,185,98,3,4.7,Alto,Bajo
3024,PALOBLANCO 1 ABADIA,80659,002B,Mecanizado Verde,CC01-1940,SI,BONUS 250 EC REGULADOR FISIOLÓGICO,1.0,9.3,11.5,3,8.6,3.2,13.9,9,201809,96,74,3,2.2,Bajo,Alto
3025,PALOBLANCO 1 ABADIA,80659,002B,Mecanizado Verde,CC01-1940,SI,BONUS 250 EC REGULADOR FISIOLÓGICO,0.8,8.9,11.7,5,9.2,3.2,12.2,9,202009,124,0,3,2.2,Bajo,Bajo
3030,PALOBLANCO 2 ABADIA,80660,1,Mecanizado Verde,CC01-1940,SI,BONUS 250 EC REGULADOR FISIOLÓGICO,1.0,5.3,11.8,2,8.2,2.8,12.5,8,201608,149,16,3,3.2,Medio,Medio
3031,PALOBLANCO 2 ABADIA,80660,1,Mecanizado Verde,CC01-1940,SI,BONUS 250 EC REGULADOR FISIOLÓGICO,1.0,9.4,12.1,4,10.1,9.3,13.3,9,201809,126,57,3,3.2,Bajo,Alto
3032,PALOBLANCO 2 ABADIA,80660,1,Mecanizado Verde,CC01-1940,SI,BONUS 250 EC REGULADOR FISIOLÓGICO,0.8,9.6,12.1,6,8.6,2.8,12.3,9,202009,121,0,3,1.5,Bajo,Bajo
3033,PALOBLANCO 3 GONZALE,80250,1,Mecanizado Verde,CC01-1940,SI,BONUS 250 EC REGULADOR FISIOLÓGICO,1.0,7.1,12.8,1,8.1,2.8,13.4,1,201601,118,106,2,1.0,Bajo,Alto
3034,PALOBLANCO 3 GONZALE,80250,1,Mecanizado Verde,CC01-1940,SI,BONUS 250 EC REGULADOR FISIOLÓGICO,1.2,8.7,12.4,2,8.8,2.7,11.1,1,201701,139,306,2,3.2,Medio,Bajo
3035,PALOBLANCO 3 GONZALE,80250,1,Mecanizado Verde,CC01-1940,SI,BONUS 250 EC REGULADOR FISIOLÓGICO,1.2,25.7,17.4,3,8.9,3.2,12.3,7,201807,126,719,2,2.9,Bajo,Bajo
3036,PALOBLANCO 3 GONZALE,80250,1,Mecanizado Verde,CC01-1940,SI,BONUS 250 EC REGULADOR FISIOLÓGICO,1.2,10.4,12.8,4,10.3,3.5,12.4,8,201908,99,286,2,2.1,Bajo,Bajo
3037,PALOBLANCO 3 GONZALE,80250,1,Mecanizado Verde,CC01-1940,SI,BONUS 250 EC REGULADOR FISIOLÓGICO,0.8,12.6,12.9,5,9.2,3.4,12.7,9,202009,114,127,2,3.8,Bajo,Medio
3038,PALOBLANCO 3 GONZALE,80250,2,Mecanizado Verde,CC01-1940,SI,BONUS 250 EC REGULADOR FISIOLÓGICO,1.2,9.1,13.1,1,7.5,19.8,12.8,4,202004,141,170,2,2.1,Medio,Medio
3044,PALOBLANCO 3 GONZALE,80250,002B,Mecanizado Verde,CC01-1940,SI,BONUS 250 EC REGULADOR FISIOLÓGICO,0.8,11.7,13.4,1,6.4,2.5,13.5,3,201603,149,68,2,1.0,Medio,Alto
3045,PALOBLANCO 3 GONZALE,80250,002B,Mecanizado Verde,CC01-1940,SI,BONUS 250 EC REGULADOR FISIOLÓGICO,1.2,25.9,16.1,2,8.3,2.7,12.9,7,201707,176,780,2,2.4,Alto,Medio
3046,PALOBLANCO 3 GONZALE,80250,002B,Mecanizado Verde,CC01-1940,SI,BONUS 250 EC REGULADOR FISIOLÓGICO,1.5,7.9,12.2,3,6.7,2.8,12.6,7,201807,134,218,2,2.9,Medio,Medio
3047,PALOBLANCO 3 GONZALE,80250,002B,Mecanizado Verde,CC01-1940,SI,BONUS 250 EC REGULADOR FISIOLÓGICO,1.2,10.3,12.7,4,10.4,3.0,13.4,8,201908,114,284,2,2.1,Bajo,Alto
3048,PALOBLANCO 3 GONZALE,80250,002B,Mecanizado Verde,CC01-1940,SI,BONUS 250 EC REGULADOR FISIOLÓGICO,0.8,12.1,12.9,5,9.1,3.0,13.1,9,202009,115,123,2,3.8,Bajo,Medio
3049,PALOBLANCO ARANGO,80374,1,Mecanizado Verde,CC01-1940,SI,BONUS 250 EC REGULADOR FISIOLÓGICO,0.8,9.9,12.9,2,9.8,3.2,12.7,9,202009,153,49,3,3.3,Medio,Medio
3078,PASOANCHO 4,80667,3,Mecanizado Verde,CC01-1940,SI,BONUS 250 EC REGULADOR FISIOLÓGICO,0.8,8.1,11.8,2,8.7,2.7,14.2,9,201809,125,76,3,10.3,Bajo,Alto
3082,PETITE SAN FELIPE,81544,10,Mecanizado Verde,CC01-1940,SI,BONUS 250 EC REGULADOR FISIOLÓGICO,0.5,5.9,12.5,2,4.1,3.1,12.4,10,202010,130,0,3,4.0,Bajo,Bajo
3084,PETITE SAN FELIPE,81544,80,Mecanizado Verde,CC01-1940,SI,BONUS 250 EC REGULADOR FISIOLÓGICO,0.5,6.7,12.8,2,8.8,3.8,13.1,10,202010,142,0,3,5.9,Medio,Medio
3092,PETITE SAN FELIPE,81544,190,Mecanizado Verde,CC01-1940,SI,BONUS 250 EC REGULADOR FISIOLÓGICO,0.5,5.4,13.3,1,7.6,3.2,12.6,10,202010,140,0,3,4.0,Medio,Medio
3093,PETITE SAN FELIPE,81544,220,Mecanizado Verde,CC01-1940,SI,BONUS 250 EC REGULADOR FISIOLÓGICO,0.5,5.4,13.4,1,8.6,2.9,13.9,9,202009,137,0,3,4.0,Medio,Alto
3095,PETITE SAN FELIPE,81544,315,Mecanizado Verde,CC01-1940,SI,BONUS 250 EC REGULADOR FISIOLÓGICO,0.5,5.3,13.5,1,8.4,3.1,12.4,9,202009,147,0,3,4.0,Medio,Bajo
3099,PETITE SAN FELIPE,81544,420,Mecanizado Verde,CC01-1940,SI,BONUS 250 EC REGULADOR FISIOLÓGICO,0.5,6.6,12.5,2,7.9,2.7,13.5,10,202010,134,0,3,5.9,Medio,Alto
3101,PETITE SAN FELIPE,81544,500,Mecanizado Verde,CC01-1940,SI,BONUS 250 EC REGULADOR FISIOLÓGICO,0.5,6.1,12.4,2,9.2,3.3,14.3,10,202010,121,0,3,4.0,Bajo,Alto
3103,PETITE SAN FELIPE,81544,840,Mecanizado Verde,CC01-1940,SI,BONUS 250 EC REGULADOR FISIOLÓGICO,0.5,6.6,14.2,1,7.6,3.7,13.4,10,202010,123,0,3,5.9,Bajo,Alto
3113,PICHINDE SAN FELIPE,81543,390,Mecanizado Verde,CC01-1940,SI,BONUS 250 EC REGULADOR FISIOLÓGICO,0.5,7.3,12.0,2,8.4,3.8,14.1,10,202010,79,0,3,1.2,Bajo,Alto
3114,PICHINDE SAN FELIPE,81543,420,Mecanizado Verde,CC01-1940,SI,BONUS 250 EC REGULADOR FISIOLÓGICO,0.5,7.1,12.4,2,9.1,3.6,12.9,10,202010,104,0,3,1.2,Bajo,Medio
3115,PICHINDE SAN FELIPE,81543,440,Mecanizado Verde,CC01-1940,SI,BONUS 250 EC REGULADOR FISIOLÓGICO,0.8,10.9,13.7,1,9.4,2.8,12.3,1,202101,88,0,3,4.4,Bajo,Bajo
3117,PICHINDE SAN FELIPE,81543,480,Mecanizado Verde,CC01-1940,SI,BONUS 250 EC REGULADOR FISIOLÓGICO,0.8,13.1,14.5,1,9.7,2.8,12.7,1,202101,92,0,3,4.4,Bajo,Medio
3123,PICHINDE SAN FELIPE,81543,570,Mecanizado Verde,CC01-1940,SI,BONUS 250 EC REGULADOR FISIOLÓGICO,0.8,12.9,14.5,1,9.6,3.1,13.2,1,202101,109,0,3,4.4,Bajo,Alto
3124,PICHINDE SAN FELIPE,81543,590,Mecanizado Verde,CC01-1940,SI,BONUS 250 EC REGULADOR FISIOLÓGICO,0.8,8.9,12.3,2,8.7,2.2,13.1,12,201912,106,0,3,4.4,Bajo,Medio
3125,PICHINDE SAN FELIPE,81543,590,Mecanizado Verde,CC01-1940,SI,BONUS 250 EC REGULADOR FISIOLÓGICO,0.8,10.7,13.1,3,11.1,3.8,11.7,1,202101,130,0,3,4.4,Bajo,Bajo
3126,PICHINDE SAN FELIPE,81543,620,Mecanizado Verde,CC01-1940,SI,BONUS 250 EC REGULADOR FISIOLÓGICO,0.8,11.0,13.0,1,8.1,3.0,12.6,1,202101,114,0,3,4.4,Bajo,Medio
3127,PIEDECHINCHE,80121,42,Mecanizado Verde,CC01-1940,SI,BONUS 250 EC REGULADOR FISIOLÓGICO,0.8,16.6,15.0,1,8.0,3.6,11.6,10,201910,64,441,1,3.1,Bajo,Bajo
3128,PIEDECHINCHE,80121,043B,Mecanizado Verde,CC01-1940,SI,BONUS 250 EC REGULADOR FISIOLÓGICO,1.0,7.0,13.2,1,10.5,6.9,11.8,11,201911,106,421,1,3.1,Bajo,Bajo
3129,PIEDRAS RISARALDA,81220,12,Mecanizado Verde,CC01-1940,SI,BONUS 250 EC REGULADOR FISIOLÓGICO,1.0,8.9,16.0,4,8.4,6.0,11.5,10,201810,101,0,3,3.2,Bajo,Bajo
3135,PLATANARES,80941,2,Mecanizado Verde,CC01-1940,SI,BONUS 250 EC REGULADOR FISIOLÓGICO,1.0,12.0,13.3,2,8.0,2.6,14.2,1,201901,139,0,3,3.5,Medio,Alto
3136,PLATANARES,80941,2,Mecanizado Verde,CC01-1940,SI,BONUS 250 EC REGULADOR FISIOLÓGICO,0.5,7.1,11.9,3,10.6,1.9,13.9,1,202001,148,0,3,3.0,Medio,Alto
3143,PLATANARES,80941,004B,Mecanizado Verde,CC01-1940,SI,BONUS 250 EC REGULADOR FISIOLÓGICO,1.0,6.3,13.3,2,7.0,2.6,13.8,9,201509,157,0,3,0.4,Alto,Alto
3145,PLATANARES,80941,006B,Mecanizado Verde,CC01-1940,SI,BONUS 250 EC REGULADOR FISIOLÓGICO,0.5,7.4,12.6,1,7.8,2.6,13.1,10,201910,101,0,3,3.0,Bajo,Medio
3153,POMA,80665,5,Mecanizado Verde,CC01-1940,SI,BONUS 250 EC REGULADOR FISIOLÓGICO,0.8,15.9,15.0,1,9.9,2.8,12.0,2,202002,163,0,3,2.4,Alto,Bajo
3161,QUEJADOR ARAUCA,80152,2,Mecanizado Verde,CC01-1940,SI,BONUS 250 EC REGULADOR FISIOLÓGICO,1.0,11.0,12.8,2,10.0,2.7,14.1,2,201502,133,127,2,4.4,Bajo,Alto
3162,QUEJADOR ARAUCA,80152,2,Mecanizado Verde,CC01-1940,SI,BONUS 250 EC REGULADOR FISIOLÓGICO,1.0,9.7,12.3,4,9.2,2.9,12.7,2,201702,150,75,2,11.2,Medio,Medio
3163,QUEJADOR ARAUCA,80152,2,Mecanizado Verde,CC01-1940,SI,BONUS 250 EC REGULADOR FISIOLÓGICO,1.4,11.9,14.0,5,10.1,2.9,13.9,4,201804,118,239,2,5.1,Bajo,Alto
3164,QUEJADOR ARAUCA,80152,2,Mecanizado Verde,CC01-1940,SI,BONUS 250 EC REGULADOR FISIOLÓGICO,1.0,6.6,11.3,6,12.5,2.2,13.3,3,201903,124,76,2,6.3,Bajo,Alto
3165,QUEJADOR ARAUCA,80152,2,Mecanizado Verde,CC01-1940,SI,BONUS 250 EC REGULADOR FISIOLÓGICO,1.2,9.1,12.4,7,9.6,2.3,13.7,4,202004,112,45,2,4.4,Bajo,Alto
3166,QUEJADOR ARAUCA,80152,3,Mecanizado Verde,CC01-1940,SI,BONUS 250 EC REGULADOR FISIOLÓGICO,1.0,6.3,11.2,2,10.6,2.9,11.4,4,201904,112,148,2,5.6,Bajo,Bajo
3167,QUEJADOR ARAUCA,80152,3,Mecanizado Verde,CC01-1940,SI,BONUS 250 EC REGULADOR FISIOLÓGICO,0.8,6.0,11.8,2,10.5,2.0,12.4,6,202006,141,63,2,9.9,Medio,Bajo
3170,RABO DE MICO,80452,001A,Mecanizado Verde,CC01-1940,SI,BONUS 250 EC REGULADOR FISIOLÓGICO,0.8,11.6,13.3,4,7.8,2.6,13.8,1,202101,140,82,3,4.4,Medio,Alto
3171,RECANI,80689,1,Mecanizado Verde,CC01-1940,SI,BONUS 250 EC REGULADOR FISIOLÓGICO,0.8,17.6,14.5,2,8.9,4.3,12.2,10,201710,160,220,3,3.2,Alto,Bajo
3172,RECANI,80689,1,Mecanizado Verde,CC01-1940,SI,BONUS 250 EC REGULADOR FISIOLÓGICO,0.6,11.3,13.1,3,11.6,2.5,12.9,11,201811,141,46,3,6.5,Medio,Medio
3173,RECANI,80689,1,Mecanizado Verde,CC01-1940,SI,BONUS 250 EC REGULADOR FISIOLÓGICO,0.5,8.0,12.5,4,10.6,2.6,12.9,12,201912,136,0,3,3.2,Medio,Medio
3174,RECANI,80689,1,Mecanizado Verde,CC01-1940,SI,BONUS 250 EC REGULADOR FISIOLÓGICO,0.8,9.4,12.5,5,9.2,2.9,13.4,12,202012,144,67,3,3.2,Medio,Alto
3175,RECANI,80689,2,Mecanizado Verde,CC01-1940,SI,BONUS 250 EC REGULADOR FISIOLÓGICO,0.8,17.4,14.5,2,8.3,8.9,12.8,10,201710,136,220,3,8.0,Medio,Medio
3176,RECANI,80689,2,Mecanizado Verde,CC01-1940,SI,BONUS 250 EC REGULADOR FISIOLÓGICO,0.6,12.0,13.3,3,14.5,2.8,13.1,11,201811,133,46,3,6.5,Bajo,Medio
3177,RECANI,80689,2,Mecanizado Verde,CC01-1940,SI,BONUS 250 EC REGULADOR FISIOLÓGICO,0.5,10.1,12.9,4,7.8,2.3,12.1,12,201912,129,0,3,3.2,Bajo,Bajo
3178,RECANI,80689,3,Mecanizado Verde,CC01-1940,SI,BONUS 250 EC REGULADOR FISIOLÓGICO,0.6,9.1,13.0,1,10.4,2.0,15.0,9,201809,132,99,3,6.5,Bajo,Alto
3179,RECANI,80689,3,Mecanizado Verde,CC01-1940,SI,BONUS 250 EC REGULADOR FISIOLÓGICO,0.8,9.6,12.2,3,8.9,1.7,11.9,11,202011,118,36,3,4.2,Bajo,Bajo
3181,RECANI,80689,4,Mecanizado Verde,CC01-1940,SI,BONUS 250 EC REGULADOR FISIOLÓGICO,0.6,9.1,13.0,1,10.8,2.5,12.3,9,201809,153,99,3,6.5,Medio,Bajo
3182,RECANI,80689,4,Mecanizado Verde,CC01-1940,SI,BONUS 250 EC REGULADOR FISIOLÓGICO,0.8,9.7,12.2,3,9.8,2.0,12.1,11,202011,135,36,3,4.2,Medio,Bajo
3184,RECANI,80689,004A,Mecanizado Verde,CC01-1940,SI,BONUS 250 EC REGULADOR FISIOLÓGICO,0.8,6.6,12.0,2,7.2,1.7,13.8,3,201603,145,0,3,12.9,Medio,Alto
3185,RECANI,80689,004A,Mecanizado Verde,CC01-1940,SI,BONUS 250 EC REGULADOR FISIOLÓGICO,1.1,19.9,14.8,3,9.4,2.2,12.1,6,201706,158,196,3,3.2,Alto,Bajo
3186,RECANI,80689,004A,Mecanizado Verde,CC01-1940,SI,BONUS 250 EC REGULADOR FISIOLÓGICO,0.8,10.4,12.6,4,7.3,2.8,13.2,6,201806,135,172,3,3.2,Medio,Alto
3187,RECANI,80689,004A,Mecanizado Verde,CC01-1940,SI,BONUS 250 EC REGULADOR FISIOLÓGICO,0.8,13.6,13.0,5,8.4,2.6,13.6,7,201907,137,0,3,5.5,Medio,Alto
3188,RECANI,80689,004A,Mecanizado Verde,CC01-1940,SI,BONUS 250 EC REGULADOR FISIOLÓGICO,0.8,12.7,13.0,6,8.5,3.6,12.5,8,202008,161,187,3,3.9,Alto,Medio
3189,RECANI,80689,5,Mecanizado Verde,CC01-1940,SI,BONUS 250 EC REGULADOR FISIOLÓGICO,0.8,9.7,12.2,2,8.5,1.8,12.7,11,202011,158,36,3,4.2,Alto,Medio
3193,RECANI,80689,005A,Mecanizado Verde,CC01-1940,SI,BONUS 250 EC REGULADOR FISIOLÓGICO,1.0,3.6,12.4,1,10.8,2.1,13.8,3,201603,148,0,3,6.5,Medio,Alto
3194,RECANI,80689,005A,Mecanizado Verde,CC01-1940,SI,BONUS 250 EC REGULADOR FISIOLÓGICO,1.1,19.7,14.5,2,9.3,2.4,12.0,6,201706,145,196,3,3.2,Medio,Bajo
3195,RECANI,80689,005A,Mecanizado Verde,CC01-1940,SI,BONUS 250 EC REGULADOR FISIOLÓGICO,0.8,9.0,12.3,3,9.1,2.6,13.2,6,201806,134,172,3,3.2,Medio,Alto
3196,RECANI,80689,005A,Mecanizado Verde,CC01-1940,SI,BONUS 250 EC REGULADOR FISIOLÓGICO,0.8,13.4,13.3,4,9.7,2.3,12.3,7,201907,140,0,3,5.5,Medio,Bajo
3197,RECANI,80689,005A,Mecanizado Verde,CC01-1940,SI,BONUS 250 EC REGULADOR FISIOLÓGICO,0.8,12.7,13.1,5,11.0,2.6,11.7,8,202008,144,187,3,4.4,Medio,Bajo
3199,REN REN,80666,1,Mecanizado Verde,CC01-1940,SI,BONUS 250 EC REGULADOR FISIOLÓGICO,1.0,9.0,11.2,3,12.4,3.7,13.4,9,201809,74,53,3,5.3,Bajo,Alto
3200,REN REN,80666,2,Mecanizado Verde,CC01-1940,SI,BONUS 250 EC REGULADOR FISIOLÓGICO,1.0,8.7,12.4,1,8.8,6.7,13.0,9,201809,144,71,3,5.3,Medio,Medio
3206,ROMANA ,81290,1,Mecanizado Verde,CC01-1940,SI,BONUS 250 EC REGULADOR FISIOLÓGICO,1.2,9.0,12.8,1,8.9,4.6,13.1,10,201610,160,119,3,2.3,Alto,Medio
3207,ROMANA ,81290,1,Mecanizado Verde,CC01-1940,SI,BONUS 250 EC REGULADOR FISIOLÓGICO,1.0,8.4,14.1,2,7.4,4.5,12.7,12,201712,166,443,3,3.4,Alto,Medio
3208,ROMANA ,81290,2,Mecanizado Verde,CC01-1940,SI,BONUS 250 EC REGULADOR FISIOLÓGICO,1.2,9.3,12.9,1,8.7,4.7,13.4,10,201610,161,139,3,2.1,Alto,Alto
3209,ROMANA ,81290,2,Mecanizado Verde,CC01-1940,SI,BONUS 250 EC REGULADOR FISIOLÓGICO,1.0,9.7,14.3,2,6.8,4.7,13.8,12,201712,169,478,3,3.4,Alto,Alto
3211,ROMANA ,81290,3,Mecanizado Verde,CC01-1940,SI,BONUS 250 EC REGULADOR FISIOLÓGICO,1.2,10.0,13.0,1,8.7,4.6,13.6,10,201610,159,131,3,2.6,Alto,Alto
3212,ROMANA ,81290,3,Mecanizado Verde,CC01-1940,SI,BONUS 250 EC REGULADOR FISIOLÓGICO,1.0,9.3,14.1,2,7.9,4.2,12.7,12,201712,179,440,3,2.6,Alto,Medio
3214,ROMANA ,81290,4,Mecanizado Verde,CC01-1940,SI,BONUS 250 EC REGULADOR FISIOLÓGICO,1.2,9.4,13.0,1,7.1,4.3,14.0,10,201610,152,144,3,2.3,Medio,Alto
3215,ROMANA ,81290,4,Mecanizado Verde,CC01-1940,SI,BONUS 250 EC REGULADOR FISIOLÓGICO,1.0,9.0,14.1,2,9.6,4.4,12.4,12,201712,166,478,3,3.4,Alto,Bajo
3217,ROMANA ,81290,5,Mecanizado Verde,CC01-1940,SI,BONUS 250 EC REGULADOR FISIOLÓGICO,1.2,9.6,13.0,1,8.7,6.1,13.4,10,201610,167,129,3,2.3,Alto,Alto
3218,ROMANA ,81290,5,Mecanizado Verde,CC01-1940,SI,BONUS 250 EC REGULADOR FISIOLÓGICO,1.0,8.7,14.0,2,7.7,4.9,12.6,12,201712,167,406,3,3.8,Alto,Medio
3220,ROMANA ,81290,6,Mecanizado Verde,CC01-1940,SI,BONUS 250 EC REGULADOR FISIOLÓGICO,1.2,9.9,13.1,1,7.3,4.4,12.8,10,201610,159,131,3,2.3,Alto,Medio
3221,ROMANA ,81290,6,Mecanizado Verde,CC01-1940,SI,BONUS 250 EC REGULADOR FISIOLÓGICO,1.0,8.9,14.0,2,9.0,4.6,12.9,12,201712,166,455,3,3.4,Alto,Medio
3223,SALAMANCA,82502,1,Mecanizado Verde,CC01-1940,SI,BONUS 250 EC REGULADOR FISIOLÓGICO,1.4,9.1,13.2,2,11.4,2.2,11.6,6,201706,188,378,2,3.4,Alto,Bajo
3224,SALAMANCA,82502,1,Mecanizado Verde,CC01-1940,SI,BONUS 250 EC REGULADOR FISIOLÓGICO,1.7,7.4,12.0,3,7.5,2.5,12.7,7,201807,151,197,2,3.0,Medio,Medio
3225,SALAMANCA,82502,1,Mecanizado Verde,CC01-1940,SI,BONUS 250 EC REGULADOR FISIOLÓGICO,0.8,5.4,11.4,5,9.4,18.5,12.1,6,202006,166,97,2,5.6,Alto,Bajo
3226,SALAMANCA,82502,2,Mecanizado Verde,CC01-1940,SI,BONUS 250 EC REGULADOR FISIOLÓGICO,1.7,8.0,12.1,2,7.3,3.7,13.3,7,201807,164,173,2,2.7,Alto,Alto
3227,SALAMANCA,82502,2,Mecanizado Verde,CC01-1940,SI,BONUS 250 EC REGULADOR FISIOLÓGICO,1.4,8.1,11.9,3,9.2,2.3,12.1,7,201907,193,282,2,3.4,Alto,Bajo
3228,SALAMANCA,82502,2,Mecanizado Verde,CC01-1940,SI,BONUS 250 EC REGULADOR FISIOLÓGICO,0.8,6.0,11.4,4,10.0,3.0,12.2,6,202006,183,97,2,3.9,Alto,Bajo
3229,SALAMANCA,82502,3,Mecanizado Verde,CC01-1940,SI,BONUS 250 EC REGULADOR FISIOLÓGICO,1.0,10.1,13.3,1,9.4,2.2,11.3,5,201605,157,349,2,9.7,Alto,Bajo
3230,SALAMANCA,82502,3,Mecanizado Verde,CC01-1940,SI,BONUS 250 EC REGULADOR FISIOLÓGICO,1.7,7.4,12.1,3,7.7,21.2,13.5,7,201807,156,197,2,3.2,Alto,Alto
3231,SALAMANCA,82502,3,Mecanizado Verde,CC01-1940,SI,BONUS 250 EC REGULADOR FISIOLÓGICO,1.4,8.1,12.0,4,8.9,2.3,13.3,7,201907,174,282,2,3.1,Alto,Alto
3232,SALAMANCA,82502,3,Mecanizado Verde,CC01-1940,SI,BONUS 250 EC REGULADOR FISIOLÓGICO,0.8,6.3,11.5,5,9.2,2.8,12.2,6,202006,178,97,2,5.6,Alto,Bajo
3233,SALAMANCA,82502,4,Mecanizado Verde,CC01-1940,SI,BONUS 250 EC REGULADOR FISIOLÓGICO,1.7,8.1,12.3,3,8.2,13.8,12.6,7,201807,150,209,2,4.1,Medio,Medio
3234,SALAMANCA,82502,4,Mecanizado Verde,CC01-1940,SI,BONUS 250 EC REGULADOR FISIOLÓGICO,1.4,8.3,11.9,4,8.2,2.4,12.3,7,201907,168,232,2,3.1,Alto,Bajo
3235,SALAMANCA,82502,4,Mecanizado Verde,CC01-1940,SI,BONUS 250 EC REGULADOR FISIOLÓGICO,0.8,6.4,11.5,5,10.1,2.5,11.6,6,202006,157,97,2,7.3,Alto,Bajo
3236,SAN ALFONSO,80179,1,Mecanizado Verde,CC01-1940,SI,BONUS 250 EC REGULADOR FISIOLÓGICO,9.0,6.1,13.3,1,7.9,2.0,14.6,12,201512,104,123,2,2.7,Bajo,Alto
3237,SAN ALFONSO,80179,1,Mecanizado Verde,CC01-1940,SI,BONUS 250 EC REGULADOR FISIOLÓGICO,0.7,4.1,12.0,2,7.0,3.1,11.7,12,201612,130,190,2,11.0,Bajo,Bajo
3238,SAN ALFONSO,80179,001A,Mecanizado Verde,CC01-1940,SI,BONUS 250 EC REGULADOR FISIOLÓGICO,1.3,7.3,14.6,2,10.2,3.5,12.0,12,201712,105,339,2,3.6,Bajo,Bajo
3239,SAN ALFONSO,80179,001A,Mecanizado Verde,CC01-1940,SI,BONUS 250 EC REGULADOR FISIOLÓGICO,0.8,15.6,13.8,3,9.2,3.3,11.2,6,201906,97,372,2,4.4,Bajo,Bajo
3242,SAN ANTONIO CABAL,80300,003B,Mecanizado Verde,CC01-1940,SI,BONUS 250 EC REGULADOR FISIOLÓGICO,1.0,8.0,12.6,3,8.5,2.5,11.8,6,201806,146,366,3,3.8,Medio,Bajo
3243,SAN ANTONIO CABAL,80300,003B,Mecanizado Verde,CC01-1940,SI,BONUS 250 EC REGULADOR FISIOLÓGICO,0.8,9.0,13.2,4,8.4,2.4,11.6,8,201908,163,0,3,3.2,Alto,Bajo
3244,SAN ANTONIO CABAL,80300,003B,Mecanizado Verde,CC01-1940,SI,BONUS 250 EC REGULADOR FISIOLÓGICO,0.8,12.9,13.6,5,10.2,2.6,12.5,9,202009,158,169,3,2.2,Alto,Medio
3246,SAN ANTONIO CABAL,80300,003C,Mecanizado Verde,CC01-1940,SI,BONUS 250 EC REGULADOR FISIOLÓGICO,0.8,9.9,13.7,5,9.1,2.7,12.2,1,202101,153,173,3,3.2,Medio,Bajo
3247,SAN ANTONIO CABAL,80300,003E,Mecanizado Verde,CC01-1940,SI,BONUS 250 EC REGULADOR FISIOLÓGICO,0.8,9.9,13.7,6,10.8,3.2,12.4,1,202101,137,173,3,3.2,Medio,Bajo
3248,SAN ANTONIO CABAL,80300,4,Mecanizado Verde,CC01-1940,SI,BONUS 250 EC REGULADOR FISIOLÓGICO,0.8,9.3,13.3,4,9.6,4.3,11.7,3,202003,112,119,3,3.2,Bajo,Bajo
3249,SAN ANTONIO CABAL,80300,005A,Mecanizado Verde,CC01-1940,SI,BONUS 250 EC REGULADOR FISIOLÓGICO,0.8,9.1,13.2,4,8.7,2.9,13.3,3,202003,127,119,3,3.2,Bajo,Alto
3250,SAN ANTONIO CABAL,80300,005B,Mecanizado Verde,CC01-1940,SI,BONUS 250 EC REGULADOR FISIOLÓGICO,0.8,9.1,13.0,4,8.7,2.6,11.7,8,201908,138,0,3,3.2,Medio,Bajo
3251,SAN ANTONIO CABAL,80300,005B,Mecanizado Verde,CC01-1940,SI,BONUS 250 EC REGULADOR FISIOLÓGICO,0.8,12.7,13.5,5,9.1,2.1,12.6,9,202009,155,17,3,1.8,Alto,Medio
3252,SAN ANTONIO CABAL,80300,005C,Mecanizado Verde,CC01-1940,SI,BONUS 250 EC REGULADOR FISIOLÓGICO,0.8,9.1,13.0,4,7.7,2.8,11.4,8,201908,138,0,3,3.2,Medio,Bajo
3253,SAN ANTONIO CABAL,80300,005C,Mecanizado Verde,CC01-1940,SI,BONUS 250 EC REGULADOR FISIOLÓGICO,0.8,12.6,13.5,5,8.9,2.7,12.3,9,202009,149,17,3,2.0,Medio,Bajo
3254,SAN ANTONIO CABAL,80300,005D,Mecanizado Verde,CC01-1940,SI,BONUS 250 EC REGULADOR FISIOLÓGICO,0.8,9.0,13.2,6,8.6,2.8,11.9,3,202003,121,119,3,3.2,Bajo,Bajo
3257,SAN ANTONIO RESTREPO,80525,7,Mecanizado Verde,CC01-1940,SI,BONUS 250 EC REGULADOR FISIOLÓGICO,0.8,9.3,13.5,1,9.6,3.7,11.3,7,202007,104,320,3,3.2,Bajo,Bajo
3258,SAN ANTONIO RESTREPO,80525,007A,Mecanizado Verde,CC01-1940,SI,BONUS 250 EC REGULADOR FISIOLÓGICO,0.6,11.3,11.8,1,8.3,21.5,12.5,9,201909,127,0,3,2.3,Bajo,Medio
3259,SAN ANTONIO RESTREPO,80525,007A,Mecanizado Verde,CC01-1940,SI,BONUS 250 EC REGULADOR FISIOLÓGICO,0.8,8.7,12.4,2,11.1,3.9,14.8,10,202010,98,45,3,2.2,Bajo,Alto
3261,SAN ANTONIO RESTREPO,80525,007B,Mecanizado Verde,CC01-1940,SI,BONUS 250 EC REGULADOR FISIOLÓGICO,0.8,8.0,12.4,2,10.0,4.2,12.4,8,202008,107,93,3,3.2,Bajo,Bajo
3263,SAN ANTONIO RESTREPO,80525,007D,Mecanizado Verde,CC01-1940,SI,BONUS 250 EC REGULADOR FISIOLÓGICO,0.8,9.3,13.5,2,10.4,4.6,11.2,7,202007,99,320,3,3.2,Bajo,Bajo
3268,SAN ANTONIO RESTREPO,80525,12,Mecanizado Verde,CC01-1940,SI,BONUS 250 EC REGULADOR FISIOLÓGICO,1.0,11.3,14.0,1,9.6,4.5,13.4,1,202001,127,0,3,2.3,Bajo,Alto
3270,SAN CAMILO,80465,1,Mecanizado Verde,CC01-1940,SI,BONUS 250 EC REGULADOR FISIOLÓGICO,1.3,11.9,13.7,1,9.0,1.4,12.5,12,201812,156,89,3,6.3,Alto,Medio
3271,SAN CAMILO,80465,1,Mecanizado Verde,CC01-1940,SI,BONUS 250 EC REGULADOR FISIOLÓGICO,0.8,12.3,13.2,2,9.8,1.9,12.7,1,202001,129,0,3,6.1,Bajo,Medio
3274,SAN CAMILO,80465,3,Mecanizado Verde,CC01-1940,SI,BONUS 250 EC REGULADOR FISIOLÓGICO,1.3,12.6,13.9,1,8.8,1.8,12.5,12,201812,159,89,3,6.3,Alto,Medio
3275,SAN CAMILO,80465,3,Mecanizado Verde,CC01-1940,SI,BONUS 250 EC REGULADOR FISIOLÓGICO,0.8,12.4,13.0,2,8.7,1.9,12.9,1,202001,131,0,3,6.3,Bajo,Medio
3280,SAN CARLOS CLARA - MADRIGAL,80171,1,Mecanizado Verde,CC01-1940,SI,BONUS 250 EC REGULADOR FISIOLÓGICO,1.2,8.4,12.1,2,10.0,3.6,11.3,1,201701,180,252,2,1.1,Alto,Bajo
3281,SAN CARLOS CLARA - MADRIGAL,80171,1,Mecanizado Verde,CC01-1940,SI,BONUS 250 EC REGULADOR FISIOLÓGICO,1.2,8.6,11.8,4,7.8,9.7,14.6,3,201903,135,13,2,3.3,Medio,Alto
3282,SAN CARLOS CLARA - MADRIGAL,80171,1,Mecanizado Verde,CC01-1940,SI,BONUS 250 EC REGULADOR FISIOLÓGICO,1.3,10.1,12.6,5,10.9,1.7,14.7,3,202003,114,128,2,3.8,Bajo,Alto
3288,SAN CARLOS CLARA - MADRIGAL,80171,007A,Mecanizado Verde,CC01-1940,SI,BONUS 250 EC REGULADOR FISIOLÓGICO,1.2,16.7,15.3,1,7.3,1.9,13.2,10,201710,172,251,2,5.0,Alto,Alto
3289,SAN CARLOS CLARA - MADRIGAL,80171,007A,Mecanizado Verde,CC01-1940,SI,BONUS 250 EC REGULADOR FISIOLÓGICO,1.0,6.7,11.7,3,7.4,6.5,13.5,9,201909,150,33,2,3.8,Medio,Alto
3290,SAN CARLOS CLARA - MADRIGAL,80171,007A,Mecanizado Verde,CC01-1940,SI,BONUS 250 EC REGULADOR FISIOLÓGICO,0.8,11.1,12.8,4,15.0,1.9,13.4,10,202010,144,140,2,3.2,Medio,Alto
3296,SAN CARLOS CLARA - MADRIGAL,80171,13,Mecanizado Verde,CC01-1940,SI,BONUS 250 EC REGULADOR FISIOLÓGICO,1.2,8.6,12.9,1,5.7,2.2,12.9,3,201903,142,18,2,3.8,Medio,Medio
3297,SAN CARLOS CLARA - MADRIGAL,80171,13,Mecanizado Verde,CC01-1940,SI,BONUS 250 EC REGULADOR FISIOLÓGICO,1.3,10.3,12.7,2,7.9,2.4,14.5,3,202003,136,132,2,3.8,Medio,Alto
3303,SAN CARLOS-ELSA LA CARTUJA,82509,18,Mecanizado Verde,CC01-1940,SI,BONUS 250 EC REGULADOR FISIOLÓGICO,1.2,12.0,13.4,2,12.9,1.9,13.6,3,201703,173,294,2,4.3,Alto,Alto
3304,SAN CARLOS-ELSA LA CARTUJA,82509,18,Mecanizado Verde,CC01-1940,SI,BONUS 250 EC REGULADOR FISIOLÓGICO,1.4,7.4,12.8,3,10.4,1.8,13.1,4,201804,153,186,2,4.9,Medio,Medio
3305,SAN CARLOS-ELSA LA CARTUJA,82509,18,Mecanizado Verde,CC01-1940,SI,BONUS 250 EC REGULADOR FISIOLÓGICO,1.0,7.3,11.5,4,12.4,2.0,12.8,3,201903,133,79,2,5.1,Bajo,Medio
3306,SAN CARLOS-ELSA LA CARTUJA,82509,18,Mecanizado Verde,CC01-1940,SI,BONUS 250 EC REGULADOR FISIOLÓGICO,1.2,6.1,12.1,5,8.6,1.9,14.2,3,202003,105,110,2,3.0,Bajo,Alto
3307,SAN CARLOS-ELSA LA CARTUJA,82509,018A,Mecanizado Verde,CC01-1940,SI,BONUS 250 EC REGULADOR FISIOLÓGICO,1.1,8.4,13.0,1,7.0,2.7,13.9,10,201910,149,73,2,4.0,Medio,Alto
3308,SAN CARLOS-ELSA LA CARTUJA,82509,018A,Mecanizado Verde,CC01-1940,SI,BONUS 250 EC REGULADOR FISIOLÓGICO,0.8,8.6,12.2,2,9.0,1.8,13.5,10,202010,130,135,2,3.9,Bajo,Alto
3311,SAN CARLOS-ELSA LA CARTUJA,82509,20,Mecanizado Verde,CC01-1940,SI,BONUS 250 EC REGULADOR FISIOLÓGICO,1.2,12.4,14.9,1,6.9,2.1,12.5,10,201710,177,242,2,7.9,Alto,Medio
3312,SAN CARLOS-ELSA LA CARTUJA,82509,20,Mecanizado Verde,CC01-1940,SI,BONUS 250 EC REGULADOR FISIOLÓGICO,1.1,10.3,12.0,2,8.6,1.9,13.8,10,201810,153,117,2,3.1,Medio,Alto
3313,SAN CARLOS-ELSA LA CARTUJA,82509,20,Mecanizado Verde,CC01-1940,SI,BONUS 250 EC REGULADOR FISIOLÓGICO,1.1,8.0,11.6,3,9.6,2.4,13.2,10,201910,133,53,2,3.4,Bajo,Alto
3314,SAN CARLOS-ELSA LA CARTUJA,82509,20,Mecanizado Verde,CC01-1940,SI,BONUS 250 EC REGULADOR FISIOLÓGICO,0.8,9.1,12.4,4,9.4,1.9,13.8,10,202010,131,111,2,3.9,Bajo,Alto
3316,SAN CARLOS-ELSA LA CARTUJA,82509,21,Mecanizado Verde,CC01-1940,SI,BONUS 250 EC REGULADOR FISIOLÓGICO,1.2,12.1,14.1,1,7.3,5.2,12.7,10,201710,176,218,2,5.4,Alto,Medio
3317,SAN CARLOS-ELSA LA CARTUJA,82509,21,Mecanizado Verde,CC01-1940,SI,BONUS 250 EC REGULADOR FISIOLÓGICO,1.1,9.6,11.9,2,9.2,2.1,12.7,10,201810,152,62,2,3.1,Medio,Medio
3318,SAN CARLOS-ELSA LA CARTUJA,82509,21,Mecanizado Verde,CC01-1940,SI,BONUS 250 EC REGULADOR FISIOLÓGICO,1.1,7.9,11.8,3,8.2,2.5,14.4,9,201909,147,53,2,3.0,Medio,Alto
3319,SAN CARLOS-ELSA LA CARTUJA,82509,21,Mecanizado Verde,CC01-1940,SI,BONUS 250 EC REGULADOR FISIOLÓGICO,0.8,9.0,12.4,4,7.9,2.0,14.9,10,202010,131,111,2,6.0,Bajo,Alto
3324,SAN CARLOS-ELSA LA CARTUJA,82509,22,Mecanizado Verde,CC01-1940,SI,BONUS 250 EC REGULADOR FISIOLÓGICO,1.1,8.3,12.8,1,8.4,2.3,13.6,10,201910,146,83,2,2.0,Medio,Alto
3325,SAN CARLOS-ELSA LA CARTUJA,82509,22,Mecanizado Verde,CC01-1940,SI,BONUS 250 EC REGULADOR FISIOLÓGICO,0.8,8.9,12.3,2,8.5,1.7,14.4,10,202010,124,111,2,3.8,Bajo,Alto
3328,SAN CARLOS-OLGA LA BAMBA,82508,12,Mecanizado Verde,CC01-1940,SI,BONUS 250 EC REGULADOR FISIOLÓGICO,1.2,7.4,12.9,1,8.9,2.0,12.3,1,202001,140,71,2,4.5,Medio,Bajo
3329,SAN CARLOS-OLGA LA BAMBA,82508,15,Mecanizado Verde,CC01-1940,SI,BONUS 250 EC REGULADOR FISIOLÓGICO,1.2,8.0,12.0,2,11.2,2.2,11.8,1,201701,168,214,2,1.9,Alto,Bajo
3330,SAN CARLOS-OLGA LA BAMBA,82508,15,Mecanizado Verde,CC01-1940,SI,BONUS 250 EC REGULADOR FISIOLÓGICO,0.8,7.6,11.7,4,7.9,1.8,12.7,3,201903,152,18,2,4.2,Medio,Medio
3331,SAN CARLOS-OLGA LA BAMBA,82508,15,Mecanizado Verde,CC01-1940,SI,BONUS 250 EC REGULADOR FISIOLÓGICO,1.0,8.9,12.4,5,9.3,2.2,13.9,3,202003,118,126,2,4.6,Bajo,Alto
3332,SAN CARLOS-OLGA LA BAMBA,82508,16,Mecanizado Verde,CC01-1940,SI,BONUS 250 EC REGULADOR FISIOLÓGICO,1.2,6.0,13.0,1,11.4,2.4,10.9,5,201905,164,270,2,2.9,Alto,Bajo
3333,SAN CARLOS-OLGA LA BAMBA,82508,16,Mecanizado Verde,CC01-1940,SI,BONUS 250 EC REGULADOR FISIOLÓGICO,0.8,8.6,12.0,2,9.7,1.4,13.0,5,202005,121,102,2,4.1,Bajo,Medio
3335,SAN CARLOS-OLGA LA BAMBA,82508,021A,Mecanizado Verde,CC01-1940,SI,BONUS 250 EC REGULADOR FISIOLÓGICO,1.2,12.1,14.1,1,6.5,2.2,12.5,10,201710,126,200,2,3.1,Bajo,Medio
3336,SAN CARLOS-OLGA LA BAMBA,82508,021A,Mecanizado Verde,CC01-1940,SI,BONUS 250 EC REGULADOR FISIOLÓGICO,1.1,9.4,11.9,2,10.4,2.0,13.7,10,201810,119,62,2,3.1,Bajo,Alto
3337,SAN CARLOS-OLGA LA BAMBA,82508,021A,Mecanizado Verde,CC01-1940,SI,BONUS 250 EC REGULADOR FISIOLÓGICO,1.1,7.0,11.6,3,7.4,3.0,14.7,9,201909,90,35,2,5.8,Bajo,Alto
3338,SAN CARLOS-OLGA LA BAMBA,82508,021A,Mecanizado Verde,CC01-1940,SI,BONUS 250 EC REGULADOR FISIOLÓGICO,0.8,10.9,12.7,4,10.3,0.9,13.7,10,202010,85,114,2,3.7,Bajo,Alto
3341,SAN FELIPE MESA,80154,1,Mecanizado Verde,CC01-1940,SI,BONUS 250 EC REGULADOR FISIOLÓGICO,1.4,14.4,14.5,2,8.0,2.6,12.1,8,201708,164,400,2,8.3,Alto,Bajo
3342,SAN FELIPE MESA,80154,1,Mecanizado Verde,CC01-1940,SI,BONUS 250 EC REGULADOR FISIOLÓGICO,1.5,7.4,11.8,3,9.1,2.4,13.1,8,201808,154,86,2,7.4,Alto,Medio
3343,SAN FELIPE MESA,80154,1,Mecanizado Verde,CC01-1940,SI,BONUS 250 EC REGULADOR FISIOLÓGICO,1.0,13.0,13.0,4,8.0,2.3,14.1,9,201909,109,77,2,3.4,Bajo,Alto
3344,SAN FELIPE MESA,80154,1,Mecanizado Verde,CC01-1940,SI,BONUS 250 EC REGULADOR FISIOLÓGICO,0.8,11.0,12.6,5,9.8,3.7,12.9,9,202009,127,90,2,6.1,Bajo,Medio
3346,SAN FELIPE MESA,80154,2,Mecanizado Verde,CC01-1940,SI,BONUS 250 EC REGULADOR FISIOLÓGICO,1.2,6.7,12.7,1,9.4,2.2,13.3,10,202010,138,102,2,7.2,Medio,Alto
3350,SAN FELIPE MESA,80154,3,Mecanizado Verde,CC01-1940,SI,BONUS 250 EC REGULADOR FISIOLÓGICO,1.2,10.0,12.3,3,10.5,5.9,11.8,2,201702,133,162,2,3.0,Bajo,Bajo
3351,SAN FELIPE MESA,80154,3,Mecanizado Verde,CC01-1940,SI,BONUS 250 EC REGULADOR FISIOLÓGICO,1.4,9.4,13.8,4,10.9,3.2,12.3,4,201804,140,288,2,4.8,Medio,Bajo
3352,SAN FELIPE MESA,80154,3,Mecanizado Verde,CC01-1940,SI,BONUS 250 EC REGULADOR FISIOLÓGICO,1.2,7.0,11.8,5,10.2,4.2,12.3,4,201904,114,249,2,3.4,Bajo,Bajo
3353,SAN FELIPE MESA,80154,3,Mecanizado Verde,CC01-1940,SI,BONUS 250 EC REGULADOR FISIOLÓGICO,0.8,11.0,13.5,1,8.6,2.1,12.4,11,202011,135,121,2,7.2,Medio,Bajo
3354,SAN FELIPE MESA,80154,4,Mecanizado Verde,CC01-1940,SI,BONUS 250 EC REGULADOR FISIOLÓGICO,1.4,9.7,13.9,2,6.4,2.1,12.8,8,201708,169,325,2,8.3,Alto,Medio
3355,SAN FELIPE MESA,80154,4,Mecanizado Verde,CC01-1940,SI,BONUS 250 EC REGULADOR FISIOLÓGICO,1.5,7.6,11.8,3,9.3,2.3,12.9,8,201808,160,98,2,9.1,Alto,Medio
3356,SAN FELIPE MESA,80154,4,Mecanizado Verde,CC01-1940,SI,BONUS 250 EC REGULADOR FISIOLÓGICO,0.8,11.3,12.7,5,8.9,4.5,12.6,9,202009,117,96,2,8.2,Bajo,Medio
3358,SAN FELIPE MESA,80154,004A,Mecanizado Verde,CC01-1940,SI,BONUS 250 EC REGULADOR FISIOLÓGICO,1.3,16.4,14.5,1,9.9,3.0,10.8,2,201702,160,349,2,13.7,Alto,Bajo
3359,SAN FELIPE MESA,80154,004A,Mecanizado Verde,CC01-1940,SI,BONUS 250 EC REGULADOR FISIOLÓGICO,1.4,9.7,13.9,2,7.8,2.6,12.0,4,201804,138,293,2,7.0,Medio,Bajo
3360,SAN FELIPE MESA,80154,004A,Mecanizado Verde,CC01-1940,SI,BONUS 250 EC REGULADOR FISIOLÓGICO,1.2,6.9,11.7,3,15.0,2.6,13.0,4,201904,129,242,2,6.7,Bajo,Medio
3361,SAN FELIPE MESA,80154,004B,Mecanizado Verde,CC01-1940,SI,BONUS 250 EC REGULADOR FISIOLÓGICO,1.2,12.4,13.0,3,12.8,3.3,11.9,5,201905,120,356,2,6.9,Bajo,Bajo
3362,SAN FELIPE MESA,80154,004C,Mecanizado Verde,CC01-1940,SI,BONUS 250 EC REGULADOR FISIOLÓGICO,1.0,12.9,12.9,4,9.2,2.9,14.3,9,201909,111,77,2,7.2,Bajo,Alto
3363,SAN FELIPE MESA,80154,005B,Mecanizado Verde,CC01-1940,SI,BONUS 250 EC REGULADOR FISIOLÓGICO,1.2,7.0,13.3,1,10.1,2.4,12.9,11,202011,123,121,2,7.2,Bajo,Medio
3364,SAN FELIPE MESA,80154,6,Mecanizado Verde,CC01-1940,SI,BONUS 250 EC REGULADOR FISIOLÓGICO,1.3,8.6,12.3,3,10.3,2.7,11.8,12,201612,160,205,2,3.0,Alto,Bajo
3365,SAN FELIPE MESA,80154,6,Mecanizado Verde,CC01-1940,SI,BONUS 250 EC REGULADOR FISIOLÓGICO,1.2,12.6,14.8,4,6.4,3.9,13.3,3,201803,124,452,2,7.3,Bajo,Alto
3366,SAN FELIPE MESA,80154,6,Mecanizado Verde,CC01-1940,SI,BONUS 250 EC REGULADOR FISIOLÓGICO,0.8,7.4,12.8,1,8.6,5.3,12.8,9,202009,130,98,2,7.3,Bajo,Medio
3367,SAN FELIPE MESA,80154,8,Mecanizado Verde,CC01-1940,SI,BONUS 250 EC REGULADOR FISIOLÓGICO,1.0,13.4,14.4,1,8.7,3.4,13.3,12,201912,121,323,2,2.8,Bajo,Alto
3368,SAN FELIPE MESA,80154,9,Mecanizado Verde,CC01-1940,SI,BONUS 250 EC REGULADOR FISIOLÓGICO,1.3,22.0,15.2,3,6.0,20.4,9.8,8,201708,144,490,2,3.2,Medio,Bajo
3369,SAN FELIPE MESA,80154,009A,Mecanizado Verde,CC01-1940,SI,BONUS 250 EC REGULADOR FISIOLÓGICO,0.8,10.4,13.4,1,10.0,3.1,12.6,5,201905,129,371,2,4.8,Bajo,Medio
3370,SAN FELIPE MESA,80154,009A,Mecanizado Verde,CC01-1940,SI,BONUS 250 EC REGULADOR FISIOLÓGICO,0.8,9.4,12.5,2,8.6,2.3,13.4,5,202005,108,142,2,7.3,Bajo,Alto
3371,SAN FELIPE MESA,80154,10,Mecanizado Verde,CC01-1940,SI,BONUS 250 EC REGULADOR FISIOLÓGICO,0.8,11.4,12.6,2,9.1,2.0,13.4,1,202101,93,90,2,6.0,Bajo,Alto
3372,SAN FELIPE QUINTERO,82507,1,Mecanizado Verde,CC01-1940,SI,BONUS 250 EC REGULADOR FISIOLÓGICO,1.0,8.9,12.4,1,9.0,2.8,13.0,2,201902,151,28,2,8.0,Medio,Medio
3373,SAN FELIPE QUINTERO,82507,1,Mecanizado Verde,CC01-1940,SI,BONUS 250 EC REGULADOR FISIOLÓGICO,1.2,7.4,12.1,2,9.4,2.2,13.0,2,202002,135,21,2,8.0,Medio,Medio
3378,SAN FELIPE QUINTERO,82507,3,Mecanizado Verde,CC01-1940,SI,BONUS 250 EC REGULADOR FISIOLÓGICO,1.4,8.0,13.3,1,11.0,2.2,12.8,4,202004,170,106,2,4.7,Alto,Medio
3382,SAN FELIPE QUINTERO,82507,5,Mecanizado Verde,CC01-1940,SI,BONUS 250 EC REGULADOR FISIOLÓGICO,0.8,9.6,13.5,1,10.2,2.4,13.3,12,202012,160,150,2,6.3,Alto,Alto
3385,SAN FELIPE RESTREPO,80528,1,Mecanizado Verde,CC01-1940,SI,BONUS 250 EC REGULADOR FISIOLÓGICO,0.8,9.3,12.3,1,11.7,3.9,12.0,7,202007,129,234,3,3.2,Bajo,Bajo
3386,SAN FELIPE RESTREPO,80528,001A,Mecanizado Verde,CC01-1940,SI,BONUS 250 EC REGULADOR FISIOLÓGICO,0.8,9.0,12.4,5,10.5,5.6,12.5,4,201904,121,0,3,3.2,Bajo,Medio
3390,SAN FELIPE RESTREPO,80528,002A,Mecanizado Verde,CC01-1940,SI,BONUS 250 EC REGULADOR FISIOLÓGICO,1.0,5.7,12.4,1,8.0,4.6,11.3,3,202003,161,0,3,1.8,Alto,Bajo
3393,SAN FELIPE RESTREPO,80528,003A,Mecanizado Verde,CC01-1940,SI,BONUS 250 EC REGULADOR FISIOLÓGICO,0.8,12.1,13.2,1,6.3,4.3,13.3,3,202003,162,0,3,1.8,Alto,Alto
3398,SAN FELIPE RESTREPO,80528,004A,Mecanizado Verde,CC01-1940,SI,BONUS 250 EC REGULADOR FISIOLÓGICO,0.8,9.4,13.3,1,8.4,5.9,10.9,7,202007,186,238,3,3.2,Alto,Bajo
3401,SAN FELIPE RESTREPO,80528,6,Mecanizado Verde,CC01-1940,SI,BONUS 250 EC REGULADOR FISIOLÓGICO,1.0,8.0,11.8,4,14.5,5.0,12.0,11,201911,108,0,3,1.8,Bajo,Bajo
3404,SAN FELIPE RESTREPO,80528,006C,Mecanizado Verde,CC01-1940,SI,BONUS 250 EC REGULADOR FISIOLÓGICO,0.6,3.6,12.0,1,5.1,4.8,12.0,8,201908,120,0,3,3.2,Bajo,Bajo
3405,SAN FELIPE RESTREPO,80528,006C,Mecanizado Verde,CC01-1940,SI,BONUS 250 EC REGULADOR FISIOLÓGICO,0.8,8.0,12.4,2,10.0,4.7,10.0,8,202008,121,182,3,3.2,Bajo,Bajo
3407,SAN FELIPE RESTREPO,80528,006D,Mecanizado Verde,CC01-1940,SI,BONUS 250 EC REGULADOR FISIOLÓGICO,0.8,12.7,13.7,1,7.8,6.5,13.2,3,202003,125,0,3,3.2,Bajo,Alto
3408,SAN GERARDO,80284,001B,Mecanizado Verde,CC01-1940,SI,BONUS 250 EC REGULADOR FISIOLÓGICO,1.3,10.3,13.1,1,9.9,2.5,13.1,11,201811,111,145,2,1.8,Bajo,Medio
3409,SAN GERARDO,80284,001C,Mecanizado Verde,CC01-1940,SI,BONUS 250 EC REGULADOR FISIOLÓGICO,1.3,17.3,14.7,1,8.1,1.6,14.3,12,201812,119,270,2,2.3,Bajo,Alto
3410,SAN GERARDO ARANGO,80370,3,Mecanizado Verde,CC01-1940,SI,BONUS 250 EC REGULADOR FISIOLÓGICO,0.8,11.0,11.5,3,8.4,4.7,12.4,9,202009,136,0,3,13.6,Medio,Bajo
3411,SAN GERARDO ARANGO,80370,4,Mecanizado Verde,CC01-1940,SI,BONUS 250 EC REGULADOR FISIOLÓGICO,1.0,8.1,11.0,4,7.7,2.5,12.8,9,201809,149,0,3,3.0,Medio,Medio
3412,SAN GERARDO ARANGO,80370,4,Mecanizado Verde,CC01-1940,SI,BONUS 250 EC REGULADOR FISIOLÓGICO,0.8,11.3,11.8,6,9.8,10.1,12.2,9,202009,161,0,3,9.9,Alto,Bajo
3413,SAN GERARDO ARANGO,80370,5,Mecanizado Verde,CC01-1940,SI,BONUS 250 EC REGULADOR FISIOLÓGICO,0.8,8.0,10.9,4,7.1,2.6,12.8,9,201809,96,0,3,3.0,Bajo,Medio
3414,SAN GERARDO ARANGO,80370,5,Mecanizado Verde,CC01-1940,SI,BONUS 250 EC REGULADOR FISIOLÓGICO,0.8,10.6,11.8,6,9.0,5.8,12.1,9,202009,149,0,3,11.6,Medio,Bajo
3415,SAN GERARDO ARANGO,80370,7,Mecanizado Verde,CC01-1940,SI,BONUS 250 EC REGULADOR FISIOLÓGICO,0.8,10.6,11.7,3,9.5,3.2,12.2,9,202009,149,0,3,11.6,Medio,Bajo
3416,SAN JOAQUIN,80135,1,Mecanizado Verde,CC01-1940,SI,BONUS 250 EC REGULADOR FISIOLÓGICO,1.5,8.6,12.0,2,8.5,8.2,13.1,8,201808,170,61,2,4.1,Alto,Medio
3417,SAN JOAQUIN,80135,1,Mecanizado Verde,CC01-1940,SI,BONUS 250 EC REGULADOR FISIOLÓGICO,0.8,8.6,12.2,4,5.8,13.8,12.3,8,202008,159,105,2,6.3,Alto,Bajo
3418,SAN JOAQUIN,80135,001A,Mecanizado Verde,CC01-1940,SI,BONUS 250 EC REGULADOR FISIOLÓGICO,0.8,10.6,12.7,4,10.0,2.4,12.4,8,202008,191,145,2,5.7,Alto,Bajo
3419,SAN JOAQUIN,80135,3,Mecanizado Verde,CC01-1940,SI,BONUS 250 EC REGULADOR FISIOLÓGICO,0.8,6.4,11.8,6,9.3,2.2,12.5,5,202005,133,145,2,7.0,Bajo,Medio
3420,SAN JOAQUIN,80135,3,Mecanizado Verde,CC01-1940,SI,BONUS 250 EC REGULADOR FISIOLÓGICO,1.4,12.9,14.0,1,7.3,4.6,13.0,6,201706,175,444,2,13.2,Alto,Medio
3421,SAN JOAQUIN,80135,3,Mecanizado Verde,CC01-1940,SI,BONUS 250 EC REGULADOR FISIOLÓGICO,1.8,7.7,12.5,2,6.1,2.7,13.6,6,201806,123,271,2,5.2,Bajo,Alto
3422,SAN JOAQUIN,80135,003A,Mecanizado Verde,CC01-1940,SI,BONUS 250 EC REGULADOR FISIOLÓGICO,1.0,3.9,11.9,2,11.3,2.0,12.0,4,201604,145,142,2,12.7,Medio,Bajo
3423,SAN JOAQUIN,80135,003A,Mecanizado Verde,CC01-1940,SI,BONUS 250 EC REGULADOR FISIOLÓGICO,1.3,10.3,12.4,3,8.3,2.3,13.1,4,201704,146,266,2,4.9,Medio,Medio
3424,SAN JOAQUIN,80135,003A,Mecanizado Verde,CC01-1940,SI,BONUS 250 EC REGULADOR FISIOLÓGICO,1.4,7.7,12.3,4,9.4,2.2,12.3,5,201805,108,207,2,3.9,Bajo,Bajo
3425,SAN JOAQUIN,80135,003A,Mecanizado Verde,CC01-1940,SI,BONUS 250 EC REGULADOR FISIOLÓGICO,1.2,3.7,11.2,5,11.0,2.0,11.7,4,201904,142,160,2,2.5,Medio,Bajo
3426,SAN JOAQUIN,80135,003B,Mecanizado Verde,CC01-1940,SI,BONUS 250 EC REGULADOR FISIOLÓGICO,1.2,7.7,12.2,5,8.4,2.4,12.4,5,201905,132,291,2,4.0,Bajo,Bajo
3427,SAN JOAQUIN,80135,003B,Mecanizado Verde,CC01-1940,SI,BONUS 250 EC REGULADOR FISIOLÓGICO,1.4,20.6,15.8,1,10.1,2.8,12.3,7,201707,147,496,2,7.3,Medio,Bajo
3428,SAN JOAQUIN,80135,4,Mecanizado Verde,CC01-1940,SI,BONUS 250 EC REGULADOR FISIOLÓGICO,1.2,9.9,13.0,1,10.1,2.3,12.2,12,201612,157,342,2,2.6,Alto,Bajo
3429,SAN JOAQUIN,80135,4,Mecanizado Verde,CC01-1940,SI,BONUS 250 EC REGULADOR FISIOLÓGICO,1.2,3.7,12.5,2,9.0,2.4,11.9,1,201801,172,220,2,5.4,Alto,Bajo
3430,SAN JOAQUIN,80135,4,Mecanizado Verde,CC01-1940,SI,BONUS 250 EC REGULADOR FISIOLÓGICO,1.4,8.3,12.1,4,9.0,4.6,13.1,1,202001,138,72,2,4.5,Medio,Medio
3431,SAN JOAQUIN,80135,4,Mecanizado Verde,CC01-1940,SI,BONUS 250 EC REGULADOR FISIOLÓGICO,0.8,10.0,12.3,5,8.9,2.2,12.9,1,202101,156,111,2,3.2,Alto,Medio
3432,SAN JOAQUIN,80135,5,Mecanizado Verde,CC01-1940,SI,BONUS 250 EC REGULADOR FISIOLÓGICO,1.2,9.4,13.0,1,9.4,2.1,11.8,12,201612,160,333,2,1.8,Alto,Bajo
3433,SAN JOAQUIN,80135,5,Mecanizado Verde,CC01-1940,SI,BONUS 250 EC REGULADOR FISIOLÓGICO,1.2,3.3,12.5,2,9.5,2.1,11.7,1,201801,180,206,2,6.2,Alto,Bajo
3434,SAN JOAQUIN,80135,5,Mecanizado Verde,CC01-1940,SI,BONUS 250 EC REGULADOR FISIOLÓGICO,1.4,7.7,11.9,4,10.8,2.5,13.3,1,202001,142,72,2,4.5,Medio,Alto
3435,SAN JOAQUIN,80135,5,Mecanizado Verde,CC01-1940,SI,BONUS 250 EC REGULADOR FISIOLÓGICO,0.8,9.7,12.3,5,9.8,2.1,13.1,1,202101,148,111,2,3.2,Medio,Medio
3437,SAN JOAQUIN,80135,6,Mecanizado Verde,CC01-1940,SI,BONUS 250 EC REGULADOR FISIOLÓGICO,0.8,8.6,12.9,1,8.3,2.4,12.7,3,201603,147,91,2,9.5,Medio,Medio
3438,SAN JOAQUIN,80135,6,Mecanizado Verde,CC01-1940,SI,BONUS 250 EC REGULADOR FISIOLÓGICO,1.3,8.4,12.3,2,8.3,2.8,12.6,4,201704,159,178,2,2.5,Alto,Medio
3439,SAN JOAQUIN,80135,6,Mecanizado Verde,CC01-1940,SI,BONUS 250 EC REGULADOR FISIOLÓGICO,1.4,7.3,12.7,3,9.1,2.1,12.3,4,201804,141,291,2,5.4,Medio,Bajo
3440,SAN JOAQUIN,80135,6,Mecanizado Verde,CC01-1940,SI,BONUS 250 EC REGULADOR FISIOLÓGICO,1.2,9.3,12.3,4,7.8,1.8,13.7,5,201905,128,291,2,2.4,Bajo,Alto
3441,SAN JOAQUIN,80135,6,Mecanizado Verde,CC01-1940,SI,BONUS 250 EC REGULADOR FISIOLÓGICO,0.8,6.0,11.7,5,9.4,3.1,12.5,4,202004,136,145,2,5.0,Medio,Medio
3447,SAN JOSE DEL HATO,80227,010A,Mecanizado Verde,CC01-1940,SI,BONUS 250 EC REGULADOR FISIOLÓGICO,0.8,11.3,14.5,1,9.6,2.1,13.0,3,201803,142,308,2,7.1,Medio,Medio
3448,SAN JOSE DEL HATO,80227,010A,Mecanizado Verde,CC01-1940,SI,BONUS 250 EC REGULADOR FISIOLÓGICO,1.0,7.9,11.8,2,9.1,1.8,13.2,3,201903,116,138,2,5.4,Bajo,Alto
3450,SAN JOSE DEL HATO,80227,14,Mecanizado Verde,CC01-1940,SI,BONUS 250 EC REGULADOR FISIOLÓGICO,0.8,13.4,13.1,3,10.0,1.1,13.4,11,202011,125,244,2,3.9,Bajo,Alto
3451,SAN JOSE DEL HATO,80227,014A,Mecanizado Verde,CC01-1940,SI,BONUS 250 EC REGULADOR FISIOLÓGICO,0.7,9.7,13.9,1,11.8,2.0,11.4,1,201801,150,377,2,3.3,Medio,Bajo
3452,SAN JOSE DEL HATO,80227,014A,Mecanizado Verde,CC01-1940,SI,BONUS 250 EC REGULADOR FISIOLÓGICO,1.2,8.1,11.8,2,11.1,1.4,12.2,1,201901,150,157,2,3.1,Medio,Bajo
3453,SAN JOSE DEL HATO,80227,014A,Mecanizado Verde,CC01-1940,SI,BONUS 250 EC REGULADOR FISIOLÓGICO,1.2,12.4,12.9,3,9.7,2.2,13.4,2,202002,123,137,2,3.1,Bajo,Alto
3457,SAN JOSE GARCES,80281,001A,Mecanizado Verde,CC01-1940,SI,BONUS 250 EC REGULADOR FISIOLÓGICO,1.4,11.4,14.0,1,7.4,4.7,10.3,1,201801,142,465,2,6.6,Medio,Bajo
3458,SAN JOSE GARCES,80281,001B,Mecanizado Verde,CC01-1940,SI,BONUS 250 EC REGULADOR FISIOLÓGICO,1.0,10.7,13.4,1,5.0,2.7,13.6,9,201909,123,99,2,2.4,Bajo,Alto
3459,SAN JOSE GARCES,80281,001B,Mecanizado Verde,CC01-1940,SI,BONUS 250 EC REGULADOR FISIOLÓGICO,0.8,11.0,12.9,2,15.0,2.6,15.0,10,202010,122,204,2,4.9,Bajo,Alto
3462,SAN JOSE GARCES,80281,001D,Mecanizado Verde,CC01-1940,SI,BONUS 250 EC REGULADOR FISIOLÓGICO,1.2,4.7,13.0,1,8.7,2.6,10.2,5,201705,124,481,2,7.2,Bajo,Bajo
3463,SAN JOSE GARCES,80281,001D,Mecanizado Verde,CC01-1940,SI,BONUS 250 EC REGULADOR FISIOLÓGICO,1.2,3.6,11.0,3,10.7,10.2,12.3,4,201904,85,160,2,5.0,Bajo,Bajo
3468,SAN JOSE GARCES,80281,002A,Mecanizado Verde,CC01-1940,SI,BONUS 250 EC REGULADOR FISIOLÓGICO,1.0,10.0,12.3,2,8.4,2.5,12.2,9,201609,179,122,2,7.4,Alto,Bajo
3469,SAN JOSE GARCES,80281,002A,Mecanizado Verde,CC01-1940,SI,BONUS 250 EC REGULADOR FISIOLÓGICO,1.2,2.6,13.0,3,12.6,2.2,11.7,10,201710,182,254,2,4.9,Alto,Bajo
3470,SAN JOSE GARCES,80281,002A,Mecanizado Verde,CC01-1940,SI,BONUS 250 EC REGULADOR FISIOLÓGICO,1.5,8.4,11.9,4,8.5,2.4,13.0,10,201810,142,151,2,3.2,Medio,Medio
3471,SAN JOSE GARCES,80281,002A,Mecanizado Verde,CC01-1940,SI,BONUS 250 EC REGULADOR FISIOLÓGICO,1.0,6.7,11.8,5,8.1,2.7,12.4,10,201910,125,186,2,2.3,Bajo,Bajo
3472,SAN JOSE GARCES,80281,002A,Mecanizado Verde,CC01-1940,SI,BONUS 250 EC REGULADOR FISIOLÓGICO,0.8,6.9,11.5,6,8.0,2.5,13.9,10,202010,142,81,2,6.2,Medio,Alto
3482,SAN JOSE GARCES,80281,5,Mecanizado Verde,CC01-1940,SI,BONUS 250 EC REGULADOR FISIOLÓGICO,1.0,8.1,11.7,2,7.1,2.4,13.3,3,201603,124,101,2,6.7,Bajo,Alto
3483,SAN JOSE GARCES,80281,5,Mecanizado Verde,CC01-1940,SI,BONUS 250 EC REGULADOR FISIOLÓGICO,1.2,6.0,12.5,4,8.9,2.0,12.0,4,201804,128,281,2,3.5,Bajo,Bajo
3484,SAN JOSE GARCES,80281,5,Mecanizado Verde,CC01-1940,SI,BONUS 250 EC REGULADOR FISIOLÓGICO,1.0,8.7,11.9,5,9.3,2.0,12.8,4,201904,122,238,2,3.1,Bajo,Medio
3485,SAN JOSE GARCES,80281,5,Mecanizado Verde,CC01-1940,SI,BONUS 250 EC REGULADOR FISIOLÓGICO,1.2,3.6,11.3,6,8.2,2.4,13.6,3,202003,110,76,2,2.4,Bajo,Alto
3494,SAN JOSE MILAGROSO,80193,1,Mecanizado Verde,CC01-1940,SI,BONUS 250 EC REGULADOR FISIOLÓGICO,1.5,6.4,11.3,2,10.3,3.6,12.9,12,201812,115,203,2,5.9,Bajo,Medio
3496,SAN JOSE MILAGROSO,80193,2,Mecanizado Verde,CC01-1940,SI,BONUS 250 EC REGULADOR FISIOLÓGICO,1.2,16.7,14.9,1,9.0,3.6,14.4,9,201909,126,174,2,4.1,Bajo,Alto
3497,SAN JOSE MILAGROSO,80193,2,Mecanizado Verde,CC01-1940,SI,BONUS 250 EC REGULADOR FISIOLÓGICO,0.8,12.1,12.8,2,8.5,3.1,14.0,10,202010,123,192,2,1.7,Bajo,Alto
3501,SAN JUANITO MU6OZ,80405,001A,Mecanizado Verde,CC01-1940,SI,BONUS 250 EC REGULADOR FISIOLÓGICO,0.8,12.3,13.5,8,9.1,3.3,11.6,12,201912,93,0,3,3.7,Bajo,Bajo
3503,SAN JUANITO MU6OZ,80405,4,Mecanizado Verde,CC01-1940,SI,BONUS 250 EC REGULADOR FISIOLÓGICO,0.8,13.3,14.9,1,10.0,19.6,13.3,12,201912,133,0,3,3.2,Bajo,Alto
3504,SAN JUANITO SINISTERRA,80206,1,Mecanizado Verde,CC01-1940,SI,BONUS 250 EC REGULADOR FISIOLÓGICO,1.2,11.6,13.8,1,10.7,2.3,10.2,2,201702,147,513,2,2.6,Medio,Bajo
3505,SAN JUANITO SINISTERRA,80206,1,Mecanizado Verde,CC01-1940,SI,BONUS 250 EC REGULADOR FISIOLÓGICO,1.2,7.3,11.8,3,12.0,1.8,12.1,4,201904,130,237,2,1.1,Bajo,Bajo
3506,SAN JUANITO SINISTERRA,80206,003A,Mecanizado Verde,CC01-1940,SI,BONUS 250 EC REGULADOR FISIOLÓGICO,0.8,5.7,11.3,3,9.7,20.4,12.2,7,202007,143,109,2,3.1,Medio,Bajo
3507,SAN LUCAS BARONA,80550,5,Mecanizado Verde,CC01-1940,SI,BONUS 250 EC REGULADOR FISIOLÓGICO,1.2,11.7,14.3,1,5.3,5.5,12.8,9,201709,180,123,3,3.0,Alto,Medio
3508,SAN LUCAS BARONA,80550,5,Mecanizado Verde,CC01-1940,SI,BONUS 250 EC REGULADOR FISIOLÓGICO,1.0,9.1,12.9,2,9.0,2.2,13.1,10,201810,167,29,3,1.5,Alto,Medio
3509,SAN LUCAS BARONA,80550,5,Mecanizado Verde,CC01-1940,SI,BONUS 250 EC REGULADOR FISIOLÓGICO,1.0,7.4,12.2,3,9.9,1.6,12.2,11,201911,151,0,3,3.6,Medio,Bajo
3510,SAN LUCAS BARONA,80550,5,Mecanizado Verde,CC01-1940,SI,BONUS 250 EC REGULADOR FISIOLÓGICO,0.8,9.0,14.3,4,9.4,1.6,13.1,1,202101,152,80,3,3.0,Medio,Medio
3511,SAN MARINO,80150,1,Mecanizado Verde,CC01-1940,SI,BONUS 250 EC REGULADOR FISIOLÓGICO,0.8,8.6,11.8,2,9.2,3.5,12.7,5,202005,128,130,2,2.8,Bajo,Medio
3514,SAN MARINO,80150,2,Mecanizado Verde,CC01-1940,SI,BONUS 250 EC REGULADOR FISIOLÓGICO,1.2,7.4,12.7,1,9.3,2.5,10.9,6,201906,142,274,2,2.3,Medio,Bajo
3516,SAN MARINO,80150,3,Mecanizado Verde,CC01-1940,SI,BONUS 250 EC REGULADOR FISIOLÓGICO,0.8,11.0,14.1,1,6.8,3.0,14.3,6,201506,139,191,2,5.8,Medio,Alto
3517,SAN MARINO,80150,3,Mecanizado Verde,CC01-1940,SI,BONUS 250 EC REGULADOR FISIOLÓGICO,1.2,10.1,12.5,3,10.4,2.4,11.7,6,201706,132,318,2,0.9,Bajo,Bajo
3518,SAN MARINO,80150,3,Mecanizado Verde,CC01-1940,SI,BONUS 250 EC REGULADOR FISIOLÓGICO,1.8,7.9,12.0,4,7.5,2.5,13.4,6,201806,117,143,2,0.8,Bajo,Alto
3519,SAN MARINO,80150,3,Mecanizado Verde,CC01-1940,SI,BONUS 250 EC REGULADOR FISIOLÓGICO,1.2,3.9,11.2,5,11.0,2.8,11.3,5,201905,121,71,2,0.7,Bajo,Bajo
3520,SAN MARINO,80150,3,Mecanizado Verde,CC01-1940,SI,BONUS 250 EC REGULADOR FISIOLÓGICO,0.8,8.3,12.0,6,9.1,2.9,12.6,5,202005,127,130,2,3.1,Bajo,Medio
3521,SAN MARINO,80150,4,Mecanizado Verde,CC01-1940,SI,BONUS 250 EC REGULADOR FISIOLÓGICO,1.2,10.3,12.5,3,8.6,2.4,11.8,6,201706,143,318,2,4.4,Medio,Bajo
3522,SAN MARINO,80150,4,Mecanizado Verde,CC01-1940,SI,BONUS 250 EC REGULADOR FISIOLÓGICO,1.8,8.0,12.0,4,7.3,2.5,13.0,6,201806,104,143,2,0.2,Bajo,Medio
3523,SAN MARINO,80150,4,Mecanizado Verde,CC01-1940,SI,BONUS 250 EC REGULADOR FISIOLÓGICO,1.0,9.6,13.4,1,8.0,2.8,13.8,11,201911,135,162,2,2.2,Medio,Alto
3524,SAN MARINO,80150,4,Mecanizado Verde,CC01-1940,SI,BONUS 250 EC REGULADOR FISIOLÓGICO,1.0,11.1,12.7,2,9.1,2.5,13.9,11,202011,152,88,2,1.5,Medio,Alto
3525,SAN MARINO,80150,004A,Mecanizado Verde,CC01-1940,SI,BONUS 250 EC REGULADOR FISIOLÓGICO,1.2,7.0,12.3,1,11.5,3.3,10.1,5,201905,161,267,2,1.7,Alto,Bajo
3526,SAN MARINO,80150,004A,Mecanizado Verde,CC01-1940,SI,BONUS 250 EC REGULADOR FISIOLÓGICO,0.8,8.4,11.9,2,10.5,2.8,12.5,5,202005,158,130,2,2.8,Alto,Medio
3527,SAN MARINO,80150,5,Mecanizado Verde,CC01-1940,SI,BONUS 250 EC REGULADOR FISIOLÓGICO,1.2,7.1,12.4,1,12.5,2.7,11.3,6,201906,163,267,2,2.0,Alto,Bajo
3528,SAN MARINO,80150,5,Mecanizado Verde,CC01-1940,SI,BONUS 250 EC REGULADOR FISIOLÓGICO,0.8,8.7,11.8,2,10.1,2.4,12.7,5,202005,147,130,2,3.2,Medio,Medio
3538,SAN MARINO,80150,007A,Mecanizado Verde,CC01-1940,SI,BONUS 250 EC REGULADOR FISIOLÓGICO,0.8,8.6,12.0,3,10.3,2.2,12.0,5,202005,156,130,2,3.2,Alto,Bajo
3541,SAN MARINO,80150,007B,Mecanizado Verde,CC01-1940,SI,BONUS 250 EC REGULADOR FISIOLÓGICO,1.0,9.6,13.6,1,15.0,2.5,13.2,11,201911,168,162,2,2.2,Alto,Alto
3545,SAN MIGUEL 3 ,80181,5,Mecanizado Verde,CC01-1940,SI,BONUS 250 EC REGULADOR FISIOLÓGICO,0.8,7.4,11.7,2,9.7,2.8,13.0,10,201810,172,49,2,3.1,Alto,Medio
3546,SAN MIGUEL 3 ,80181,6,Mecanizado Verde,CC01-1940,SI,BONUS 250 EC REGULADOR FISIOLÓGICO,0.8,7.4,11.7,2,12.4,2.9,12.7,10,201810,153,49,2,3.1,Medio,Medio
3553,SAN MIGUEL 3 ,80181,013C,Mecanizado Verde,CC01-1940,SI,BONUS 250 EC REGULADOR FISIOLÓGICO,0.8,9.3,12.3,1,9.5,2.7,12.4,9,201809,173,56,2,4.7,Alto,Bajo
3554,SAN MIGUEL 3 ,80181,013C,Mecanizado Verde,CC01-1940,SI,BONUS 250 EC REGULADOR FISIOLÓGICO,0.8,9.1,11.9,2,8.2,2.1,13.3,9,201909,122,44,2,2.9,Bajo,Alto
3555,SAN MIGUEL 3 ,80181,013C,Mecanizado Verde,CC01-1940,SI,BONUS 250 EC REGULADOR FISIOLÓGICO,0.5,9.0,12.2,3,7.2,3.5,13.3,9,202009,145,44,2,4.6,Medio,Alto
3556,SAN MIGUEL 3 ,80181,14,Mecanizado Verde,CC01-1940,SI,BONUS 250 EC REGULADOR FISIOLÓGICO,0.8,9.1,13.4,1,8.2,7.5,13.6,9,201809,180,76,2,4.7,Alto,Alto
3557,SAN MIGUEL 3 ,80181,14,Mecanizado Verde,CC01-1940,SI,BONUS 250 EC REGULADOR FISIOLÓGICO,0.8,9.4,12.0,2,8.2,2.2,13.5,9,201909,162,44,2,2.3,Alto,Alto
3558,SAN MIGUEL 3 ,80181,14,Mecanizado Verde,CC01-1940,SI,BONUS 250 EC REGULADOR FISIOLÓGICO,0.5,9.0,12.2,3,8.1,2.7,12.9,9,202009,160,44,2,4.6,Alto,Medio
3559,SAN MIGUEL CARVAJAL,80426,1,Mecanizado Verde,CC01-1940,SI,BONUS 250 EC REGULADOR FISIOLÓGICO,1.4,8.4,12.1,2,9.5,9.2,12.7,6,201806,149,191,3,4.0,Medio,Medio
3560,SAN MIGUEL CARVAJAL,80426,1,Mecanizado Verde,CC01-1940,SI,BONUS 250 EC REGULADOR FISIOLÓGICO,1.0,10.9,12.4,3,8.3,1.7,12.5,6,201906,162,0,3,2.7,Alto,Medio
3561,SAN MIGUEL CARVAJAL,80426,1,Mecanizado Verde,CC01-1940,SI,BONUS 250 EC REGULADOR FISIOLÓGICO,0.8,6.9,11.7,4,10.2,1.9,12.5,6,202006,165,50,3,2.1,Alto,Medio
3563,SAN MIGUEL CARVAJAL,80426,2,Mecanizado Verde,CC01-1940,SI,BONUS 250 EC REGULADOR FISIOLÓGICO,1.0,7.3,12.7,1,9.4,3.8,12.9,4,201904,183,0,3,3.2,Alto,Medio
3564,SAN MIGUEL CARVAJAL,80426,2,Mecanizado Verde,CC01-1940,SI,BONUS 250 EC REGULADOR FISIOLÓGICO,1.0,6.7,12.0,2,8.6,1.6,12.8,4,202004,164,95,3,3.2,Alto,Medio
3567,SAN MIGUEL CARVAJAL,80426,3,Mecanizado Verde,CC01-1940,SI,BONUS 250 EC REGULADOR FISIOLÓGICO,1.0,7.1,12.5,1,9.6,1.7,13.3,4,201904,170,0,3,3.2,Alto,Alto
3568,SAN MIGUEL CARVAJAL,80426,3,Mecanizado Verde,CC01-1940,SI,BONUS 250 EC REGULADOR FISIOLÓGICO,1.0,6.4,12.0,2,7.7,1.5,13.5,4,202004,147,77,3,3.2,Medio,Alto
3569,SAN MIGUEL CARVAJAL,80426,4,Mecanizado Verde,CC01-1940,SI,BONUS 250 EC REGULADOR FISIOLÓGICO,1.0,9.7,12.9,1,6.5,1.9,13.2,10,201610,158,0,3,4.8,Alto,Alto
3570,SAN MIGUEL CARVAJAL,80426,4,Mecanizado Verde,CC01-1940,SI,BONUS 250 EC REGULADOR FISIOLÓGICO,1.2,8.3,13.0,2,11.5,1.8,11.5,11,201711,185,0,3,4.7,Alto,Bajo
3571,SAN MIGUEL CARVAJAL,80426,4,Mecanizado Verde,CC01-1940,SI,BONUS 250 EC REGULADOR FISIOLÓGICO,1.1,9.0,11.7,3,11.5,1.4,12.9,11,201811,159,35,3,3.6,Alto,Medio
3572,SAN MIGUEL CARVAJAL,80426,4,Mecanizado Verde,CC01-1940,SI,BONUS 250 EC REGULADOR FISIOLÓGICO,0.8,9.6,11.9,4,11.0,1.6,12.8,11,201911,160,0,3,3.7,Alto,Medio
3573,SAN MIGUEL CARVAJAL,80426,4,Mecanizado Verde,CC01-1940,SI,BONUS 250 EC REGULADOR FISIOLÓGICO,1.0,8.9,11.7,5,8.9,1.7,13.6,11,202011,147,35,3,3.2,Medio,Alto
3574,SAN MIGUEL CARVAJAL,80426,5,Mecanizado Verde,CC01-1940,SI,BONUS 250 EC REGULADOR FISIOLÓGICO,1.5,7.0,15.0,2,10.4,16.9,12.5,11,201711,194,73,3,4.7,Alto,Medio
3575,SAN MIGUEL CARVAJAL,80426,5,Mecanizado Verde,CC01-1940,SI,BONUS 250 EC REGULADOR FISIOLÓGICO,1.1,9.1,12.1,3,12.8,1.9,12.6,11,201811,147,29,3,3.0,Medio,Medio
3576,SAN MIGUEL CARVAJAL,80426,5,Mecanizado Verde,CC01-1940,SI,BONUS 250 EC REGULADOR FISIOLÓGICO,0.8,9.1,11.8,4,11.9,2.1,12.2,11,201911,153,0,3,3.7,Medio,Bajo
3577,SAN MIGUEL CARVAJAL,80426,5,Mecanizado Verde,CC01-1940,SI,BONUS 250 EC REGULADOR FISIOLÓGICO,1.0,10.6,12.2,5,11.4,2.0,13.5,11,202011,157,59,3,3.2,Alto,Alto
3578,SAN MIGUEL CARVAJAL,80426,6,Mecanizado Verde,CC01-1940,SI,BONUS 250 EC REGULADOR FISIOLÓGICO,1.0,7.0,12.6,1,8.9,4.1,13.3,4,201904,180,0,3,3.2,Alto,Alto
3579,SAN MIGUEL CARVAJAL,80426,6,Mecanizado Verde,CC01-1940,SI,BONUS 250 EC REGULADOR FISIOLÓGICO,1.0,5.9,11.8,2,8.9,1.6,12.9,3,202003,141,97,3,3.2,Medio,Medio
3581,SAN MIGUEL CARVAJAL,80426,7,Mecanizado Verde,CC01-1940,SI,BONUS 250 EC REGULADOR FISIOLÓGICO,1.5,6.7,14.8,2,10.8,15.3,11.8,11,201711,227,65,3,4.7,Alto,Bajo
3582,SAN MIGUEL CARVAJAL,80426,7,Mecanizado Verde,CC01-1940,SI,BONUS 250 EC REGULADOR FISIOLÓGICO,1.1,9.1,12.1,3,11.4,1.7,12.9,11,201811,168,29,3,3.0,Alto,Medio
3583,SAN MIGUEL CARVAJAL,80426,7,Mecanizado Verde,CC01-1940,SI,BONUS 250 EC REGULADOR FISIOLÓGICO,0.8,9.0,11.7,4,9.7,1.6,12.2,11,201911,165,0,3,3.7,Alto,Bajo
3584,SAN MIGUEL CARVAJAL,80426,7,Mecanizado Verde,CC01-1940,SI,BONUS 250 EC REGULADOR FISIOLÓGICO,1.0,10.7,12.2,5,10.8,2.2,13.7,11,202011,163,59,3,3.2,Alto,Alto
3585,SAN MIGUEL CARVAJAL,80426,8,Mecanizado Verde,CC01-1940,SI,BONUS 250 EC REGULADOR FISIOLÓGICO,0.8,6.4,12.9,2,8.1,1.5,12.9,1,201901,182,0,3,2.1,Alto,Medio
3586,SAN MIGUEL CARVAJAL,80426,8,Mecanizado Verde,CC01-1940,SI,BONUS 250 EC REGULADOR FISIOLÓGICO,0.8,6.4,11.7,3,10.2,1.6,12.1,1,202001,145,0,3,3.0,Medio,Bajo
3587,SAN MIGUEL CARVAJAL,80426,8,Mecanizado Verde,CC01-1940,SI,BONUS 250 EC REGULADOR FISIOLÓGICO,0.8,7.0,12.2,4,10.1,2.0,13.1,1,202101,143,21,3,5.3,Medio,Medio
3590,SAN MIGUEL CARVAJAL,80426,9,Mecanizado Verde,CC01-1940,SI,BONUS 250 EC REGULADOR FISIOLÓGICO,1.5,8.1,15.2,2,6.8,26.8,10.5,11,201711,164,65,3,4.7,Alto,Bajo
3591,SAN MIGUEL CARVAJAL,80426,9,Mecanizado Verde,CC01-1940,SI,BONUS 250 EC REGULADOR FISIOLÓGICO,1.1,9.1,11.8,3,13.6,2.0,11.4,11,201811,121,29,3,3.0,Bajo,Bajo
3592,SAN MIGUEL CARVAJAL,80426,9,Mecanizado Verde,CC01-1940,SI,BONUS 250 EC REGULADOR FISIOLÓGICO,0.8,9.6,11.9,4,12.5,1.9,13.1,11,201911,149,0,3,3.7,Medio,Medio
3593,SAN MIGUEL CARVAJAL,80426,9,Mecanizado Verde,CC01-1940,SI,BONUS 250 EC REGULADOR FISIOLÓGICO,1.0,8.9,11.7,5,7.8,1.9,12.9,11,202011,137,44,3,3.2,Medio,Medio
3594,SAN MIGUEL CARVAJAL,80426,10,Mecanizado Verde,CC01-1940,SI,BONUS 250 EC REGULADOR FISIOLÓGICO,1.2,8.9,13.3,1,6.6,2.4,12.2,8,201708,198,213,3,3.8,Alto,Bajo
3595,SAN MIGUEL CARVAJAL,80426,10,Mecanizado Verde,CC01-1940,SI,BONUS 250 EC REGULADOR FISIOLÓGICO,1.2,8.4,11.7,3,8.0,6.3,12.3,8,201908,177,0,3,2.4,Alto,Bajo
3596,SAN MIGUEL CARVAJAL,80426,10,Mecanizado Verde,CC01-1940,SI,BONUS 250 EC REGULADOR FISIOLÓGICO,0.8,7.6,11.7,4,9.6,2.1,12.9,8,202008,164,0,3,1.9,Alto,Medio
3599,SAN MIGUEL CARVAJAL,80426,11,Mecanizado Verde,CC01-1940,SI,BONUS 250 EC REGULADOR FISIOLÓGICO,1.2,9.3,13.3,1,7.0,2.9,12.0,8,201708,191,179,3,3.8,Alto,Bajo
3600,SAN MIGUEL CARVAJAL,80426,11,Mecanizado Verde,CC01-1940,SI,BONUS 250 EC REGULADOR FISIOLÓGICO,1.2,8.1,11.7,3,8.3,8.7,12.4,8,201908,175,0,3,2.4,Alto,Bajo
3601,SAN MIGUEL CARVAJAL,80426,11,Mecanizado Verde,CC01-1940,SI,BONUS 250 EC REGULADOR FISIOLÓGICO,0.8,7.0,11.6,4,9.1,2.2,12.3,7,202007,166,9,3,1.9,Alto,Bajo
3604,SAN MIGUEL CARVAJAL,80426,12,Mecanizado Verde,CC01-1940,SI,BONUS 250 EC REGULADOR FISIOLÓGICO,1.0,7.0,12.3,1,10.9,1.6,12.7,4,201904,174,0,3,3.2,Alto,Medio
3605,SAN MIGUEL CARVAJAL,80426,12,Mecanizado Verde,CC01-1940,SI,BONUS 250 EC REGULADOR FISIOLÓGICO,1.0,6.1,11.9,2,8.4,2.1,13.3,4,202004,137,82,3,3.2,Medio,Alto
3607,SAN MIGUEL CARVAJAL,80426,13,Mecanizado Verde,CC01-1940,SI,BONUS 250 EC REGULADOR FISIOLÓGICO,1.0,9.4,13.0,1,6.8,1.8,14.2,10,201610,156,0,3,4.8,Alto,Alto
3608,SAN MIGUEL CARVAJAL,80426,13,Mecanizado Verde,CC01-1940,SI,BONUS 250 EC REGULADOR FISIOLÓGICO,1.2,8.7,13.2,2,10.1,1.8,13.5,11,201711,153,0,3,4.7,Medio,Alto
3609,SAN MIGUEL CARVAJAL,80426,13,Mecanizado Verde,CC01-1940,SI,BONUS 250 EC REGULADOR FISIOLÓGICO,1.1,8.6,11.5,3,10.7,1.8,13.7,11,201811,122,29,3,3.6,Bajo,Alto
3610,SAN MIGUEL CARVAJAL,80426,13,Mecanizado Verde,CC01-1940,SI,BONUS 250 EC REGULADOR FISIOLÓGICO,0.8,8.9,11.8,4,12.3,2.0,12.4,11,201911,143,0,3,3.7,Medio,Bajo
3611,SAN MIGUEL CARVAJAL,80426,13,Mecanizado Verde,CC01-1940,SI,BONUS 250 EC REGULADOR FISIOLÓGICO,1.0,7.3,11.5,5,8.9,2.6,13.0,10,202010,126,44,3,3.2,Bajo,Medio
3612,SAN MIGUEL CARVAJAL,80426,14,Mecanizado Verde,CC01-1940,SI,BONUS 250 EC REGULADOR FISIOLÓGICO,1.0,10.4,12.8,1,7.9,1.8,13.8,10,201610,184,0,3,4.8,Alto,Alto
3613,SAN MIGUEL CARVAJAL,80426,14,Mecanizado Verde,CC01-1940,SI,BONUS 250 EC REGULADOR FISIOLÓGICO,1.2,7.3,12.8,2,10.3,1.8,11.7,11,201711,185,0,3,7.6,Alto,Bajo
3614,SAN MIGUEL CARVAJAL,80426,14,Mecanizado Verde,CC01-1940,SI,BONUS 250 EC REGULADOR FISIOLÓGICO,1.1,8.4,11.8,3,10.6,1.9,13.0,11,201811,174,29,3,3.6,Alto,Medio
3615,SAN MIGUEL CARVAJAL,80426,14,Mecanizado Verde,CC01-1940,SI,BONUS 250 EC REGULADOR FISIOLÓGICO,0.8,8.7,11.8,4,10.3,2.3,11.9,11,201911,164,0,3,3.7,Alto,Bajo
3616,SAN MIGUEL CARVAJAL,80426,14,Mecanizado Verde,CC01-1940,SI,BONUS 250 EC REGULADOR FISIOLÓGICO,1.0,8.4,11.8,5,9.7,2.3,13.2,11,202011,140,44,3,4.1,Medio,Alto
3617,SAN MIGUEL CARVAJAL,80426,15,Mecanizado Verde,CC01-1940,SI,BONUS 250 EC REGULADOR FISIOLÓGICO,1.2,7.7,12.8,2,7.7,7.4,11.8,7,201707,198,135,3,4.1,Alto,Bajo
3618,SAN MIGUEL CARVAJAL,80426,15,Mecanizado Verde,CC01-1940,SI,BONUS 250 EC REGULADOR FISIOLÓGICO,1.0,8.6,12.4,3,8.4,1.6,13.3,8,201808,193,93,3,3.8,Alto,Alto
3619,SAN MIGUEL CARVAJAL,80426,15,Mecanizado Verde,CC01-1940,SI,BONUS 250 EC REGULADOR FISIOLÓGICO,1.2,8.7,11.9,4,8.8,2.1,13.0,8,201908,188,0,3,2.4,Alto,Medio
3620,SAN MIGUEL CARVAJAL,80426,15,Mecanizado Verde,CC01-1940,SI,BONUS 250 EC REGULADOR FISIOLÓGICO,0.8,6.6,11.4,5,9.7,1.7,12.0,7,202007,177,5,3,1.9,Alto,Bajo
3621,SAN MIGUEL CARVAJAL,80426,16,Mecanizado Verde,CC01-1940,SI,BONUS 250 EC REGULADOR FISIOLÓGICO,1.2,9.0,11.9,4,8.8,2.6,12.7,8,201908,162,0,3,2.4,Alto,Medio
3622,SAN MIGUEL CARVAJAL,80426,16,Mecanizado Verde,CC01-1940,SI,BONUS 250 EC REGULADOR FISIOLÓGICO,0.8,8.1,11.7,5,10.1,1.7,12.4,8,202008,159,5,3,1.9,Alto,Bajo
3623,SAN MIGUEL CARVAJAL,80426,17,Mecanizado Verde,CC01-1940,SI,BONUS 250 EC REGULADOR FISIOLÓGICO,1.0,8.3,12.9,1,7.4,1.8,13.3,8,201808,178,148,3,3.8,Alto,Alto
3624,SAN MIGUEL CARVAJAL,80426,17,Mecanizado Verde,CC01-1940,SI,BONUS 250 EC REGULADOR FISIOLÓGICO,1.2,8.4,11.9,2,8.2,2.2,13.0,8,201908,175,0,3,2.4,Alto,Medio
3625,SAN MIGUEL CARVAJAL,80426,17,Mecanizado Verde,CC01-1940,SI,BONUS 250 EC REGULADOR FISIOLÓGICO,0.8,8.0,11.8,3,9.6,2.1,12.7,8,202008,174,5,3,1.9,Alto,Medio
3627,SAN MIGUEL CARVAJAL,80426,18,Mecanizado Verde,CC01-1940,SI,BONUS 250 EC REGULADOR FISIOLÓGICO,1.0,7.3,13.0,1,9.6,2.0,13.3,10,201610,176,0,3,4.8,Alto,Alto
3628,SAN MIGUEL CARVAJAL,80426,18,Mecanizado Verde,CC01-1940,SI,BONUS 250 EC REGULADOR FISIOLÓGICO,1.2,8.6,13.7,2,9.0,1.7,12.7,11,201711,153,73,3,7.8,Medio,Medio
3629,SAN MIGUEL CARVAJAL,80426,18,Mecanizado Verde,CC01-1940,SI,BONUS 250 EC REGULADOR FISIOLÓGICO,1.1,8.9,11.6,3,8.3,1.5,13.8,11,201811,139,67,3,3.6,Medio,Alto
3630,SAN MIGUEL CARVAJAL,80426,18,Mecanizado Verde,CC01-1940,SI,BONUS 250 EC REGULADOR FISIOLÓGICO,1.0,10.0,12.0,4,12.5,1.7,12.4,11,201911,159,0,3,3.7,Alto,Bajo
3631,SAN MIGUEL CARVAJAL,80426,18,Mecanizado Verde,CC01-1940,SI,BONUS 250 EC REGULADOR FISIOLÓGICO,1.0,7.7,11.3,5,10.3,1.5,13.1,11,202011,136,47,3,3.2,Medio,Medio
3635,SAN MIGUEL CARVAJAL,80426,019B,Mecanizado Verde,CC01-1940,SI,BONUS 250 EC REGULADOR FISIOLÓGICO,1.0,9.6,12.5,3,11.1,1.3,11.9,8,201808,183,120,3,3.8,Alto,Bajo
3636,SAN MIGUEL CARVAJAL,80426,019B,Mecanizado Verde,CC01-1940,SI,BONUS 250 EC REGULADOR FISIOLÓGICO,1.2,8.7,11.7,4,11.2,2.0,12.8,8,201908,160,0,3,2.4,Alto,Medio
3637,SAN MIGUEL CARVAJAL,80426,019B,Mecanizado Verde,CC01-1940,SI,BONUS 250 EC REGULADOR FISIOLÓGICO,0.8,8.4,11.8,5,10.1,1.9,11.6,8,202008,174,12,3,1.9,Alto,Bajo
3639,SAN MIGUEL CARVAJAL,80426,20,Mecanizado Verde,CC01-1940,SI,BONUS 250 EC REGULADOR FISIOLÓGICO,1.0,10.9,13.0,1,7.8,1.9,14.3,10,201610,180,0,3,4.8,Alto,Alto
3640,SAN MIGUEL CARVAJAL,80426,20,Mecanizado Verde,CC01-1940,SI,BONUS 250 EC REGULADOR FISIOLÓGICO,1.2,7.0,12.5,2,9.1,2.4,12.2,11,201711,176,0,3,4.7,Alto,Bajo
3641,SAN MIGUEL CARVAJAL,80426,20,Mecanizado Verde,CC01-1940,SI,BONUS 250 EC REGULADOR FISIOLÓGICO,1.1,8.3,11.9,3,11.0,2.3,13.2,11,201811,171,67,3,3.6,Alto,Alto
3642,SAN MIGUEL CARVAJAL,80426,20,Mecanizado Verde,CC01-1940,SI,BONUS 250 EC REGULADOR FISIOLÓGICO,1.0,7.4,11.6,4,12.3,1.4,12.6,11,201911,154,0,3,3.7,Alto,Medio
3643,SAN MIGUEL CARVAJAL,80426,20,Mecanizado Verde,CC01-1940,SI,BONUS 250 EC REGULADOR FISIOLÓGICO,1.0,8.1,12.0,5,8.8,2.2,13.4,11,202011,139,47,3,3.2,Medio,Alto
3644,SAN MIGUEL CARVAJAL,80426,21,Mecanizado Verde,CC01-1940,SI,BONUS 250 EC REGULADOR FISIOLÓGICO,1.0,7.1,12.4,1,11.5,1.6,12.5,4,201904,168,0,3,3.2,Alto,Medio
3645,SAN MIGUEL CARVAJAL,80426,21,Mecanizado Verde,CC01-1940,SI,BONUS 250 EC REGULADOR FISIOLÓGICO,1.0,5.7,11.8,2,8.6,1.3,13.4,3,202003,158,82,3,3.2,Alto,Alto
3646,SAN MIGUEL CARVAJAL,80426,22,Mecanizado Verde,CC01-1940,SI,BONUS 250 EC REGULADOR FISIOLÓGICO,1.0,6.9,12.3,1,10.6,1.3,12.7,4,201904,148,0,3,3.2,Medio,Medio
3647,SAN MIGUEL CARVAJAL,80426,22,Mecanizado Verde,CC01-1940,SI,BONUS 250 EC REGULADOR FISIOLÓGICO,1.0,5.7,11.8,2,9.8,1.4,13.3,3,202003,138,97,3,3.2,Medio,Alto
3648,SAN MIGUEL CARVAJAL,80426,23,Mecanizado Verde,CC01-1940,SI,BONUS 250 EC REGULADOR FISIOLÓGICO,1.0,6.9,13.3,1,11.2,4.9,12.7,4,201904,171,0,3,3.2,Alto,Medio
3649,SAN MIGUEL CARVAJAL,80426,23,Mecanizado Verde,CC01-1940,SI,BONUS 250 EC REGULADOR FISIOLÓGICO,1.0,5.6,11.8,2,9.0,1.6,12.7,3,202003,142,97,3,3.2,Medio,Medio
3652,SAN MIGUEL CARVAJAL,80426,24,Mecanizado Verde,CC01-1940,SI,BONUS 250 EC REGULADOR FISIOLÓGICO,1.2,8.7,13.7,1,7.4,4.8,12.5,8,201708,173,116,3,3.8,Alto,Medio
3653,SAN MIGUEL CARVAJAL,80426,24,Mecanizado Verde,CC01-1940,SI,BONUS 250 EC REGULADOR FISIOLÓGICO,1.0,9.0,12.2,2,9.7,2.2,13.4,8,201808,153,103,3,3.8,Medio,Alto
3654,SAN MIGUEL CARVAJAL,80426,24,Mecanizado Verde,CC01-1940,SI,BONUS 250 EC REGULADOR FISIOLÓGICO,1.2,7.7,11.6,3,9.1,2.0,11.8,8,201908,164,0,3,2.4,Alto,Bajo
3655,SAN MIGUEL CARVAJAL,80426,24,Mecanizado Verde,CC01-1940,SI,BONUS 250 EC REGULADOR FISIOLÓGICO,0.8,7.6,11.8,4,9.4,2.1,12.1,8,202008,168,43,3,1.9,Alto,Bajo
3658,SAN MIGUEL CARVAJAL,80426,25,Mecanizado Verde,CC01-1940,SI,BONUS 250 EC REGULADOR FISIOLÓGICO,1.0,4.6,12.1,2,7.2,1.8,13.0,10,201610,145,0,3,3.0,Medio,Medio
3659,SAN MIGUEL CARVAJAL,80426,25,Mecanizado Verde,CC01-1940,SI,BONUS 250 EC REGULADOR FISIOLÓGICO,1.2,7.1,12.8,3,10.9,2.0,12.3,11,201711,144,0,3,4.7,Medio,Bajo
3660,SAN MIGUEL CARVAJAL,80426,25,Mecanizado Verde,CC01-1940,SI,BONUS 250 EC REGULADOR FISIOLÓGICO,1.1,9.0,12.0,4,10.8,2.0,12.5,11,201811,125,67,3,3.0,Bajo,Medio
3661,SAN MIGUEL CARVAJAL,80426,25,Mecanizado Verde,CC01-1940,SI,BONUS 250 EC REGULADOR FISIOLÓGICO,1.0,9.6,11.9,5,9.7,2.1,12.3,11,201911,117,0,3,3.7,Bajo,Bajo
3662,SAN MIGUEL CARVAJAL,80426,25,Mecanizado Verde,CC01-1940,SI,BONUS 250 EC REGULADOR FISIOLÓGICO,1.0,10.3,12.0,6,11.0,2.4,13.7,11,202011,119,65,3,3.2,Bajo,Alto
3663,SAN MIGUEL CARVAJAL,80426,26,Mecanizado Verde,CC01-1940,SI,BONUS 250 EC REGULADOR FISIOLÓGICO,1.4,8.0,11.8,2,9.0,1.7,11.9,6,201806,157,153,3,5.1,Alto,Bajo
3664,SAN MIGUEL CARVAJAL,80426,26,Mecanizado Verde,CC01-1940,SI,BONUS 250 EC REGULADOR FISIOLÓGICO,1.0,10.4,12.4,3,10.9,1.8,11.9,6,201906,172,0,3,2.4,Alto,Bajo
3665,SAN MIGUEL CARVAJAL,80426,26,Mecanizado Verde,CC01-1940,SI,BONUS 250 EC REGULADOR FISIOLÓGICO,0.8,7.4,11.9,4,10.8,1.8,11.7,6,202006,169,67,3,1.8,Alto,Bajo
3671,SAN MIGUEL CARVAJAL,80426,28,Mecanizado Verde,CC01-1940,SI,BONUS 250 EC REGULADOR FISIOLÓGICO,1.0,9.6,11.6,2,10.2,2.2,12.2,11,201911,120,0,3,3.7,Bajo,Bajo
3672,SAN MIGUEL CARVAJAL,80426,28,Mecanizado Verde,CC01-1940,SI,BONUS 250 EC REGULADOR FISIOLÓGICO,1.0,8.0,11.5,3,8.9,1.9,12.9,11,202011,120,38,3,3.2,Bajo,Medio
3673,SAN MIGUEL CARVAJAL,80426,29,Mecanizado Verde,CC01-1940,SI,BONUS 250 EC REGULADOR FISIOLÓGICO,1.5,17.6,16.7,3,9.5,10.7,11.2,1,201801,185,195,3,3.0,Alto,Bajo
3674,SAN MIGUEL CARVAJAL,80426,29,Mecanizado Verde,CC01-1940,SI,BONUS 250 EC REGULADOR FISIOLÓGICO,0.8,6.6,11.4,4,12.8,1.6,12.7,1,201901,161,0,3,2.1,Alto,Medio
3675,SAN MIGUEL CARVAJAL,80426,29,Mecanizado Verde,CC01-1940,SI,BONUS 250 EC REGULADOR FISIOLÓGICO,0.8,6.1,11.6,5,10.0,1.7,12.2,1,202001,132,0,3,3.0,Bajo,Bajo
3676,SAN MIGUEL CARVAJAL,80426,29,Mecanizado Verde,CC01-1940,SI,BONUS 250 EC REGULADOR FISIOLÓGICO,0.8,7.1,12.3,6,10.9,1.5,11.6,1,202101,150,24,3,5.3,Medio,Bajo
3677,SAN MIGUEL CARVAJAL,80426,30,Mecanizado Verde,CC01-1940,SI,BONUS 250 EC REGULADOR FISIOLÓGICO,0.8,6.7,11.5,4,6.4,5.5,12.0,1,201901,129,0,3,2.1,Bajo,Bajo
3678,SAN MIGUEL CARVAJAL,80426,30,Mecanizado Verde,CC01-1940,SI,BONUS 250 EC REGULADOR FISIOLÓGICO,0.8,6.3,11.6,5,8.6,2.4,12.0,1,202001,127,0,3,3.0,Bajo,Bajo
3679,SAN MIGUEL CARVAJAL,80426,30,Mecanizado Verde,CC01-1940,SI,BONUS 250 EC REGULADOR FISIOLÓGICO,0.8,7.4,12.3,6,9.9,1.6,13.3,1,202101,142,24,3,5.3,Medio,Alto
3680,SAN MIGUEL CARVAJAL,80426,31,Mecanizado Verde,CC01-1940,SI,BONUS 250 EC REGULADOR FISIOLÓGICO,1.3,8.3,12.4,2,8.3,2.5,13.0,10,201810,144,151,3,3.6,Medio,Medio
3681,SAN MIGUEL CARVAJAL,80426,31,Mecanizado Verde,CC01-1940,SI,BONUS 250 EC REGULADOR FISIOLÓGICO,1.0,12.1,13.2,3,10.8,1.7,12.3,11,201911,131,0,3,3.7,Bajo,Bajo
3682,SAN MIGUEL CARVAJAL,80426,31,Mecanizado Verde,CC01-1940,SI,BONUS 250 EC REGULADOR FISIOLÓGICO,1.0,10.4,12.0,4,11.4,2.1,13.5,11,202011,141,65,3,3.2,Medio,Alto
3685,SAN MIGUEL CARVAJAL,80426,32,Mecanizado Verde,CC01-1940,SI,BONUS 250 EC REGULADOR FISIOLÓGICO,1.0,9.6,12.2,2,10.3,4.6,13.0,11,201911,136,0,3,3.7,Medio,Medio
3686,SAN MIGUEL CARVAJAL,80426,32,Mecanizado Verde,CC01-1940,SI,BONUS 250 EC REGULADOR FISIOLÓGICO,1.0,8.0,12.0,3,8.8,3.0,13.9,11,202011,126,47,3,3.2,Bajo,Alto
3693,SAN MIGUEL II,81028,2,Mecanizado Verde,CC01-1940,SI,BONUS 250 EC REGULADOR FISIOLÓGICO,1.0,7.9,13.4,1,9.5,2.2,11.7,1,201701,165,319,3,5.9,Alto,Bajo
3694,SAN MIGUEL II,81028,2,Mecanizado Verde,CC01-1940,SI,BONUS 250 EC REGULADOR FISIOLÓGICO,0.8,5.7,11.8,3,12.8,2.2,13.2,3,201903,137,0,3,3.1,Medio,Alto
3697,SAN MIGUEL II,81028,3,Mecanizado Verde,CC01-1940,SI,BONUS 250 EC REGULADOR FISIOLÓGICO,0.8,5.9,12.3,1,11.1,3.3,11.2,4,201904,174,0,3,5.0,Alto,Bajo
3698,SAN MIGUEL II,81028,3,Mecanizado Verde,CC01-1940,SI,BONUS 250 EC REGULADOR FISIOLÓGICO,0.6,5.1,11.2,2,8.7,2.0,12.4,3,202003,130,52,3,5.0,Bajo,Bajo
3701,SAN MIGUEL II,81028,003A,Mecanizado Verde,CC01-1940,SI,BONUS 250 EC REGULADOR FISIOLÓGICO,0.8,10.3,13.5,1,7.6,2.7,12.8,8,201908,157,0,3,5.0,Alto,Medio
3702,SAN MIGUEL II,81028,003A,Mecanizado Verde,CC01-1940,SI,BONUS 250 EC REGULADOR FISIOLÓGICO,0.8,6.1,11.9,2,8.8,3.4,11.4,8,202008,181,45,3,4.2,Alto,Bajo
3703,SAN MIGUEL II,81028,4,Mecanizado Verde,CC01-1940,SI,BONUS 250 EC REGULADOR FISIOLÓGICO,0.8,6.1,12.2,2,8.8,2.1,12.4,7,201907,174,0,3,5.0,Alto,Bajo
3704,SAN MIGUEL II,81028,4,Mecanizado Verde,CC01-1940,SI,BONUS 250 EC REGULADOR FISIOLÓGICO,0.8,5.3,12.1,3,10.6,2.4,11.5,7,202007,160,100,3,4.2,Alto,Bajo
3707,SAN MIGUEL II,81028,7,Mecanizado Verde,CC01-1940,SI,BONUS 250 EC REGULADOR FISIOLÓGICO,0.8,13.7,13.9,1,7.7,2.1,12.5,7,201907,167,0,3,5.0,Alto,Medio
3708,SAN MIGUEL II,81028,7,Mecanizado Verde,CC01-1940,SI,BONUS 250 EC REGULADOR FISIOLÓGICO,0.8,4.9,12.1,2,10.0,2.4,11.9,7,202007,159,92,3,4.2,Alto,Bajo
3711,SAN MIGUEL II,81028,8,Mecanizado Verde,CC01-1940,SI,BONUS 250 EC REGULADOR FISIOLÓGICO,0.8,10.4,13.4,1,6.1,2.3,13.1,8,201908,165,0,3,5.0,Alto,Medio
3712,SAN MIGUEL II,81028,8,Mecanizado Verde,CC01-1940,SI,BONUS 250 EC REGULADOR FISIOLÓGICO,0.8,6.3,11.9,2,4.1,2.9,12.3,8,202008,168,45,3,4.2,Alto,Bajo
3715,SAN MIGUEL II,81028,008A,Mecanizado Verde,CC01-1940,SI,BONUS 250 EC REGULADOR FISIOLÓGICO,0.8,14.1,13.8,1,9.5,1.8,11.7,7,201907,137,0,3,6.2,Medio,Bajo
3722,SAN PABLO AZCARATE,80151,001C,Mecanizado Verde,CC01-1940,SI,BONUS 250 EC REGULADOR FISIOLÓGICO,1.0,8.9,12.7,5,7.9,30.2,11.3,11,202011,69,145,2,4.1,Bajo,Bajo
3726,SAN PABLO AZCARATE,80151,003B,Mecanizado Verde,CC01-1940,SI,BONUS 250 EC REGULADOR FISIOLÓGICO,1.3,12.7,13.1,2,10.0,40.4,12.7,8,201808,157,183,2,1.7,Alto,Medio
3727,SAN PABLO AZCARATE,80151,003B,Mecanizado Verde,CC01-1940,SI,BONUS 250 EC REGULADOR FISIOLÓGICO,1.2,18.6,14.8,3,9.1,2.3,13.2,10,201910,130,353,2,2.7,Bajo,Alto
3728,SAN PABLO AZCARATE,80151,003B,Mecanizado Verde,CC01-1940,SI,BONUS 250 EC REGULADOR FISIOLÓGICO,1.2,8.4,12.1,4,12.8,2.3,12.3,11,202011,131,125,2,4.1,Bajo,Bajo
3729,SAN PABLO AZCARATE,80151,4,Mecanizado Verde,CC01-1940,SI,BONUS 250 EC REGULADOR FISIOLÓGICO,0.8,10.9,12.5,2,8.8,15.3,12.7,10,202010,142,89,2,5.0,Medio,Medio
3731,SAN PABLO AZCARATE,80151,5,Mecanizado Verde,CC01-1940,SI,BONUS 250 EC REGULADOR FISIOLÓGICO,1.2,12.4,14.0,1,9.6,2.1,13.8,10,201910,137,322,2,2.7,Medio,Alto
3732,SAN PABLO AZCARATE,80151,5,Mecanizado Verde,CC01-1940,SI,BONUS 250 EC REGULADOR FISIOLÓGICO,1.2,8.6,12.1,2,11.1,2.4,14.0,11,202011,110,125,2,4.1,Bajo,Alto
3738,SAN PABLO AZCARATE,80151,010A,Mecanizado Verde,CC01-1940,SI,BONUS 250 EC REGULADOR FISIOLÓGICO,1.5,9.4,12.0,2,9.3,2.1,12.8,8,201808,161,51,2,2.3,Alto,Medio
3741,SAN PABLO AZCARATE,80151,11,Mecanizado Verde,CC01-1940,SI,BONUS 250 EC REGULADOR FISIOLÓGICO,1.5,9.6,12.2,2,10.4,55.2,13.2,8,201808,135,51,2,1.7,Medio,Alto
3742,SAN PABLO AZCARATE,80151,11,Mecanizado Verde,CC01-1940,SI,BONUS 250 EC REGULADOR FISIOLÓGICO,1.2,18.6,14.8,3,8.3,2.2,12.4,10,201910,130,348,2,2.7,Bajo,Bajo
3743,SAN PABLO SILCA,80978,1,Mecanizado Verde,CC01-1940,SI,BONUS 250 EC REGULADOR FISIOLÓGICO,1.0,9.1,14.7,2,10.4,2.9,12.0,12,201712,175,327,3,5.8,Alto,Bajo
3744,SAN PABLO SILCA,80978,1,Mecanizado Verde,CC01-1940,SI,BONUS 250 EC REGULADOR FISIOLÓGICO,0.5,9.9,12.3,3,8.0,2.8,11.7,12,201912,158,0,3,3.2,Alto,Bajo
3745,SAN PABLO SILCA,80978,1,Mecanizado Verde,CC01-1940,SI,BONUS 250 EC REGULADOR FISIOLÓGICO,0.8,14.3,13.0,4,9.8,3.0,13.2,1,202101,158,52,3,3.2,Alto,Alto
3747,SAN PABLO SILCA,80978,001A,Mecanizado Verde,CC01-1940,SI,BONUS 250 EC REGULADOR FISIOLÓGICO,1.0,15.0,14.4,1,10.5,4.0,12.9,2,201702,158,0,3,10.6,Alto,Medio
3748,SAN PABLO SILCA,80978,001A,Mecanizado Verde,CC01-1940,SI,BONUS 250 EC REGULADOR FISIOLÓGICO,0.8,13.0,13.1,3,8.5,2.3,12.7,7,201907,130,0,3,2.5,Bajo,Medio
3749,SAN PABLO SILCA,80978,001A,Mecanizado Verde,CC01-1940,SI,BONUS 250 EC REGULADOR FISIOLÓGICO,0.8,9.6,12.4,4,11.1,2.9,12.2,8,202008,147,157,3,4.1,Medio,Bajo
3750,SAN PABLO SILCA,80978,2,Mecanizado Verde,CC01-1940,SI,BONUS 250 EC REGULADOR FISIOLÓGICO,1.0,15.1,15.1,1,8.4,2.9,12.4,7,201707,173,306,3,10.3,Alto,Bajo
3751,SAN PABLO SILCA,80978,2,Mecanizado Verde,CC01-1940,SI,BONUS 250 EC REGULADOR FISIOLÓGICO,0.6,9.6,12.1,2,6.1,2.7,13.4,7,201807,121,38,3,13.4,Bajo,Alto
3752,SAN PABLO SILCA,80978,2,Mecanizado Verde,CC01-1940,SI,BONUS 250 EC REGULADOR FISIOLÓGICO,0.8,8.7,11.9,3,7.9,2.7,12.9,7,201907,126,0,3,2.5,Bajo,Medio
3753,SAN PABLO SILCA,80978,2,Mecanizado Verde,CC01-1940,SI,BONUS 250 EC REGULADOR FISIOLÓGICO,0.8,10.0,12.5,4,8.2,2.2,12.5,8,202008,130,152,3,4.4,Bajo,Medio
3756,SAN PABLO SILCA,80978,002A,Mecanizado Verde,CC01-1940,SI,BONUS 250 EC REGULADOR FISIOLÓGICO,0.8,13.1,13.0,3,10.4,2.6,12.5,7,201907,136,0,3,8.4,Medio,Medio
3757,SAN RAFAEL 2 ARANGO,81113,001A,Mecanizado Verde,CC01-1940,SI,BONUS 250 EC REGULADOR FISIOLÓGICO,1.2,11.6,13.7,1,8.3,2.4,13.1,9,201709,168,84,3,12.3,Alto,Medio
3758,SAN RAFAEL 2 ARANGO,81113,4,Mecanizado Verde,CC01-1940,SI,BONUS 250 EC REGULADOR FISIOLÓGICO,0.3,7.9,12.4,3,8.5,1.8,13.3,9,201909,163,0,3,4.8,Alto,Alto
3759,SAN RAFAEL 2 ARANGO,81113,4,Mecanizado Verde,CC01-1940,SI,BONUS 250 EC REGULADOR FISIOLÓGICO,0.8,6.9,12.5,4,9.8,2.5,13.4,10,202010,135,0,3,9.9,Medio,Alto
3768,SANTA ANA,80396,1,Mecanizado Verde,CC01-1940,SI,BONUS 250 EC REGULADOR FISIOLÓGICO,1.0,8.9,14.0,1,9.3,4.0,11.8,12,201712,159,367,3,7.9,Alto,Bajo
3769,SANTA ANA,80396,1,Mecanizado Verde,CC01-1940,SI,BONUS 250 EC REGULADOR FISIOLÓGICO,0.5,6.9,11.8,3,11.2,5.4,11.8,12,201912,128,0,3,6.1,Bajo,Bajo
3770,SANTA ANA,80396,1,Mecanizado Verde,CC01-1940,SI,BONUS 250 EC REGULADOR FISIOLÓGICO,1.0,8.4,12.3,4,9.4,2.9,11.8,12,202012,132,68,3,4.2,Bajo,Bajo
3773,SANTA ANA,80396,002A,Mecanizado Verde,CC01-1940,SI,BONUS 250 EC REGULADOR FISIOLÓGICO,1.0,8.6,15.7,1,7.2,3.0,11.6,12,201712,181,417,3,11.4,Alto,Bajo
3774,SANTA ANA,80396,002A,Mecanizado Verde,CC01-1940,SI,BONUS 250 EC REGULADOR FISIOLÓGICO,0.5,6.6,11.7,3,10.9,2.5,11.7,12,201912,133,0,3,6.1,Bajo,Bajo
3775,SANTA ANA,80396,002A,Mecanizado Verde,CC01-1940,SI,BONUS 250 EC REGULADOR FISIOLÓGICO,1.0,8.3,12.4,4,9.3,2.9,13.0,12,202012,122,68,3,4.2,Bajo,Medio
3776,SANTA ANA,80396,4,Mecanizado Verde,CC01-1940,SI,BONUS 250 EC REGULADOR FISIOLÓGICO,0.8,14.3,15.2,1,8.0,3.6,13.3,9,201709,187,228,3,6.9,Alto,Alto
3777,SANTA ANA,80396,4,Mecanizado Verde,CC01-1940,SI,BONUS 250 EC REGULADOR FISIOLÓGICO,0.6,9.0,12.1,2,9.0,2.6,13.3,9,201809,150,90,3,7.8,Medio,Alto
3778,SANTA ANA,80396,4,Mecanizado Verde,CC01-1940,SI,BONUS 250 EC REGULADOR FISIOLÓGICO,0.8,9.6,12.6,4,8.8,2.2,12.7,11,202011,137,23,3,4.2,Medio,Medio
3781,SANTA ANA,80396,5,Mecanizado Verde,CC01-1940,SI,BONUS 250 EC REGULADOR FISIOLÓGICO,1.0,13.9,14.5,1,6.6,2.6,12.5,7,201707,180,345,3,6.9,Alto,Medio
3782,SANTA ANA,80396,5,Mecanizado Verde,CC01-1940,SI,BONUS 250 EC REGULADOR FISIOLÓGICO,0.6,9.3,12.1,2,8.6,2.2,12.8,7,201807,170,24,3,7.8,Alto,Medio
3783,SANTA ANA,80396,5,Mecanizado Verde,CC01-1940,SI,BONUS 250 EC REGULADOR FISIOLÓGICO,0.8,8.0,12.0,3,8.2,2.6,12.2,7,201907,155,0,3,7.6,Alto,Bajo
3784,SANTA ANA,80396,5,Mecanizado Verde,CC01-1940,SI,BONUS 250 EC REGULADOR FISIOLÓGICO,0.8,4.7,11.5,4,11.1,2.7,11.3,7,202007,162,59,3,6.1,Alto,Bajo
3788,SANTA ANA,80396,6,Mecanizado Verde,CC01-1940,SI,BONUS 250 EC REGULADOR FISIOLÓGICO,1.0,5.3,12.8,1,7.5,2.4,13.4,10,201510,163,0,3,14.8,Alto,Alto
3789,SANTA ANA,80396,6,Mecanizado Verde,CC01-1940,SI,BONUS 250 EC REGULADOR FISIOLÓGICO,1.0,9.3,13.4,3,9.2,2.3,12.5,12,201712,153,352,3,7.9,Medio,Medio
3790,SANTA ANA,80396,6,Mecanizado Verde,CC01-1940,SI,BONUS 250 EC REGULADOR FISIOLÓGICO,0.6,8.3,11.8,4,10.6,2.3,12.5,12,201812,151,0,3,3.2,Medio,Medio
3791,SANTA ANA,80396,6,Mecanizado Verde,CC01-1940,SI,BONUS 250 EC REGULADOR FISIOLÓGICO,0.5,7.1,11.8,5,11.4,2.6,12.7,12,201912,145,0,3,6.1,Medio,Medio
3792,SANTA ANA,80396,6,Mecanizado Verde,CC01-1940,SI,BONUS 250 EC REGULADOR FISIOLÓGICO,1.0,8.1,12.2,6,9.4,2.2,12.7,12,202012,141,68,3,4.2,Medio,Medio
3793,SANTA ANA,80396,7,Mecanizado Verde,CC01-1940,SI,BONUS 250 EC REGULADOR FISIOLÓGICO,0.6,8.4,13.2,1,9.1,2.8,13.4,10,201810,178,77,3,7.8,Alto,Alto
3794,SANTA ANA,80396,7,Mecanizado Verde,CC01-1940,SI,BONUS 250 EC REGULADOR FISIOLÓGICO,1.0,8.0,12.2,3,8.6,3.2,12.6,12,202012,139,72,3,4.2,Medio,Medio
3796,SANTA ANA,80396,8,Mecanizado Verde,CC01-1940,SI,BONUS 250 EC REGULADOR FISIOLÓGICO,1.0,13.6,15.0,1,6.4,3.7,12.2,7,201707,178,374,3,10.7,Alto,Bajo
3797,SANTA ANA,80396,8,Mecanizado Verde,CC01-1940,SI,BONUS 250 EC REGULADOR FISIOLÓGICO,0.6,9.1,12.1,2,8.2,2.9,12.9,7,201807,140,52,3,8.9,Medio,Medio
3798,SANTA ANA,80396,8,Mecanizado Verde,CC01-1940,SI,BONUS 250 EC REGULADOR FISIOLÓGICO,0.8,7.4,12.0,4,10.7,2.1,11.3,7,202007,152,102,3,6.1,Medio,Bajo
3801,SANTA ANA,80396,008A,Mecanizado Verde,CC01-1940,SI,BONUS 250 EC REGULADOR FISIOLÓGICO,1.0,9.0,14.6,2,6.8,2.8,12.7,12,201712,177,367,3,7.9,Alto,Medio
3802,SANTA ANA,80396,008A,Mecanizado Verde,CC01-1940,SI,BONUS 250 EC REGULADOR FISIOLÓGICO,0.6,7.9,11.8,3,10.9,2.6,12.0,12,201812,130,0,3,3.2,Bajo,Bajo
3803,SANTA ANA,80396,008A,Mecanizado Verde,CC01-1940,SI,BONUS 250 EC REGULADOR FISIOLÓGICO,0.5,7.3,11.9,4,11.0,2.8,12.3,12,201912,132,0,3,6.1,Bajo,Bajo
3804,SANTA ANA,80396,008A,Mecanizado Verde,CC01-1940,SI,BONUS 250 EC REGULADOR FISIOLÓGICO,1.0,8.4,12.2,5,8.7,2.4,13.4,12,202012,147,68,3,4.2,Medio,Alto
3805,SANTA ANA,80396,9,Mecanizado Verde,CC01-1940,SI,BONUS 250 EC REGULADOR FISIOLÓGICO,1.0,4.3,12.3,1,6.2,2.0,13.6,3,201603,162,0,3,10.4,Alto,Alto
3806,SANTA ANA,80396,9,Mecanizado Verde,CC01-1940,SI,BONUS 250 EC REGULADOR FISIOLÓGICO,1.0,19.3,14.2,2,8.8,3.1,12.8,6,201706,172,311,3,6.8,Alto,Medio
3807,SANTA ANA,80396,9,Mecanizado Verde,CC01-1940,SI,BONUS 250 EC REGULADOR FISIOLÓGICO,0.8,10.1,12.6,3,6.6,2.8,13.3,6,201806,125,188,3,7.9,Bajo,Alto
3808,SANTA ANA,80396,9,Mecanizado Verde,CC01-1940,SI,BONUS 250 EC REGULADOR FISIOLÓGICO,0.8,5.0,11.4,5,11.2,3.2,11.7,7,202007,168,68,3,6.1,Alto,Bajo
3810,SANTA ANA,80396,009A,Mecanizado Verde,CC01-1940,SI,BONUS 250 EC REGULADOR FISIOLÓGICO,0.8,10.3,12.7,2,7.4,2.7,13.0,6,201806,156,203,3,7.9,Alto,Medio
3811,SANTA ANA,80396,10,Mecanizado Verde,CC01-1940,SI,BONUS 250 EC REGULADOR FISIOLÓGICO,0.8,7.6,12.8,1,9.2,2.1,14.4,3,201603,131,0,3,10.4,Bajo,Alto
3812,SANTA ANA,80396,10,Mecanizado Verde,CC01-1940,SI,BONUS 250 EC REGULADOR FISIOLÓGICO,1.0,11.6,12.7,2,12.6,2.8,12.8,4,201704,187,172,3,6.8,Alto,Medio
3813,SANTA ANA,80396,10,Mecanizado Verde,CC01-1940,SI,BONUS 250 EC REGULADOR FISIOLÓGICO,0.6,14.0,14.1,3,7.7,2.8,13.7,6,201806,140,335,3,7.8,Medio,Alto
3814,SANTA ANA,80396,10,Mecanizado Verde,CC01-1940,SI,BONUS 250 EC REGULADOR FISIOLÓGICO,0.8,13.9,13.5,4,8.1,2.6,12.2,7,201907,147,0,3,7.6,Medio,Bajo
3816,SANTA ANA,80396,11,Mecanizado Verde,CC01-1940,SI,BONUS 250 EC REGULADOR FISIOLÓGICO,1.0,4.3,12.3,1,7.7,3.4,12.5,3,201603,147,0,3,10.4,Medio,Medio
3817,SANTA ANA,80396,11,Mecanizado Verde,CC01-1940,SI,BONUS 250 EC REGULADOR FISIOLÓGICO,1.0,19.6,14.3,2,10.0,2.8,12.4,6,201706,156,311,3,6.8,Alto,Bajo
3818,SANTA ANA,80396,11,Mecanizado Verde,CC01-1940,SI,BONUS 250 EC REGULADOR FISIOLÓGICO,0.8,8.9,12.3,3,9.0,2.5,13.0,6,201806,139,172,3,7.7,Medio,Medio
3819,SANTA ANA,80396,11,Mecanizado Verde,CC01-1940,SI,BONUS 250 EC REGULADOR FISIOLÓGICO,0.8,5.3,11.6,5,9.9,10.4,11.5,7,202007,155,68,3,6.1,Alto,Bajo
3821,SANTA ANA,80396,011A,Mecanizado Verde,CC01-1940,SI,BONUS 250 EC REGULADOR FISIOLÓGICO,0.6,9.3,13.4,1,9.0,3.9,13.2,9,201809,155,102,3,7.8,Alto,Alto
3822,SANTA ANA,80396,011A,Mecanizado Verde,CC01-1940,SI,BONUS 250 EC REGULADOR FISIOLÓGICO,0.8,9.4,12.4,3,11.0,2.8,13.2,11,202011,137,20,3,4.2,Medio,Alto
3824,SANTA ANA,80396,12,Mecanizado Verde,CC01-1940,SI,BONUS 250 EC REGULADOR FISIOLÓGICO,0.6,9.0,13.3,1,12.1,3.0,13.2,11,201811,171,90,3,3.2,Alto,Alto
3825,SANTA ANA,80396,12,Mecanizado Verde,CC01-1940,SI,BONUS 250 EC REGULADOR FISIOLÓGICO,0.8,7.9,13.1,2,10.2,2.8,11.4,12,201912,145,0,3,6.1,Medio,Bajo
3826,SANTA ANA,80396,12,Mecanizado Verde,CC01-1940,SI,BONUS 250 EC REGULADOR FISIOLÓGICO,1.0,8.7,12.2,3,9.1,3.1,13.5,12,202012,120,68,3,4.2,Bajo,Alto
3829,SANTA ANA,80396,13,Mecanizado Verde,CC01-1940,SI,BONUS 250 EC REGULADOR FISIOLÓGICO,0.6,7.3,12.1,2,8.2,3.5,12.3,7,201807,131,83,3,7.8,Bajo,Bajo
3831,SANTA ANA,80396,013A,Mecanizado Verde,CC01-1940,SI,BONUS 250 EC REGULADOR FISIOLÓGICO,0.6,8.6,13.3,1,8.0,2.6,13.1,12,201812,147,49,3,3.2,Medio,Medio
3832,SANTA ANA,80396,013A,Mecanizado Verde,CC01-1940,SI,BONUS 250 EC REGULADOR FISIOLÓGICO,0.5,9.0,12.2,2,9.5,2.6,12.5,12,201912,132,0,3,6.1,Bajo,Medio
3833,SANTA ANA,80396,013A,Mecanizado Verde,CC01-1940,SI,BONUS 250 EC REGULADOR FISIOLÓGICO,1.0,8.4,11.9,3,9.2,2.7,13.6,12,202012,133,68,3,4.2,Bajo,Alto
3835,SANTA ANA,80396,013B,Mecanizado Verde,CC01-1940,SI,BONUS 250 EC REGULADOR FISIOLÓGICO,0.8,21.1,12.8,1,7.6,3.4,13.3,9,201709,144,65,3,6.9,Medio,Alto
3836,SANTA ANA,80396,013B,Mecanizado Verde,CC01-1940,SI,BONUS 250 EC REGULADOR FISIOLÓGICO,0.6,8.7,12.1,2,9.4,2.7,12.9,9,201809,124,90,3,7.8,Bajo,Medio
3837,SANTA ANA,80396,013B,Mecanizado Verde,CC01-1940,SI,BONUS 250 EC REGULADOR FISIOLÓGICO,0.8,13.1,12.8,3,9.5,2.9,14.2,10,201910,125,0,3,6.1,Bajo,Alto
3838,SANTA ANA,80396,013B,Mecanizado Verde,CC01-1940,SI,BONUS 250 EC REGULADOR FISIOLÓGICO,0.8,9.3,12.4,4,10.6,2.1,13.8,10,202010,117,23,3,4.2,Bajo,Alto
3840,SANTA ANA,80396,013D,Mecanizado Verde,CC01-1940,SI,BONUS 250 EC REGULADOR FISIOLÓGICO,1.0,4.0,12.1,1,6.5,2.5,14.8,3,201603,122,0,3,10.4,Bajo,Alto
3841,SANTA ANA,80396,013D,Mecanizado Verde,CC01-1940,SI,BONUS 250 EC REGULADOR FISIOLÓGICO,1.0,24.1,15.4,2,7.6,3.1,13.1,7,201707,146,374,3,6.8,Medio,Medio
3842,SANTA ANA,80396,013D,Mecanizado Verde,CC01-1940,SI,BONUS 250 EC REGULADOR FISIOLÓGICO,0.6,7.3,12.2,3,7.0,3.1,14.0,7,201807,119,83,3,7.8,Bajo,Alto
3843,SANTA ANA,80396,013D,Mecanizado Verde,CC01-1940,SI,BONUS 250 EC REGULADOR FISIOLÓGICO,0.8,7.7,12.0,5,10.2,3.2,11.8,7,202007,127,97,3,6.1,Bajo,Bajo
3845,SANTA ANA,80396,14,Mecanizado Verde,CC01-1940,SI,BONUS 250 EC REGULADOR FISIOLÓGICO,0.6,8.7,13.0,1,12.6,2.9,13.4,10,201810,170,90,3,3.2,Alto,Alto
3846,SANTA ANA,80396,14,Mecanizado Verde,CC01-1940,SI,BONUS 250 EC REGULADOR FISIOLÓGICO,0.8,9.3,13.5,2,9.7,3.0,12.1,12,201912,143,0,3,6.1,Medio,Bajo
3847,SANTA ANA,80396,14,Mecanizado Verde,CC01-1940,SI,BONUS 250 EC REGULADOR FISIOLÓGICO,1.0,8.6,11.9,3,9.0,2.5,13.2,12,202012,128,68,3,4.2,Bajo,Alto
3850,SANTA ANA,80396,014B,Mecanizado Verde,CC01-1940,SI,BONUS 250 EC REGULADOR FISIOLÓGICO,1.0,8.6,11.9,3,10.8,2.3,13.1,12,202012,123,68,3,4.2,Bajo,Medio
3851,SANTA ANA,80396,15,Mecanizado Verde,CC01-1940,SI,BONUS 250 EC REGULADOR FISIOLÓGICO,0.8,6.9,13.1,1,10.0,2.5,12.0,12,201912,167,0,3,6.1,Alto,Bajo
3852,SANTA ANA,80396,15,Mecanizado Verde,CC01-1940,SI,BONUS 250 EC REGULADOR FISIOLÓGICO,1.0,8.9,12.5,2,9.4,3.3,13.4,12,202012,129,68,3,4.2,Bajo,Alto
3863,SANTA ANA,80396,17,Mecanizado Verde,CC01-1940,SI,BONUS 250 EC REGULADOR FISIOLÓGICO,0.8,13.3,14.0,1,9.0,2.5,13.7,10,201910,147,0,3,4.3,Medio,Alto
3864,SANTA ANA,80396,17,Mecanizado Verde,CC01-1940,SI,BONUS 250 EC REGULADOR FISIOLÓGICO,0.8,9.0,12.3,2,9.9,1.9,13.0,10,202010,161,20,3,4.2,Alto,Medio
3865,SANTA ELENA,80653,1,Mecanizado Verde,CC01-1940,SI,BONUS 250 EC REGULADOR FISIOLÓGICO,1.0,4.9,11.5,1,10.0,7.6,12.6,4,201904,128,0,3,2.1,Bajo,Medio
3869,SANTA ELENA,80653,2,Mecanizado Verde,CC01-1940,SI,BONUS 250 EC REGULADOR FISIOLÓGICO,1.0,5.3,12.7,1,8.9,3.3,12.4,5,201905,136,0,3,3.0,Medio,Bajo
3870,SANTA ELENA,80653,2,Mecanizado Verde,CC01-1940,SI,BONUS 250 EC REGULADOR FISIOLÓGICO,0.8,6.4,11.5,2,10.4,8.1,12.5,4,202004,103,75,3,0.8,Bajo,Medio
3874,SANTA ELENA,80653,3,Mecanizado Verde,CC01-1940,SI,BONUS 250 EC REGULADOR FISIOLÓGICO,1.0,5.4,12.7,1,8.3,3.4,12.2,5,201905,137,0,3,0.9,Medio,Bajo
3875,SANTA ELENA,80653,3,Mecanizado Verde,CC01-1940,SI,BONUS 250 EC REGULADOR FISIOLÓGICO,0.8,6.1,11.4,2,9.2,3.6,13.0,4,202004,117,63,3,0.8,Bajo,Medio
3886,SANTA ELENA,80653,6,Mecanizado Verde,CC01-1940,SI,BONUS 250 EC REGULADOR FISIOLÓGICO,0.8,6.7,12.1,4,10.2,3.8,13.2,11,201511,119,167,3,2.0,Bajo,Alto
3900,SANTA ELENA,80653,9,Mecanizado Verde,CC01-1940,SI,BONUS 250 EC REGULADOR FISIOLÓGICO,1.0,5.0,13.0,1,9.9,3.3,12.3,4,201904,144,0,3,2.0,Medio,Bajo
3901,SANTA ELENA,80653,9,Mecanizado Verde,CC01-1940,SI,BONUS 250 EC REGULADOR FISIOLÓGICO,0.8,5.9,11.5,2,10.2,3.7,13.5,4,202004,122,63,3,0.8,Bajo,Alto
3904,SANTA ELENA,80653,11,Mecanizado Verde,CC01-1940,SI,BONUS 250 EC REGULADOR FISIOLÓGICO,1.1,5.6,12.7,1,9.0,3.2,11.2,5,201905,127,0,3,2.0,Bajo,Bajo
3905,SANTA ELENA,80653,11,Mecanizado Verde,CC01-1940,SI,BONUS 250 EC REGULADOR FISIOLÓGICO,0.8,5.7,11.3,2,9.9,4.5,13.0,4,202004,122,94,3,0.8,Bajo,Medio
3906,SANTA ELENA,80653,12,Mecanizado Verde,CC01-1940,SI,BONUS 250 EC REGULADOR FISIOLÓGICO,0.8,6.3,12.8,1,9.4,4.3,12.4,6,202006,136,232,3,1.1,Medio,Bajo
3907,SANTA ELENA,80653,13,Mecanizado Verde,CC01-1940,SI,BONUS 250 EC REGULADOR FISIOLÓGICO,0.8,5.4,12.6,1,9.2,10.2,12.2,6,202006,133,232,3,0.5,Bajo,Bajo
3908,SANTA ELENA,80653,14,Mecanizado Verde,CC01-1940,SI,BONUS 250 EC REGULADOR FISIOLÓGICO,1.2,7.1,11.4,3,9.6,4.4,12.4,11,201811,131,0,3,3.2,Bajo,Bajo
3909,SANTA ELENA,80653,14,Mecanizado Verde,CC01-1940,SI,BONUS 250 EC REGULADOR FISIOLÓGICO,1.2,6.7,11.8,4,11.2,5.4,13.4,11,201911,126,0,3,3.2,Bajo,Alto
3910,SANTA ELENA,80653,14,Mecanizado Verde,CC01-1940,SI,BONUS 250 EC REGULADOR FISIOLÓGICO,0.8,18.0,14.1,5,10.2,4.6,13.6,1,202101,133,131,3,3.2,Bajo,Alto
3911,SANTA ELENA,80653,15,Mecanizado Verde,CC01-1940,SI,BONUS 250 EC REGULADOR FISIOLÓGICO,1.2,7.6,11.6,3,10.2,4.3,12.5,12,201812,136,0,3,3.2,Medio,Medio
3912,SANTA ELENA,80653,15,Mecanizado Verde,CC01-1940,SI,BONUS 250 EC REGULADOR FISIOLÓGICO,0.5,6.4,11.6,4,9.5,4.2,12.8,11,201911,140,0,3,3.2,Medio,Medio
3913,SANTA ELENA,80653,15,Mecanizado Verde,CC01-1940,SI,BONUS 250 EC REGULADOR FISIOLÓGICO,0.8,16.0,13.7,5,11.0,4.1,13.2,1,202101,139,161,3,3.2,Medio,Alto
3914,SANTA ELENA,80653,16,Mecanizado Verde,CC01-1940,SI,BONUS 250 EC REGULADOR FISIOLÓGICO,1.2,7.9,11.7,3,7.1,3.8,13.9,12,201812,112,0,3,3.2,Bajo,Alto
3915,SANTA ELENA,80653,16,Mecanizado Verde,CC01-1940,SI,BONUS 250 EC REGULADOR FISIOLÓGICO,1.0,6.3,11.6,4,10.1,3.9,12.9,11,201911,131,0,3,3.2,Bajo,Medio
3916,SANTA ELENA,80653,17,Mecanizado Verde,CC01-1940,SI,BONUS 250 EC REGULADOR FISIOLÓGICO,1.2,7.7,11.7,3,10.6,4.2,13.0,12,201812,146,0,3,3.2,Medio,Medio
3917,SANTA ELENA,80653,17,Mecanizado Verde,CC01-1940,SI,BONUS 250 EC REGULADOR FISIOLÓGICO,1.2,5.9,11.5,4,10.4,4.0,13.5,11,201911,134,0,3,3.2,Medio,Alto
3918,SANTA ELENA,80653,17,Mecanizado Verde,CC01-1940,SI,BONUS 250 EC REGULADOR FISIOLÓGICO,0.8,16.9,14.0,5,10.1,3.8,13.4,1,202101,147,161,3,3.2,Medio,Alto
3919,SANTA ELENA,80653,18,Mecanizado Verde,CC01-1940,SI,BONUS 250 EC REGULADOR FISIOLÓGICO,1.2,8.0,11.7,3,10.4,3.6,13.3,12,201812,126,0,3,3.2,Bajo,Alto
3920,SANTA ELENA,80653,18,Mecanizado Verde,CC01-1940,SI,BONUS 250 EC REGULADOR FISIOLÓGICO,1.2,6.1,11.5,4,11.6,4.4,12.3,11,201911,119,0,3,3.2,Bajo,Bajo
3921,SANTA ELENA,80653,18,Mecanizado Verde,CC01-1940,SI,BONUS 250 EC REGULADOR FISIOLÓGICO,0.8,17.0,14.0,5,9.0,3.7,13.5,1,202101,130,161,3,3.2,Bajo,Alto
3922,SANTA ELENA,80653,19,Mecanizado Verde,CC01-1940,SI,BONUS 250 EC REGULADOR FISIOLÓGICO,1.2,6.9,11.6,3,10.2,4.0,12.3,11,201811,147,0,3,3.2,Medio,Bajo
3923,SANTA ELENA,80653,19,Mecanizado Verde,CC01-1940,SI,BONUS 250 EC REGULADOR FISIOLÓGICO,0.8,16.3,13.9,5,10.5,4.0,13.3,1,202101,143,161,3,3.2,Medio,Alto
3924,SANTA LIBRADA ARAGON,81489,2,Mecanizado Verde,CC01-1940,SI,BONUS 250 EC REGULADOR FISIOLÓGICO,0.8,8.6,15.1,1,8.8,3.8,11.3,6,202006,168,0,3,2.7,Alto,Bajo
3925,SANTA LIBRADA ARAGON,81489,3,Mecanizado Verde,CC01-1940,SI,BONUS 250 EC REGULADOR FISIOLÓGICO,0.8,8.9,13.3,1,8.5,3.7,11.3,6,202006,110,0,3,2.6,Bajo,Bajo
3927,SANTA LIBRADA ARAGON,81489,4,Mecanizado Verde,CC01-1940,SI,BONUS 250 EC REGULADOR FISIOLÓGICO,1.0,7.7,16.2,1,10.3,3.6,11.4,12,201912,179,0,3,5.7,Alto,Bajo
3928,SANTA LIBRADA ARAGON,81489,004A,Mecanizado Verde,CC01-1940,SI,BONUS 250 EC REGULADOR FISIOLÓGICO,1.0,8.3,16.3,1,10.6,5.1,11.1,1,202001,194,0,3,5.6,Alto,Bajo
3929,SANTA LIBRADA ARAGON,81489,5,Mecanizado Verde,CC01-1940,SI,BONUS 250 EC REGULADOR FISIOLÓGICO,1.0,7.4,15.2,1,9.1,5.1,12.6,12,201912,142,0,3,5.6,Medio,Medio
3930,SANTA LIBRADA ARAGON,81489,6,Mecanizado Verde,CC01-1940,SI,BONUS 250 EC REGULADOR FISIOLÓGICO,1.0,7.0,13.8,1,9.6,4.2,13.0,12,201912,131,0,3,3.2,Bajo,Medio
3931,SANTA LIBRADA ARAGON,81489,7,Mecanizado Verde,CC01-1940,SI,BONUS 250 EC REGULADOR FISIOLÓGICO,0.6,9.0,13.2,2,8.1,4.1,12.4,3,202003,138,0,3,5.6,Medio,Bajo
3932,SANTA MARTHA  JARAMILLO,81191,1,Mecanizado Verde,CC01-1940,SI,BONUS 250 EC REGULADOR FISIOLÓGICO,1.0,8.0,12.7,6,9.7,4.2,13.7,10,201910,117,0,3,4.3,Bajo,Alto
3933,SANTA MARTHA  JARAMILLO,81191,2,Mecanizado Verde,CC01-1940,SI,BONUS 250 EC REGULADOR FISIOLÓGICO,0.5,13.7,14.1,7,10.4,5.4,12.3,11,201911,112,0,3,3.2,Bajo,Bajo
3934,SANTA MARTHA  JARAMILLO,81191,3,Mecanizado Verde,CC01-1940,SI,BONUS 250 EC REGULADOR FISIOLÓGICO,0.5,14.1,14.1,6,7.5,3.8,12.3,11,201911,120,0,3,3.2,Bajo,Bajo
3935,SANTA MARTHA  JARAMILLO,81191,3,Mecanizado Verde,CC01-1940,SI,BONUS 250 EC REGULADOR FISIOLÓGICO,1.2,17.7,13.8,7,9.6,3.0,13.3,1,202101,119,0,3,3.2,Bajo,Alto
3936,SANTA MARTHA  JARAMILLO,81191,10,Mecanizado Verde,CC01-1940,SI,BONUS 250 EC REGULADOR FISIOLÓGICO,0.8,6.0,13.7,2,8.1,6.6,13.3,5,201505,136,0,3,3.2,Medio,Alto
3937,SANTA MARTHA  JARAMILLO,81191,10,Mecanizado Verde,CC01-1940,SI,BONUS 250 EC REGULADOR FISIOLÓGICO,1.0,8.0,12.1,3,10.5,3.8,12.3,5,201605,113,0,3,2.7,Bajo,Bajo
3939,SANTA MARTHA  JARAMILLO,81191,21,Mecanizado Verde,CC01-1940,SI,BONUS 250 EC REGULADOR FISIOLÓGICO,0.8,5.7,13.3,1,7.3,4.4,13.0,4,201504,162,0,3,3.2,Alto,Medio
3940,SANTA MARTHA  JARAMILLO,81191,21,Mecanizado Verde,CC01-1940,SI,BONUS 250 EC REGULADOR FISIOLÓGICO,1.0,7.0,12.1,2,8.8,3.5,13.4,5,201605,131,0,3,2.6,Bajo,Alto
3941,SANTA MARTHA  JARAMILLO,81191,30,Mecanizado Verde,CC01-1940,SI,BONUS 250 EC REGULADOR FISIOLÓGICO,0.8,5.9,13.3,2,7.3,5.1,13.3,4,201504,119,0,3,3.2,Bajo,Alto
3942,SANTA MARTHA  JARAMILLO,81191,30,Mecanizado Verde,CC01-1940,SI,BONUS 250 EC REGULADOR FISIOLÓGICO,1.0,8.1,12.1,3,11.5,4.6,11.9,5,201605,104,0,3,3.8,Bajo,Bajo
3943,SANTA MARTHA SEIGO,81147,1,Mecanizado Verde,CC01-1940,SI,BONUS 250 EC REGULADOR FISIOLÓGICO,0.6,12.0,11.6,1,6.9,3.3,13.9,10,201910,139,0,3,2.7,Medio,Alto
3944,SANTA MARTHA SEIGO,81147,1,Mecanizado Verde,CC01-1940,SI,BONUS 250 EC REGULADOR FISIOLÓGICO,0.8,6.4,11.6,2,7.4,2.1,12.4,9,202009,129,0,3,4.4,Bajo,Bajo
3948,SANTA MARTHA SEIGO,81147,3,Mecanizado Verde,CC01-1940,SI,BONUS 250 EC REGULADOR FISIOLÓGICO,0.8,9.4,11.8,5,10.8,3.2,14.1,10,201810,162,0,3,2.5,Alto,Alto
3949,SANTA MARTHA SEIGO,81147,3,Mecanizado Verde,CC01-1940,SI,BONUS 250 EC REGULADOR FISIOLÓGICO,0.6,12.6,11.7,6,11.4,0.6,14.6,10,201910,226,0,3,2.7,Alto,Alto
3961,SOLEDAD CLARA Y  CECILIA ,80201,003A,Mecanizado Verde,CC01-1940,SI,BONUS 250 EC REGULADOR FISIOLÓGICO,1.5,6.7,11.9,3,11.1,42.2,12.3,5,201805,140,344,2,5.0,Medio,Bajo
3962,SOLEDAD CLARA Y  CECILIA ,80201,003A,Mecanizado Verde,CC01-1940,SI,BONUS 250 EC REGULADOR FISIOLÓGICO,1.4,8.1,12.1,4,11.8,2.3,12.1,6,201906,130,286,2,3.0,Bajo,Bajo
3963,SOLEDAD CLARA Y  CECILIA ,80201,003A,Mecanizado Verde,CC01-1940,SI,BONUS 250 EC REGULADOR FISIOLÓGICO,0.8,5.1,11.8,5,8.5,1.1,12.2,5,202005,145,144,2,1.9,Medio,Bajo
3965,SOLEDAD PARAISO,80140,2,Mecanizado Verde,CC01-1940,SI,BONUS 250 EC REGULADOR FISIOLÓGICO,1.2,9.1,13.6,5,10.3,2.4,13.2,12,201912,133,219,2,3.2,Bajo,Alto
3966,SOLEDAD PARAISO,80140,3,Mecanizado Verde,CC01-1940,SI,BONUS 250 EC REGULADOR FISIOLÓGICO,1.2,4.1,12.9,1,7.3,20.7,10.7,8,201708,189,148,2,4.2,Alto,Bajo
3967,SOLEDAD PARAISO,80140,3,Mecanizado Verde,CC01-1940,SI,BONUS 250 EC REGULADOR FISIOLÓGICO,0.5,12.7,11.8,4,8.7,5.4,11.7,9,202009,147,70,2,7.0,Medio,Bajo
3968,SOLEDAD PARAISO,80140,003C,Mecanizado Verde,CC01-1940,SI,BONUS 250 EC REGULADOR FISIOLÓGICO,1.4,10.3,12.4,3,12.9,1.2,12.4,9,201909,148,82,2,4.9,Medio,Bajo
3969,SOLEDAD PARAISO,80140,5,Mecanizado Verde,CC01-1940,SI,BONUS 250 EC REGULADOR FISIOLÓGICO,1.2,12.4,14.4,5,10.7,2.4,12.9,1,202001,143,258,2,3.2,Medio,Medio
3970,SOLEDAD PARAISO,80140,5,Mecanizado Verde,CC01-1940,SI,BONUS 250 EC REGULADOR FISIOLÓGICO,0.8,5.7,12.2,6,10.6,1.8,12.0,1,202101,152,132,2,3.2,Medio,Bajo
3971,SOLEDAD PARAISO,80140,6,Mecanizado Verde,CC01-1940,SI,BONUS 250 EC REGULADOR FISIOLÓGICO,1.4,10.4,12.2,3,8.8,1.9,12.2,9,201909,148,77,2,6.6,Medio,Bajo
3972,SOLEDAD PARAISO,80140,6,Mecanizado Verde,CC01-1940,SI,BONUS 250 EC REGULADOR FISIOLÓGICO,0.5,12.6,11.8,4,9.2,2.0,12.1,9,202009,120,70,2,22.6,Bajo,Bajo
3975,TONCHALA,80382,1,Mecanizado Verde,CC01-1940,SI,BONUS 250 EC REGULADOR FISIOLÓGICO,0.8,10.0,15.0,4,7.7,2.9,12.5,7,201707,159,0,3,5.9,Alto,Medio
3976,TONCHALA,80382,1,Mecanizado Verde,CC01-1940,SI,BONUS 250 EC REGULADOR FISIOLÓGICO,0.8,8.6,12.7,5,6.8,3.3,13.0,7,201807,144,112,3,3.8,Medio,Medio
3995,VENECIA  INESA,81362,20,Mecanizado Verde,CC01-1940,SI,BONUS 250 EC REGULADOR FISIOLÓGICO,0.8,7.7,13.8,1,8.5,2.2,13.7,10,202010,159,3,3,10.8,Alto,Alto
4032,VENECIA  INESA,81362,240,Mecanizado Verde,CC01-1940,SI,BONUS 250 EC REGULADOR FISIOLÓGICO,0.8,8.4,12.5,3,11.2,19.3,12.6,1,202101,153,0,3,4.4,Medio,Medio
4046,VENECIA  INESA,81362,442,Mecanizado Verde,CC01-1940,SI,BONUS 250 EC REGULADOR FISIOLÓGICO,0.7,8.6,12.7,6,8.1,1.6,12.3,5,201905,118,0,3,2.8,Bajo,Bajo
4047,VENECIA  INESA,81362,442,Mecanizado Verde,CC01-1940,SI,BONUS 250 EC REGULADOR FISIOLÓGICO,0.8,7.6,12.1,7,10.4,2.1,13.5,5,202005,115,52,3,5.7,Bajo,Alto
4071,VENECIA  INESA,81362,760,Mecanizado Verde,CC01-1940,SI,BONUS 250 EC REGULADOR FISIOLÓGICO,0.7,8.4,13.4,1,10.0,2.2,12.6,5,201905,181,0,3,2.8,Alto,Medio
4072,VENECIA  INESA,81362,760,Mecanizado Verde,CC01-1940,SI,BONUS 250 EC REGULADOR FISIOLÓGICO,0.8,6.3,11.9,2,9.4,1.9,12.2,5,202005,155,42,3,5.8,Alto,Bajo
4075,VENECIA  INESA,81362,771,Mecanizado Verde,CC01-1940,SI,BONUS 250 EC REGULADOR FISIOLÓGICO,0.8,10.4,13.6,1,11.0,2.4,11.5,6,201706,188,0,3,7.1,Alto,Bajo
4076,VENECIA  INESA,81362,771,Mecanizado Verde,CC01-1940,SI,BONUS 250 EC REGULADOR FISIOLÓGICO,0.8,6.0,12.7,2,9.2,2.3,13.1,7,201807,165,0,3,6.4,Alto,Medio
4077,VENECIA  INESA,81362,771,Mecanizado Verde,CC01-1940,SI,BONUS 250 EC REGULADOR FISIOLÓGICO,0.8,9.1,12.5,3,9.6,2.2,12.5,7,201907,148,0,3,2.8,Medio,Medio
4078,VENECIA  INESA,81362,772,Mecanizado Verde,CC01-1940,SI,BONUS 250 EC REGULADOR FISIOLÓGICO,0.8,10.3,13.7,1,10.3,2.7,12.5,2,201902,72,0,3,2.8,Bajo,Medio
4092,VERACRUZ,80188,4,Mecanizado Verde,CC01-1940,SI,BONUS 250 EC REGULADOR FISIOLÓGICO,1.4,19.1,15.4,1,8.7,3.8,12.9,12,201812,152,688,2,5.0,Medio,Medio
4093,VERACRUZ,80188,4,Mecanizado Verde,CC01-1940,SI,BONUS 250 EC REGULADOR FISIOLÓGICO,1.4,14.6,14.1,2,7.8,4.1,12.6,2,202002,132,287,2,1.8,Bajo,Medio
4100,VERACRUZ,80188,6,Mecanizado Verde,CC01-1940,SI,BONUS 250 EC REGULADOR FISIOLÓGICO,1.4,15.0,14.2,2,8.5,3.3,13.1,3,202003,134,291,2,3.3,Medio,Medio
4107,VILLA CLARA,82511,1,Mecanizado Verde,CC01-1940,SI,BONUS 250 EC REGULADOR FISIOLÓGICO,0.8,8.6,13.3,1,8.0,2.1,13.5,10,201810,176,157,2,6.0,Alto,Alto
4108,VILLA CLARA,82511,1,Mecanizado Verde,CC01-1940,SI,BONUS 250 EC REGULADOR FISIOLÓGICO,1.2,7.7,11.9,2,7.9,2.2,12.9,10,201910,161,215,2,2.1,Alto,Medio
4109,VILLA CLARA,82511,1,Mecanizado Verde,CC01-1940,SI,BONUS 250 EC REGULADOR FISIOLÓGICO,1.0,11.0,12.8,3,8.7,1.9,13.9,11,202011,167,127,2,4.4,Alto,Alto
4110,VILLA CLARA,82511,2,Mecanizado Verde,CC01-1940,SI,BONUS 250 EC REGULADOR FISIOLÓGICO,1.2,10.7,13.5,1,9.5,2.0,13.1,5,201905,184,353,2,2.7,Alto,Medio
4111,VILLA CLARA,82511,2,Mecanizado Verde,CC01-1940,SI,BONUS 250 EC REGULADOR FISIOLÓGICO,0.8,2.6,11.8,2,9.4,2.1,11.8,5,202005,160,159,2,2.8,Alto,Bajo
4113,VILLA DEL LAGO,81053,3,Mecanizado Verde,CC01-1940,SI,BONUS 250 EC REGULADOR FISIOLÓGICO,0.5,11.4,14.2,1,9.5,22.4,11.1,1,202001,123,0,3,10.0,Bajo,Bajo
4114,VILLA DEL LAGO,81053,4,Mecanizado Verde,CC01-1940,SI,BONUS 250 EC REGULADOR FISIOLÓGICO,1.0,10.7,14.1,1,10.6,15.8,10.9,1,202001,131,0,3,10.0,Bajo,Bajo
4115,VILLA INES,80285,001A,Mecanizado Verde,CC01-1940,SI,BONUS 250 EC REGULADOR FISIOLÓGICO,1.2,5.3,12.4,1,10.2,3.0,12.9,4,201904,178,114,2,3.4,Alto,Medio
4116,VILLA INES,80285,001A,Mecanizado Verde,CC01-1940,SI,BONUS 250 EC REGULADOR FISIOLÓGICO,1.2,6.0,11.7,2,9.5,2.0,13.5,3,202003,159,38,2,4.5,Alto,Alto
4119,VILLA INES,80285,2,Mecanizado Verde,CC01-1940,SI,BONUS 250 EC REGULADOR FISIOLÓGICO,1.8,9.1,12.8,2,8.5,2.5,11.8,6,201706,176,235,2,16.1,Alto,Bajo
4120,VILLA INES,80285,2,Mecanizado Verde,CC01-1940,SI,BONUS 250 EC REGULADOR FISIOLÓGICO,1.3,8.1,12.0,3,7.1,4.9,12.3,6,201806,152,126,2,4.8,Medio,Bajo
4121,VILLA INES,80285,2,Mecanizado Verde,CC01-1940,SI,BONUS 250 EC REGULADOR FISIOLÓGICO,1.2,4.0,11.1,4,10.4,2.1,11.4,6,201906,176,42,2,2.8,Alto,Bajo
4122,VILLA INES,80285,2,Mecanizado Verde,CC01-1940,SI,BONUS 250 EC REGULADOR FISIOLÓGICO,0.8,6.1,11.6,5,9.5,2.1,12.7,5,202005,154,46,2,6.6,Alto,Medio
4123,VILLA INES,80285,3,Mecanizado Verde,CC01-1940,SI,BONUS 250 EC REGULADOR FISIOLÓGICO,1.2,11.9,14.0,1,7.2,2.3,11.8,6,201706,135,374,2,11.9,Medio,Bajo
4124,VILLA INES,80285,3,Mecanizado Verde,CC01-1940,SI,BONUS 250 EC REGULADOR FISIOLÓGICO,1.3,8.1,12.0,2,7.9,2.0,13.2,7,201807,124,126,2,5.7,Bajo,Alto
4125,VILLA INES,80285,3,Mecanizado Verde,CC01-1940,SI,BONUS 250 EC REGULADOR FISIOLÓGICO,1.2,10.4,13.6,1,6.6,2.0,13.9,8,201908,165,109,2,2.4,Alto,Alto
4126,VILLA INES,80285,3,Mecanizado Verde,CC01-1940,SI,BONUS 250 EC REGULADOR FISIOLÓGICO,0.8,11.1,12.5,2,8.0,1.6,13.6,9,202009,135,47,2,2.9,Medio,Alto
4127,VILLA INES,80285,003A,Mecanizado Verde,CC01-1940,SI,BONUS 250 EC REGULADOR FISIOLÓGICO,0.8,14.0,15.2,1,7.6,4.6,14.4,9,201709,169,239,2,6.4,Alto,Alto
4128,VILLA INES,80285,003A,Mecanizado Verde,CC01-1940,SI,BONUS 250 EC REGULADOR FISIOLÓGICO,1.3,10.0,12.3,2,8.2,2.6,14.0,10,201810,145,81,2,4.6,Medio,Alto
4129,VILLA INES,80285,003A,Mecanizado Verde,CC01-1940,SI,BONUS 250 EC REGULADOR FISIOLÓGICO,1.0,6.0,11.4,3,7.6,2.4,13.6,9,201909,145,38,2,4.5,Medio,Alto
4130,VILLA INES,80285,003A,Mecanizado Verde,CC01-1940,SI,BONUS 250 EC REGULADOR FISIOLÓGICO,0.8,8.9,12.1,4,6.5,1.8,14.0,9,202009,137,30,2,5.8,Medio,Alto
4131,VILLA INES,80285,4,Mecanizado Verde,CC01-1940,SI,BONUS 250 EC REGULADOR FISIOLÓGICO,1.2,11.1,14.0,1,7.4,2.5,12.0,6,201706,167,369,2,16.1,Alto,Bajo
4132,VILLA INES,80285,4,Mecanizado Verde,CC01-1940,SI,BONUS 250 EC REGULADOR FISIOLÓGICO,1.3,8.3,12.2,2,7.4,2.3,12.5,7,201807,131,130,2,4.5,Bajo,Medio
4133,VILLA INES,80285,4,Mecanizado Verde,CC01-1940,SI,BONUS 250 EC REGULADOR FISIOLÓGICO,1.2,3.4,11.0,3,10.8,2.2,11.7,6,201906,129,32,2,2.8,Bajo,Bajo
4134,VILLA INES,80285,4,Mecanizado Verde,CC01-1940,SI,BONUS 250 EC REGULADOR FISIOLÓGICO,0.8,6.3,11.8,4,8.5,2.1,12.7,5,202005,131,47,2,6.6,Bajo,Medio
4135,VILLA INES,80285,004A,Mecanizado Verde,CC01-1940,SI,BONUS 250 EC REGULADOR FISIOLÓGICO,0.8,5.3,12.5,1,9.1,2.8,13.7,6,202006,144,68,2,6.6,Medio,Alto
4136,VILLA INES,80285,005C,Mecanizado Verde,CC01-1940,SI,BONUS 250 EC REGULADOR FISIOLÓGICO,1.3,8.3,11.8,2,8.5,4.3,12.7,7,201807,139,108,2,5.7,Medio,Medio
4137,VILLA INES,80285,005C,Mecanizado Verde,CC01-1940,SI,BONUS 250 EC REGULADOR FISIOLÓGICO,0.8,11.0,12.5,4,8.2,1.3,12.4,9,202009,162,30,2,5.8,Alto,Bajo
4138,VILLA INES,80285,006A,Mecanizado Verde,CC01-1940,SI,BONUS 250 EC REGULADOR FISIOLÓGICO,1.4,8.3,13.1,1,8.7,3.0,11.7,3,201803,151,123,2,6.6,Medio,Bajo
4139,VILLA INES,80285,006A,Mecanizado Verde,CC01-1940,SI,BONUS 250 EC REGULADOR FISIOLÓGICO,1.0,6.7,11.6,2,10.3,2.7,13.5,3,201903,154,44,2,3.4,Alto,Alto
4140,VILLA INES,80285,006A,Mecanizado Verde,CC01-1940,SI,BONUS 250 EC REGULADOR FISIOLÓGICO,1.2,9.1,12.4,3,8.1,1.9,13.3,3,202003,166,28,2,4.5,Alto,Alto
4142,VILLA INES,80285,7,Mecanizado Verde,CC01-1940,SI,BONUS 250 EC REGULADOR FISIOLÓGICO,0.8,6.0,12.6,1,9.0,2.4,12.0,6,202006,157,68,2,9.8,Alto,Bajo
4147,VILLA INES,80285,007A,Mecanizado Verde,CC01-1940,SI,BONUS 250 EC REGULADOR FISIOLÓGICO,1.3,2.7,12.7,2,10.2,2.3,12.0,1,201801,151,144,2,12.7,Medio,Bajo
4148,VILLA INES,80285,007A,Mecanizado Verde,CC01-1940,SI,BONUS 250 EC REGULADOR FISIOLÓGICO,1.2,7.7,11.3,3,10.3,1.8,13.7,1,201901,141,9,2,6.5,Medio,Alto
4149,VILLA INES,80285,007A,Mecanizado Verde,CC01-1940,SI,BONUS 250 EC REGULADOR FISIOLÓGICO,1.2,6.4,11.9,4,10.8,2.3,12.6,1,202001,144,11,2,3.2,Medio,Medio
4152,VILLA INES,80285,007F,Mecanizado Verde,CC01-1940,SI,BONUS 250 EC REGULADOR FISIOLÓGICO,0.8,9.9,12.3,7,11.0,2.2,15.4,11,202011,110,54,2,3.8,Bajo,Alto
4153,VILLA INES,80285,009B,Mecanizado Verde,CC01-1940,SI,BONUS 250 EC REGULADOR FISIOLÓGICO,0.8,9.7,12.2,7,9.3,2.2,12.2,11,202011,159,54,2,3.4,Alto,Bajo
4154,VILLA INES,80285,10,Mecanizado Verde,CC01-1940,SI,BONUS 250 EC REGULADOR FISIOLÓGICO,1.5,9.4,13.9,2,6.9,2.0,12.4,3,201803,182,168,2,6.6,Alto,Bajo
4155,VILLA INES,80285,10,Mecanizado Verde,CC01-1940,SI,BONUS 250 EC REGULADOR FISIOLÓGICO,1.0,6.7,11.8,3,9.9,2.3,13.8,3,201903,159,52,2,2.2,Alto,Alto
4156,VILLA INES,80285,10,Mecanizado Verde,CC01-1940,SI,BONUS 250 EC REGULADOR FISIOLÓGICO,1.2,8.9,12.4,4,8.9,1.5,13.5,3,202003,154,38,2,4.5,Alto,Alto
4163,VILLA INES,80285,12,Mecanizado Verde,CC01-1940,SI,BONUS 250 EC REGULADOR FISIOLÓGICO,1.2,4.4,12.1,2,10.9,11.0,11.8,1,201701,177,125,2,7.3,Alto,Bajo
4164,VILLA INES,80285,12,Mecanizado Verde,CC01-1940,SI,BONUS 250 EC REGULADOR FISIOLÓGICO,1.5,9.9,14.1,3,8.7,2.7,13.1,3,201803,159,171,2,5.7,Alto,Medio
4165,VILLA INES,80285,12,Mecanizado Verde,CC01-1940,SI,BONUS 250 EC REGULADOR FISIOLÓGICO,1.2,8.4,12.2,5,8.4,1.7,14.1,3,202003,140,38,2,4.5,Medio,Alto
4166,YUNDE,80545,001C,Mecanizado Verde,CC01-1940,SI,BONUS 250 EC REGULADOR FISIOLÓGICO,0.8,7.3,13.5,1,11.6,4.1,12.7,8,201808,163,226,3,4.4,Alto,Medio
4185,ZABALETAS 2 ARANGO,80309,3,Mecanizado Verde,CC01-1940,SI,BONUS 250 EC REGULADOR FISIOLÓGICO,1.0,9.7,12.7,1,7.4,3.0,12.9,9,201809,162,0,3,13.1,Alto,Medio
4186,ZABALETAS 2 ARANGO,80309,3,Mecanizado Verde,CC01-1940,SI,BONUS 250 EC REGULADOR FISIOLÓGICO,0.8,11.3,11.9,3,7.7,3.1,12.1,9,202009,154,0,3,2.5,Alto,Bajo
4187,ZABALETAS 2 ARANGO,80309,4,Mecanizado Verde,CC01-1940,SI,BONUS 250 EC REGULADOR FISIOLÓGICO,1.0,9.9,12.5,1,8.0,2.8,12.5,9,201809,175,0,3,13.1,Alto,Medio
4188,ZABALETAS 2 ARANGO,80309,4,Mecanizado Verde,CC01-1940,SI,BONUS 250 EC REGULADOR FISIOLÓGICO,0.8,11.6,12.0,3,8.9,4.0,12.3,9,202009,159,0,3,2.5,Alto,Bajo
4189,ZABALETAS 2 ARANGO,80309,6,Mecanizado Verde,CC01-1940,SI,BONUS 250 EC REGULADOR FISIOLÓGICO,0.8,11.4,12.0,3,7.3,10.1,11.9,9,202009,158,0,3,2.5,Alto,Bajo
4193,ZABALETAS CABA6ITA,80514,3,Mecanizado Verde,CC01-1940,SI,BONUS 250 EC REGULADOR FISIOLÓGICO,0.3,5.0,14.7,1,9.5,2.3,12.6,8,202008,167,424,3,4.2,Alto,Medio
4195,ZABALETAS CABA6ITA,80514,4,Mecanizado Verde,CC01-1940,SI,BONUS 250 EC REGULADOR FISIOLÓGICO,1.0,9.9,12.9,1,9.9,2.1,13.1,8,201808,167,0,3,6.3,Alto,Medio
4196,ZABALETAS CABA6ITA,80514,4,Mecanizado Verde,CC01-1940,SI,BONUS 250 EC REGULADOR FISIOLÓGICO,0.3,5.0,12.3,3,8.5,13.2,11.1,7,202007,159,160,3,4.7,Alto,Bajo
4200,ZABALETAS CABA6ITA,80514,8,Mecanizado Verde,CC01-1940,SI,BONUS 250 EC REGULADOR FISIOLÓGICO,1.0,9.9,12.9,1,9.9,2.0,13.1,8,201808,155,0,3,6.3,Alto,Medio
4201,ZABALETAS CABA6ITA,80514,8,Mecanizado Verde,CC01-1940,SI,BONUS 250 EC REGULADOR FISIOLÓGICO,0.3,4.9,12.3,3,9.8,5.8,12.0,7,202007,168,180,3,4.9,Alto,Bajo
4203,ZABALETAS CORPORACION,80123,540,Mecanizado Verde,CC01-1940,SI,BONUS 250 EC REGULADOR FISIOLÓGICO,1.2,12.4,13.9,1,8.3,2.0,12.7,6,201906,97,459,1,2.9,Bajo,Medio
4204,ZABALETAS CORPORACION,80123,540,Mecanizado Verde,CC01-1940,SI,BONUS 250 EC REGULADOR FISIOLÓGICO,0.8,5.6,11.3,2,8.5,1.2,13.5,6,202006,105,24,1,7.3,Bajo,Alto
4207,ZABALETAS CORPORACION,80123,541,Mecanizado Verde,CC01-1940,SI,BONUS 250 EC REGULADOR FISIOLÓGICO,1.3,15.6,16.3,1,7.4,1.4,12.0,1,201801,148,611,1,5.1,Medio,Bajo
4208,ZABALETAS CORPORACION,80123,541,Mecanizado Verde,CC01-1940,SI,BONUS 250 EC REGULADOR FISIOLÓGICO,1.2,10.3,12.0,2,8.4,2.1,13.3,2,201902,65,38,1,5.6,Bajo,Alto
4209,ZABALETAS CORPORACION,80123,541,Mecanizado Verde,CC01-1940,SI,BONUS 250 EC REGULADOR FISIOLÓGICO,1.2,14.1,13.5,3,10.1,1.5,13.1,3,202003,94,381,1,1.8,Bajo,Medio
4211,ZABALETAS CORPORACION,80123,542C,Mecanizado Verde,CC01-1940,SI,BONUS 250 EC REGULADOR FISIOLÓGICO,1.4,10.4,14.1,2,13.3,24.5,13.6,3,201803,133,349,1,6.2,Bajo,Alto
4212,ZABALETAS CORPORACION,80123,543,Mecanizado Verde,CC01-1940,SI,BONUS 250 EC REGULADOR FISIOLÓGICO,1.0,7.9,12.7,1,8.2,2.3,13.7,10,201910,116,171,1,2.2,Bajo,Alto
4213,ZABALETAS CORPORACION,80123,543,Mecanizado Verde,CC01-1940,SI,BONUS 250 EC REGULADOR FISIOLÓGICO,1.2,11.9,13.3,2,10.8,2.2,13.6,11,202011,97,169,1,4.5,Bajo,Alto
4215,ZABALETAS CORPORACION,80123,544B,Mecanizado Verde,CC01-1940,SI,BONUS 250 EC REGULADOR FISIOLÓGICO,1.4,10.1,14.0,2,8.0,1.8,13.1,3,201803,128,301,1,3.0,Bajo,Medio
4216,ZABALETAS CORPORACION,80123,544B,Mecanizado Verde,CC01-1940,SI,BONUS 250 EC REGULADOR FISIOLÓGICO,1.3,5.6,11.5,3,8.5,1.8,13.5,3,201903,63,99,1,4.3,Bajo,Alto
4217,ZABALETAS CORPORACION,80123,545A,Mecanizado Verde,CC01-1940,SI,BONUS 250 EC REGULADOR FISIOLÓGICO,1.2,9.1,13.3,1,9.7,3.6,13.0,12,201912,126,448,1,3.1,Bajo,Medio
4218,ZABALETAS EMPRESA,82503,6,Mecanizado Verde,CC01-1940,SI,BONUS 250 EC REGULADOR FISIOLÓGICO,1.2,7.1,12.6,1,8.8,2.0,12.9,4,201904,173,122,1,2.2,Alto,Medio
4219,ZABALETAS EMPRESA,82503,6,Mecanizado Verde,CC01-1940,SI,BONUS 250 EC REGULADOR FISIOLÓGICO,1.0,6.9,12.0,2,8.4,2.2,13.5,4,202004,134,73,1,3.1,Medio,Alto
4222,ZABALETAS EMPRESA,82503,9,Mecanizado Verde,CC01-1940,SI,BONUS 250 EC REGULADOR FISIOLÓGICO,1.0,7.0,11.7,2,8.8,2.3,12.7,4,202004,157,127,1,3.1,Alto,Medio
